0.00000000000, 90.00000000000, 0.00000000000, 0.00000000000, 90.00000000000, 0.00000000000, 0, 0
0.00000000000, 90.00000000000, 0.00000000000, 0.00000000000, 90.00000000000, 0.00000000000, 0, 0
0.00000473600, 89.99999052800, -0.00000473600, 0.00001420800, 89.99998579200, 0.00000947200, 0, 0
0.00001894400, 89.99996211200, -0.00001894400, 0.00005683200, 89.99994316800, 0.00003788800, 0, 0
0.00004736000, 89.99990528000, -0.00004736000, 0.00014208000, 89.99985792000, 0.00009472000, 0, 0
0.00009472000, 89.99981056000, -0.00009472000, 0.00028416000, 89.99971584000, 0.00018944000, 0, 0
0.00016576000, 89.99966848000, -0.00016576000, 0.00049728000, 89.99950272000, 0.00033152000, 0, 0
0.00026521600, 89.99946956800, -0.00026521600, 0.00079564800, 89.99920435200, 0.00053043200, 0, 0
0.00039782400, 89.99920435200, -0.00039782400, 0.00119347200, 89.99880652800, 0.00079564800, 0, 0
0.00056832000, 89.99886336000, -0.00056832000, 0.00170496000, 89.99829504000, 0.00113664000, 0, 0
0.00078144000, 89.99843712000, -0.00078144000, 0.00234432000, 89.99765568000, 0.00156288000, 0, 0
0.00104192000, 89.99791616000, -0.00104192000, 0.00312576000, 89.99687424000, 0.00208384000, 0, 0
0.00135449600, 89.99729100800, -0.00135449600, 0.00406348800, 89.99593651200, 0.00270899200, 0, 0
0.00172390400, 89.99655219200, -0.00172390400, 0.00517171200, 89.99482828800, 0.00344780800, 0, 0
0.00215488000, 89.99569024000, -0.00215488000, 0.00646464000, 89.99353536000, 0.00430976000, 0, 0
0.00265216000, 89.99469568000, -0.00265216000, 0.00795648000, 89.99204352000, 0.00530432000, 0, 0
0.00322048000, 89.99355904000, -0.00322048000, 0.00966144000, 89.99033856000, 0.00644096000, 0, 0
0.00386457600, 89.99227084800, -0.00386457600, 0.01159372800, 89.98840627200, 0.00772915200, 0, 0
0.00458918400, 89.99082163200, -0.00458918400, 0.01376755200, 89.98623244800, 0.00917836800, 0, 0
0.00539904000, 89.98920192000, -0.00539904000, 0.01619712000, 89.98380288000, 0.01079808000, 0, 0
0.00629888000, 89.98740224000, -0.00629888000, 0.01889664000, 89.98110336000, 0.01259776000, 0, 0
0.00729344000, 89.98541312000, -0.00729344000, 0.02188032000, 89.97811968000, 0.01458688000, 0, 0
0.00838745600, 89.98322508800, -0.00838745600, 0.02516236800, 89.97483763200, 0.01677491200, 0, 0
0.00958566400, 89.98082867200, -0.00958566400, 0.02875699200, 89.97124300800, 0.01917132800, 0, 0
0.01089280000, 89.97821440000, -0.01089280000, 0.03267840000, 89.96732160000, 0.02178560000, 0, 0
0.01231360000, 89.97537280000, -0.01231360000, 0.03694080000, 89.96305920000, 0.02462720000, 0, 0
0.01385280000, 89.97229440000, -0.01385280000, 0.04155840000, 89.95844160000, 0.02770560000, 0, 0
0.01550566400, 89.96898867200, -0.01550566400, 0.04651699200, 89.95348300800, 0.03101132800, 0, 0
0.01726745600, 89.96546508800, -0.01726745600, 0.05180236800, 89.94819763200, 0.03453491200, 0, 0
0.01913344000, 89.96173312000, -0.01913344000, 0.05740032000, 89.94259968000, 0.03826688000, 0, 0
0.02109888000, 89.95780224000, -0.02109888000, 0.06329664000, 89.93670336000, 0.04219776000, 0, 0
0.02315904000, 89.95368192000, -0.02315904000, 0.06947712000, 89.93052288000, 0.04631808000, 0, 0
0.02530918400, 89.94938163200, -0.02530918400, 0.07592755200, 89.92407244800, 0.05061836800, 0, 0
0.02754457600, 89.94491084800, -0.02754457600, 0.08263372800, 89.91736627200, 0.05508915200, 0, 0
0.02986048000, 89.94027904000, -0.02986048000, 0.08958144000, 89.91041856000, 0.05972096000, 0, 0
0.03225216000, 89.93549568000, -0.03225216000, 0.09675648000, 89.90324352000, 0.06450432000, 0, 0
0.03471488000, 89.93057024000, -0.03471488000, 0.10414464000, 89.89585536000, 0.06942976000, 0, 0
0.03724390400, 89.92551219200, -0.03724390400, 0.11173171200, 89.88826828800, 0.07448780800, 0, 0
0.03983449600, 89.92033100800, -0.03983449600, 0.11950348800, 89.88049651200, 0.07966899200, 0, 0
0.04248192000, 89.91503616000, -0.04248192000, 0.12744576000, 89.87255424000, 0.08496384000, 0, 0
0.04518144000, 89.90963712000, -0.04518144000, 0.13554432000, 89.86445568000, 0.09036288000, 0, 0
0.04792832000, 89.90414336000, -0.04792832000, 0.14378496000, 89.85621504000, 0.09585664000, 0, 0
0.05071782400, 89.89856435200, -0.05071782400, 0.15215347200, 89.84784652800, 0.10143564800, 0, 0
0.05354521600, 89.89290956800, -0.05354521600, 0.16063564800, 89.83936435200, 0.10709043200, 0, 0
0.05640576000, 89.88718848000, -0.05640576000, 0.16921728000, 89.83078272000, 0.11281152000, 0, 0
0.05929472000, 89.88141056000, -0.05929472000, 0.17788416000, 89.82211584000, 0.11858944000, 0, 0
0.06220736000, 89.87558528000, -0.06220736000, 0.18662208000, 89.81337792000, 0.12441472000, 0, 0
0.06513894400, 89.86972211200, -0.06513894400, 0.19541683200, 89.80458316800, 0.13027788800, 0, 0
0.06808473600, 89.86383052800, -0.06808473600, 0.20425420800, 89.79574579200, 0.13616947200, 0, 0
0.07104000000, 89.85792000000, -0.07104000000, 0.21312000000, 89.78688000000, 0.14208000000, 0, 0
0.07400000000, 89.85200000000, -0.07400000000, 0.22200000000, 89.77800000000, 0.14800000000, 0, 0
0.07696000000, 89.84608000000, -0.07696000000, 0.23088000000, 89.76912000000, 0.15392000000, 0, 0
0.07992000000, 89.84016000000, -0.07992000000, 0.23976000000, 89.76024000000, 0.15984000000, 0, 0
0.08288000000, 89.83424000000, -0.08288000000, 0.24864000000, 89.75136000000, 0.16576000000, 0, 0
0.08584000000, 89.82832000000, -0.08584000000, 0.25752000000, 89.74248000000, 0.17168000000, 0, 0
0.08880000000, 89.82240000000, -0.08880000000, 0.26640000000, 89.73360000000, 0.17760000000, 0, 0
0.09176000000, 89.81648000000, -0.09176000000, 0.27528000000, 89.72472000000, 0.18352000000, 0, 0
0.09472000000, 89.81056000000, -0.09472000000, 0.28416000000, 89.71584000000, 0.18944000000, 0, 0
0.09768000000, 89.80464000000, -0.09768000000, 0.29304000000, 89.70696000000, 0.19536000000, 0, 0
0.10064000000, 89.79872000000, -0.10064000000, 0.30192000000, 89.69808000000, 0.20128000000, 0, 0
0.10360000000, 89.79280000000, -0.10360000000, 0.31080000000, 89.68920000000, 0.20720000000, 0, 0
0.10656000000, 89.78688000000, -0.10656000000, 0.31968000000, 89.68032000000, 0.21312000000, 0, 0
0.10952000000, 89.78096000000, -0.10952000000, 0.32856000000, 89.67144000000, 0.21904000000, 0, 0
0.11248000000, 89.77504000000, -0.11248000000, 0.33744000000, 89.66256000000, 0.22496000000, 0, 0
0.11544000000, 89.76912000000, -0.11544000000, 0.34632000000, 89.65368000000, 0.23088000000, 0, 0
0.11840000000, 89.76320000000, -0.11840000000, 0.35520000000, 89.64480000000, 0.23680000000, 0, 0
0.12136000000, 89.75728000000, -0.12136000000, 0.36408000000, 89.63592000000, 0.24272000000, 0, 0
0.12432000000, 89.75136000000, -0.12432000000, 0.37296000000, 89.62704000000, 0.24864000000, 0, 0
0.12728000000, 89.74544000000, -0.12728000000, 0.38184000000, 89.61816000000, 0.25456000000, 0, 0
0.13024000000, 89.73952000000, -0.13024000000, 0.39072000000, 89.60928000000, 0.26048000000, 0, 0
0.13320000000, 89.73360000000, -0.13320000000, 0.39960000000, 89.60040000000, 0.26640000000, 0, 0
0.13616000000, 89.72768000000, -0.13616000000, 0.40848000000, 89.59152000000, 0.27232000000, 0, 0
0.13912000000, 89.72176000000, -0.13912000000, 0.41736000000, 89.58264000000, 0.27824000000, 0, 0
0.14208000000, 89.71584000000, -0.14208000000, 0.42624000000, 89.57376000000, 0.28416000000, 0, 0
0.14504000000, 89.70992000000, -0.14504000000, 0.43512000000, 89.56488000000, 0.29008000000, 0, 0
0.14800000000, 89.70400000000, -0.14800000000, 0.44400000000, 89.55600000000, 0.29600000000, 0, 0
0.15096000000, 89.69808000000, -0.15096000000, 0.45288000000, 89.54712000000, 0.30192000000, 0, 0
0.15392000000, 89.69216000000, -0.15392000000, 0.46176000000, 89.53824000000, 0.30784000000, 0, 0
0.15688000000, 89.68624000000, -0.15688000000, 0.47064000000, 89.52936000000, 0.31376000000, 0, 0
0.15984000000, 89.68032000000, -0.15984000000, 0.47952000000, 89.52048000000, 0.31968000000, 0, 0
0.16280000000, 89.67440000000, -0.16280000000, 0.48840000000, 89.51160000000, 0.32560000000, 0, 0
0.16576000000, 89.66848000000, -0.16576000000, 0.49728000000, 89.50272000000, 0.33152000000, 0, 0
0.16872000000, 89.66256000000, -0.16872000000, 0.50616000000, 89.49384000000, 0.33744000000, 0, 0
0.17168000000, 89.65664000000, -0.17168000000, 0.51504000000, 89.48496000000, 0.34336000000, 0, 0
0.17464000000, 89.65072000000, -0.17464000000, 0.52392000000, 89.47608000000, 0.34928000000, 0, 0
0.17760000000, 89.64480000000, -0.17760000000, 0.53280000000, 89.46720000000, 0.35520000000, 0, 0
0.18056000000, 89.63888000000, -0.18056000000, 0.54168000000, 89.45832000000, 0.36112000000, 0, 0
0.18352000000, 89.63296000000, -0.18352000000, 0.55056000000, 89.44944000000, 0.36704000000, 0, 0
0.18648000000, 89.62704000000, -0.18648000000, 0.55944000000, 89.44056000000, 0.37296000000, 0, 0
0.18944000000, 89.62112000000, -0.18944000000, 0.56832000000, 89.43168000000, 0.37888000000, 0, 0
0.19240000000, 89.61520000000, -0.19240000000, 0.57720000000, 89.42280000000, 0.38480000000, 0, 0
0.19536000000, 89.60928000000, -0.19536000000, 0.58608000000, 89.41392000000, 0.39072000000, 0, 0
0.19832000000, 89.60336000000, -0.19832000000, 0.59496000000, 89.40504000000, 0.39664000000, 0, 0
0.20128000000, 89.59744000000, -0.20128000000, 0.60384000000, 89.39616000000, 0.40256000000, 0, 0
0.20424000000, 89.59152000000, -0.20424000000, 0.61272000000, 89.38728000000, 0.40848000000, 0, 0
0.20720000000, 89.58560000000, -0.20720000000, 0.62160000000, 89.37840000000, 0.41440000000, 0, 0
0.21016000000, 89.57968000000, -0.21016000000, 0.63048000000, 89.36952000000, 0.42032000000, 0, 0
0.21312000000, 89.57376000000, -0.21312000000, 0.63936000000, 89.36064000000, 0.42624000000, 0, 0
0.21608000000, 89.56784000000, -0.21608000000, 0.64824000000, 89.35176000000, 0.43216000000, 0, 0
0.21904000000, 89.56192000000, -0.21904000000, 0.65712000000, 89.34288000000, 0.43808000000, 0, 0
0.22200000000, 89.55600000000, -0.22200000000, 0.66600000000, 89.33400000000, 0.44400000000, 0, 0
0.22496000000, 89.55008000000, -0.22496000000, 0.67488000000, 89.32512000000, 0.44992000000, 0, 0
0.22792000000, 89.54416000000, -0.22792000000, 0.68376000000, 89.31624000000, 0.45584000000, 0, 0
0.23088000000, 89.53824000000, -0.23088000000, 0.69264000000, 89.30736000000, 0.46176000000, 0, 0
0.23384000000, 89.53232000000, -0.23384000000, 0.70152000000, 89.29848000000, 0.46768000000, 0, 0
0.23680000000, 89.52640000000, -0.23680000000, 0.71040000000, 89.28960000000, 0.47360000000, 0, 0
0.23976000000, 89.52048000000, -0.23976000000, 0.71928000000, 89.28072000000, 0.47952000000, 0, 0
0.24272000000, 89.51456000000, -0.24272000000, 0.72816000000, 89.27184000000, 0.48544000000, 0, 0
0.24568000000, 89.50864000000, -0.24568000000, 0.73704000000, 89.26296000000, 0.49136000000, 0, 0
0.24864000000, 89.50272000000, -0.24864000000, 0.74592000000, 89.25408000000, 0.49728000000, 0, 0
0.25160000000, 89.49680000000, -0.25160000000, 0.75480000000, 89.24520000000, 0.50320000000, 0, 0
0.25456000000, 89.49088000000, -0.25456000000, 0.76368000000, 89.23632000000, 0.50912000000, 0, 0
0.25752000000, 89.48496000000, -0.25752000000, 0.77256000000, 89.22744000000, 0.51504000000, 0, 0
0.26048000000, 89.47904000000, -0.26048000000, 0.78144000000, 89.21856000000, 0.52096000000, 0, 0
0.26344000000, 89.47312000000, -0.26344000000, 0.79032000000, 89.20968000000, 0.52688000000, 0, 0
0.26640000000, 89.46720000000, -0.26640000000, 0.79920000000, 89.20080000000, 0.53280000000, 0, 0
0.26936000000, 89.46128000000, -0.26936000000, 0.80808000000, 89.19192000000, 0.53872000000, 0, 0
0.27232000000, 89.45536000000, -0.27232000000, 0.81696000000, 89.18304000000, 0.54464000000, 0, 0
0.27528000000, 89.44944000000, -0.27528000000, 0.82584000000, 89.17416000000, 0.55056000000, 0, 0
0.27824000000, 89.44352000000, -0.27824000000, 0.83472000000, 89.16528000000, 0.55648000000, 0, 0
0.28120000000, 89.43760000000, -0.28120000000, 0.84360000000, 89.15640000000, 0.56240000000, 0, 0
0.28416000000, 89.43168000000, -0.28416000000, 0.85248000000, 89.14752000000, 0.56832000000, 0, 0
0.28712000000, 89.42576000000, -0.28712000000, 0.86136000000, 89.13864000000, 0.57424000000, 0, 0
0.29008000000, 89.41984000000, -0.29008000000, 0.87024000000, 89.12976000000, 0.58016000000, 0, 0
0.29304000000, 89.41392000000, -0.29304000000, 0.87912000000, 89.12088000000, 0.58608000000, 0, 0
0.29600000000, 89.40800000000, -0.29600000000, 0.88800000000, 89.11200000000, 0.59200000000, 0, 0
0.29896000000, 89.40208000000, -0.29896000000, 0.89688000000, 89.10312000000, 0.59792000000, 0, 0
0.30192000000, 89.39616000000, -0.30192000000, 0.90576000000, 89.09424000000, 0.60384000000, 0, 0
0.30488000000, 89.39024000000, -0.30488000000, 0.91464000000, 89.08536000000, 0.60976000000, 0, 0
0.30784000000, 89.38432000000, -0.30784000000, 0.92352000000, 89.07648000000, 0.61568000000, 0, 0
0.31080000000, 89.37840000000, -0.31080000000, 0.93240000000, 89.06760000000, 0.62160000000, 0, 0
0.31376000000, 89.37248000000, -0.31376000000, 0.94128000000, 89.05872000000, 0.62752000000, 0, 0
0.31672000000, 89.36656000000, -0.31672000000, 0.95016000000, 89.04984000000, 0.63344000000, 0, 0
0.31968000000, 89.36064000000, -0.31968000000, 0.95904000000, 89.04096000000, 0.63936000000, 0, 0
0.32264000000, 89.35472000000, -0.32264000000, 0.96792000000, 89.03208000000, 0.64528000000, 0, 0
0.32560000000, 89.34880000000, -0.32560000000, 0.97680000000, 89.02320000000, 0.65120000000, 0, 0
0.32856000000, 89.34288000000, -0.32856000000, 0.98568000000, 89.01432000000, 0.65712000000, 0, 0
0.33152000000, 89.33696000000, -0.33152000000, 0.99456000000, 89.00544000000, 0.66304000000, 0, 0
0.33448000000, 89.33104000000, -0.33448000000, 1.00344000000, 88.99656000000, 0.66896000000, 0, 0
0.33744000000, 89.32512000000, -0.33744000000, 1.01232000000, 88.98768000000, 0.67488000000, 0, 0
0.34040000000, 89.31920000000, -0.34040000000, 1.02120000000, 88.97880000000, 0.68080000000, 0, 0
0.34336000000, 89.31328000000, -0.34336000000, 1.03008000000, 88.96992000000, 0.68672000000, 0, 0
0.34632000000, 89.30736000000, -0.34632000000, 1.03896000000, 88.96104000000, 0.69264000000, 0, 0
0.34928000000, 89.30144000000, -0.34928000000, 1.04784000000, 88.95216000000, 0.69856000000, 0, 0
0.35224000000, 89.29552000000, -0.35224000000, 1.05672000000, 88.94328000000, 0.70448000000, 0, 0
0.35520000000, 89.28960000000, -0.35520000000, 1.06560000000, 88.93440000000, 0.71040000000, 0, 0
0.35816000000, 89.28368000000, -0.35816000000, 1.07448000000, 88.92552000000, 0.71632000000, 0, 0
0.36112000000, 89.27776000000, -0.36112000000, 1.08336000000, 88.91664000000, 0.72224000000, 0, 0
0.36408000000, 89.27184000000, -0.36408000000, 1.09224000000, 88.90776000000, 0.72816000000, 0, 0
0.36704000000, 89.26592000000, -0.36704000000, 1.10112000000, 88.89888000000, 0.73408000000, 0, 0
0.37000000000, 89.26000000000, -0.37000000000, 1.11000000000, 88.89000000000, 0.74000000000, 0, 0
0.37296000000, 89.25408000000, -0.37296000000, 1.11888000000, 88.88112000000, 0.74592000000, 0, 0
0.37592000000, 89.24816000000, -0.37592000000, 1.12776000000, 88.87224000000, 0.75184000000, 0, 0
0.37888000000, 89.24224000000, -0.37888000000, 1.13664000000, 88.86336000000, 0.75776000000, 0, 0
0.38184000000, 89.23632000000, -0.38184000000, 1.14552000000, 88.85448000000, 0.76368000000, 0, 0
0.38480000000, 89.23040000000, -0.38480000000, 1.15440000000, 88.84560000000, 0.76960000000, 0, 0
0.38776000000, 89.22448000000, -0.38776000000, 1.16328000000, 88.83672000000, 0.77552000000, 0, 0
0.39072000000, 89.21856000000, -0.39072000000, 1.17216000000, 88.82784000000, 0.78144000000, 0, 0
0.39368000000, 89.21264000000, -0.39368000000, 1.18104000000, 88.81896000000, 0.78736000000, 0, 0
0.39664000000, 89.20672000000, -0.39664000000, 1.18992000000, 88.81008000000, 0.79328000000, 0, 0
0.39960000000, 89.20080000000, -0.39960000000, 1.19880000000, 88.80120000000, 0.79920000000, 0, 0
0.40256000000, 89.19488000000, -0.40256000000, 1.20768000000, 88.79232000000, 0.80512000000, 0, 0
0.40552000000, 89.18896000000, -0.40552000000, 1.21656000000, 88.78344000000, 0.81104000000, 0, 0
0.40848000000, 89.18304000000, -0.40848000000, 1.22544000000, 88.77456000000, 0.81696000000, 0, 0
0.41144000000, 89.17712000000, -0.41144000000, 1.23432000000, 88.76568000000, 0.82288000000, 0, 0
0.41440000000, 89.17120000000, -0.41440000000, 1.24320000000, 88.75680000000, 0.82880000000, 0, 0
0.41736000000, 89.16528000000, -0.41736000000, 1.25208000000, 88.74792000000, 0.83472000000, 0, 0
0.42032000000, 89.15936000000, -0.42032000000, 1.26096000000, 88.73904000000, 0.84064000000, 0, 0
0.42328000000, 89.15344000000, -0.42328000000, 1.26984000000, 88.73016000000, 0.84656000000, 0, 0
0.42624000000, 89.14752000000, -0.42624000000, 1.27872000000, 88.72128000000, 0.85248000000, 0, 0
0.42920000000, 89.14160000000, -0.42920000000, 1.28760000000, 88.71240000000, 0.85840000000, 0, 0
0.43216000000, 89.13568000000, -0.43216000000, 1.29648000000, 88.70352000000, 0.86432000000, 0, 0
0.43512000000, 89.12976000000, -0.43512000000, 1.30536000000, 88.69464000000, 0.87024000000, 0, 0
0.43808000000, 89.12384000000, -0.43808000000, 1.31424000000, 88.68576000000, 0.87616000000, 0, 0
0.44104000000, 89.11792000000, -0.44104000000, 1.32312000000, 88.67688000000, 0.88208000000, 0, 0
0.44400000000, 89.11200000000, -0.44400000000, 1.33200000000, 88.66800000000, 0.88800000000, 0, 0
0.44696000000, 89.10608000000, -0.44696000000, 1.34088000000, 88.65912000000, 0.89392000000, 0, 0
0.44992000000, 89.10016000000, -0.44992000000, 1.34976000000, 88.65024000000, 0.89984000000, 0, 0
0.45288000000, 89.09424000000, -0.45288000000, 1.35864000000, 88.64136000000, 0.90576000000, 0, 0
0.45584000000, 89.08832000000, -0.45584000000, 1.36752000000, 88.63248000000, 0.91168000000, 0, 0
0.45880000000, 89.08240000000, -0.45880000000, 1.37640000000, 88.62360000000, 0.91760000000, 0, 0
0.46176000000, 89.07648000000, -0.46176000000, 1.38528000000, 88.61472000000, 0.92352000000, 0, 0
0.46472000000, 89.07056000000, -0.46472000000, 1.39416000000, 88.60584000000, 0.92944000000, 0, 0
0.46768000000, 89.06464000000, -0.46768000000, 1.40304000000, 88.59696000000, 0.93536000000, 0, 0
0.47064000000, 89.05872000000, -0.47064000000, 1.41192000000, 88.58808000000, 0.94128000000, 0, 0
0.47360000000, 89.05280000000, -0.47360000000, 1.42080000000, 88.57920000000, 0.94720000000, 0, 0
0.47656000000, 89.04688000000, -0.47656000000, 1.42968000000, 88.57032000000, 0.95312000000, 0, 0
0.47952000000, 89.04096000000, -0.47952000000, 1.43856000000, 88.56144000000, 0.95904000000, 0, 0
0.48248000000, 89.03504000000, -0.48248000000, 1.44744000000, 88.55256000000, 0.96496000000, 0, 0
0.48544000000, 89.02912000000, -0.48544000000, 1.45632000000, 88.54368000000, 0.97088000000, 0, 0
0.48840000000, 89.02320000000, -0.48840000000, 1.46520000000, 88.53480000000, 0.97680000000, 0, 0
0.49136000000, 89.01728000000, -0.49136000000, 1.47408000000, 88.52592000000, 0.98272000000, 0, 0
0.49432000000, 89.01136000000, -0.49432000000, 1.48296000000, 88.51704000000, 0.98864000000, 0, 0
0.49728000000, 89.00544000000, -0.49728000000, 1.49184000000, 88.50816000000, 0.99456000000, 0, 0
0.50024000000, 88.99952000000, -0.50024000000, 1.50072000000, 88.49928000000, 1.00048000000, 0, 0
0.50320000000, 88.99360000000, -0.50320000000, 1.50960000000, 88.49040000000, 1.00640000000, 0, 0
0.50616000000, 88.98768000000, -0.50616000000, 1.51848000000, 88.48152000000, 1.01232000000, 0, 0
0.50912000000, 88.98176000000, -0.50912000000, 1.52736000000, 88.47264000000, 1.01824000000, 0, 0
0.51208000000, 88.97584000000, -0.51208000000, 1.53624000000, 88.46376000000, 1.02416000000, 0, 0
0.51504000000, 88.96992000000, -0.51504000000, 1.54512000000, 88.45488000000, 1.03008000000, 0, 0
0.51800000000, 88.96400000000, -0.51800000000, 1.55400000000, 88.44600000000, 1.03600000000, 0, 0
0.52096000000, 88.95808000000, -0.52096000000, 1.56288000000, 88.43712000000, 1.04192000000, 0, 0
0.52392000000, 88.95216000000, -0.52392000000, 1.57176000000, 88.42824000000, 1.04784000000, 0, 0
0.52688000000, 88.94624000000, -0.52688000000, 1.58064000000, 88.41936000000, 1.05376000000, 0, 0
0.52984000000, 88.94032000000, -0.52984000000, 1.58952000000, 88.41048000000, 1.05968000000, 0, 0
0.53280000000, 88.93440000000, -0.53280000000, 1.59840000000, 88.40160000000, 1.06560000000, 0, 0
0.53576000000, 88.92848000000, -0.53576000000, 1.60728000000, 88.39272000000, 1.07152000000, 0, 0
0.53872000000, 88.92256000000, -0.53872000000, 1.61616000000, 88.38384000000, 1.07744000000, 0, 0
0.54168000000, 88.91664000000, -0.54168000000, 1.62504000000, 88.37496000000, 1.08336000000, 0, 0
0.54464000000, 88.91072000000, -0.54464000000, 1.63392000000, 88.36608000000, 1.08928000000, 0, 0
0.54760000000, 88.90480000000, -0.54760000000, 1.64280000000, 88.35720000000, 1.09520000000, 0, 0
0.55056000000, 88.89888000000, -0.55056000000, 1.65168000000, 88.34832000000, 1.10112000000, 0, 0
0.55352000000, 88.89296000000, -0.55352000000, 1.66056000000, 88.33944000000, 1.10704000000, 0, 0
0.55648000000, 88.88704000000, -0.55648000000, 1.66944000000, 88.33056000000, 1.11296000000, 0, 0
0.55944000000, 88.88112000000, -0.55944000000, 1.67832000000, 88.32168000000, 1.11888000000, 0, 0
0.56240000000, 88.87520000000, -0.56240000000, 1.68720000000, 88.31280000000, 1.12480000000, 0, 0
0.56536000000, 88.86928000000, -0.56536000000, 1.69608000000, 88.30392000000, 1.13072000000, 0, 0
0.56832000000, 88.86336000000, -0.56832000000, 1.70496000000, 88.29504000000, 1.13664000000, 0, 0
0.57128000000, 88.85744000000, -0.57128000000, 1.71384000000, 88.28616000000, 1.14256000000, 0, 0
0.57424000000, 88.85152000000, -0.57424000000, 1.72272000000, 88.27728000000, 1.14848000000, 0, 0
0.57720000000, 88.84560000000, -0.57720000000, 1.73160000000, 88.26840000000, 1.15440000000, 0, 0
0.58016000000, 88.83968000000, -0.58016000000, 1.74048000000, 88.25952000000, 1.16032000000, 0, 0
0.58312000000, 88.83376000000, -0.58312000000, 1.74936000000, 88.25064000000, 1.16624000000, 0, 0
0.58608000000, 88.82784000000, -0.58608000000, 1.75824000000, 88.24176000000, 1.17216000000, 0, 0
0.58904000000, 88.82192000000, -0.58904000000, 1.76712000000, 88.23288000000, 1.17808000000, 0, 0
0.59200000000, 88.81600000000, -0.59200000000, 1.77600000000, 88.22400000000, 1.18400000000, 0, 0
0.59496000000, 88.81008000000, -0.59496000000, 1.78488000000, 88.21512000000, 1.18992000000, 0, 0
0.59792000000, 88.80416000000, -0.59792000000, 1.79376000000, 88.20624000000, 1.19584000000, 0, 0
0.60088000000, 88.79824000000, -0.60088000000, 1.80264000000, 88.19736000000, 1.20176000000, 0, 0
0.60384000000, 88.79232000000, -0.60384000000, 1.81152000000, 88.18848000000, 1.20768000000, 0, 0
0.60680000000, 88.78640000000, -0.60680000000, 1.82040000000, 88.17960000000, 1.21360000000, 0, 0
0.60976000000, 88.78048000000, -0.60976000000, 1.82928000000, 88.17072000000, 1.21952000000, 0, 0
0.61272000000, 88.77456000000, -0.61272000000, 1.83816000000, 88.16184000000, 1.22544000000, 0, 0
0.61568000000, 88.76864000000, -0.61568000000, 1.84704000000, 88.15296000000, 1.23136000000, 0, 0
0.61864000000, 88.76272000000, -0.61864000000, 1.85592000000, 88.14408000000, 1.23728000000, 0, 0
0.62160000000, 88.75680000000, -0.62160000000, 1.86480000000, 88.13520000000, 1.24320000000, 0, 0
0.62456000000, 88.75088000000, -0.62456000000, 1.87368000000, 88.12632000000, 1.24912000000, 0, 0
0.62752000000, 88.74496000000, -0.62752000000, 1.88256000000, 88.11744000000, 1.25504000000, 0, 0
0.63048000000, 88.73904000000, -0.63048000000, 1.89144000000, 88.10856000000, 1.26096000000, 0, 0
0.63344000000, 88.73312000000, -0.63344000000, 1.90032000000, 88.09968000000, 1.26688000000, 0, 0
0.63640000000, 88.72720000000, -0.63640000000, 1.90920000000, 88.09080000000, 1.27280000000, 0, 0
0.63936000000, 88.72128000000, -0.63936000000, 1.91808000000, 88.08192000000, 1.27872000000, 0, 0
0.64232000000, 88.71536000000, -0.64232000000, 1.92696000000, 88.07304000000, 1.28464000000, 0, 0
0.64528000000, 88.70944000000, -0.64528000000, 1.93584000000, 88.06416000000, 1.29056000000, 0, 0
0.64824000000, 88.70352000000, -0.64824000000, 1.94472000000, 88.05528000000, 1.29648000000, 0, 0
0.65120000000, 88.69760000000, -0.65120000000, 1.95360000000, 88.04640000000, 1.30240000000, 0, 0
0.65416000000, 88.69168000000, -0.65416000000, 1.96248000000, 88.03752000000, 1.30832000000, 0, 0
0.65712000000, 88.68576000000, -0.65712000000, 1.97136000000, 88.02864000000, 1.31424000000, 0, 0
0.66008000000, 88.67984000000, -0.66008000000, 1.98024000000, 88.01976000000, 1.32016000000, 0, 0
0.66304000000, 88.67392000000, -0.66304000000, 1.98912000000, 88.01088000000, 1.32608000000, 0, 0
0.66600000000, 88.66800000000, -0.66600000000, 1.99800000000, 88.00200000000, 1.33200000000, 0, 0
0.66896000000, 88.66208000000, -0.66896000000, 2.00688000000, 87.99312000000, 1.33792000000, 0, 0
0.67192000000, 88.65616000000, -0.67192000000, 2.01576000000, 87.98424000000, 1.34384000000, 0, 0
0.67488000000, 88.65024000000, -0.67488000000, 2.02464000000, 87.97536000000, 1.34976000000, 0, 0
0.67784000000, 88.64432000000, -0.67784000000, 2.03352000000, 87.96648000000, 1.35568000000, 0, 0
0.68080000000, 88.63840000000, -0.68080000000, 2.04240000000, 87.95760000000, 1.36160000000, 0, 0
0.68376000000, 88.63248000000, -0.68376000000, 2.05128000000, 87.94872000000, 1.36752000000, 0, 0
0.68672000000, 88.62656000000, -0.68672000000, 2.06016000000, 87.93984000000, 1.37344000000, 0, 0
0.68968000000, 88.62064000000, -0.68968000000, 2.06904000000, 87.93096000000, 1.37936000000, 0, 0
0.69264000000, 88.61472000000, -0.69264000000, 2.07792000000, 87.92208000000, 1.38528000000, 0, 0
0.69560000000, 88.60880000000, -0.69560000000, 2.08680000000, 87.91320000000, 1.39120000000, 0, 0
0.69856000000, 88.60288000000, -0.69856000000, 2.09568000000, 87.90432000000, 1.39712000000, 0, 0
0.70152000000, 88.59696000000, -0.70152000000, 2.10456000000, 87.89544000000, 1.40304000000, 0, 0
0.70448000000, 88.59104000000, -0.70448000000, 2.11344000000, 87.88656000000, 1.40896000000, 0, 0
0.70744000000, 88.58512000000, -0.70744000000, 2.12232000000, 87.87768000000, 1.41488000000, 0, 0
0.71040000000, 88.57920000000, -0.71040000000, 2.13120000000, 87.86880000000, 1.42080000000, 0, 0
0.71336000000, 88.57328000000, -0.71336000000, 2.14008000000, 87.85992000000, 1.42672000000, 0, 0
0.71632000000, 88.56736000000, -0.71632000000, 2.14896000000, 87.85104000000, 1.43264000000, 0, 0
0.71928000000, 88.56144000000, -0.71928000000, 2.15784000000, 87.84216000000, 1.43856000000, 0, 0
0.72224000000, 88.55552000000, -0.72224000000, 2.16672000000, 87.83328000000, 1.44448000000, 0, 0
0.72520000000, 88.54960000000, -0.72520000000, 2.17560000000, 87.82440000000, 1.45040000000, 0, 0
0.72816000000, 88.54368000000, -0.72816000000, 2.18448000000, 87.81552000000, 1.45632000000, 0, 0
0.73112000000, 88.53776000000, -0.73112000000, 2.19336000000, 87.80664000000, 1.46224000000, 0, 0
0.73408000000, 88.53184000000, -0.73408000000, 2.20224000000, 87.79776000000, 1.46816000000, 0, 0
0.73704000000, 88.52592000000, -0.73704000000, 2.21112000000, 87.78888000000, 1.47408000000, 0, 0
0.74000000000, 88.52000000000, -0.74000000000, 2.22000000000, 87.78000000000, 1.48000000000, 0, 0
0.74296000000, 88.51408000000, -0.74296000000, 2.22888000000, 87.77112000000, 1.48592000000, 0, 0
0.74592000000, 88.50816000000, -0.74592000000, 2.23776000000, 87.76224000000, 1.49184000000, 0, 0
0.74888000000, 88.50224000000, -0.74888000000, 2.24664000000, 87.75336000000, 1.49776000000, 0, 0
0.75184000000, 88.49632000000, -0.75184000000, 2.25552000000, 87.74448000000, 1.50368000000, 0, 0
0.75480000000, 88.49040000000, -0.75480000000, 2.26440000000, 87.73560000000, 1.50960000000, 0, 0
0.75776000000, 88.48448000000, -0.75776000000, 2.27328000000, 87.72672000000, 1.51552000000, 0, 0
0.76072000000, 88.47856000000, -0.76072000000, 2.28216000000, 87.71784000000, 1.52144000000, 0, 0
0.76368000000, 88.47264000000, -0.76368000000, 2.29104000000, 87.70896000000, 1.52736000000, 0, 0
0.76664000000, 88.46672000000, -0.76664000000, 2.29992000000, 87.70008000000, 1.53328000000, 0, 0
0.76960000000, 88.46080000000, -0.76960000000, 2.30880000000, 87.69120000000, 1.53920000000, 0, 0
0.77256000000, 88.45488000000, -0.77256000000, 2.31768000000, 87.68232000000, 1.54512000000, 0, 0
0.77552000000, 88.44896000000, -0.77552000000, 2.32656000000, 87.67344000000, 1.55104000000, 0, 0
0.77848000000, 88.44304000000, -0.77848000000, 2.33544000000, 87.66456000000, 1.55696000000, 0, 0
0.78144000000, 88.43712000000, -0.78144000000, 2.34432000000, 87.65568000000, 1.56288000000, 0, 0
0.78440000000, 88.43120000000, -0.78440000000, 2.35320000000, 87.64680000000, 1.56880000000, 0, 0
0.78736000000, 88.42528000000, -0.78736000000, 2.36208000000, 87.63792000000, 1.57472000000, 0, 0
0.79032000000, 88.41936000000, -0.79032000000, 2.37096000000, 87.62904000000, 1.58064000000, 0, 0
0.79328000000, 88.41344000000, -0.79328000000, 2.37984000000, 87.62016000000, 1.58656000000, 0, 0
0.79624000000, 88.40752000000, -0.79624000000, 2.38872000000, 87.61128000000, 1.59248000000, 0, 0
0.79920000000, 88.40160000000, -0.79920000000, 2.39760000000, 87.60240000000, 1.59840000000, 0, 0
0.80216000000, 88.39568000000, -0.80216000000, 2.40648000000, 87.59352000000, 1.60432000000, 0, 0
0.80512000000, 88.38976000000, -0.80512000000, 2.41536000000, 87.58464000000, 1.61024000000, 0, 0
0.80808000000, 88.38384000000, -0.80808000000, 2.42424000000, 87.57576000000, 1.61616000000, 0, 0
0.81104000000, 88.37792000000, -0.81104000000, 2.43312000000, 87.56688000000, 1.62208000000, 0, 0
0.81400000000, 88.37200000000, -0.81400000000, 2.44200000000, 87.55800000000, 1.62800000000, 0, 0
0.81696000000, 88.36608000000, -0.81696000000, 2.45088000000, 87.54912000000, 1.63392000000, 0, 0
0.81992000000, 88.36016000000, -0.81992000000, 2.45976000000, 87.54024000000, 1.63984000000, 0, 0
0.82288000000, 88.35424000000, -0.82288000000, 2.46864000000, 87.53136000000, 1.64576000000, 0, 0
0.82584000000, 88.34832000000, -0.82584000000, 2.47752000000, 87.52248000000, 1.65168000000, 0, 0
0.82880000000, 88.34240000000, -0.82880000000, 2.48640000000, 87.51360000000, 1.65760000000, 0, 0
0.83176000000, 88.33648000000, -0.83176000000, 2.49528000000, 87.50472000000, 1.66352000000, 0, 0
0.83472000000, 88.33056000000, -0.83472000000, 2.50416000000, 87.49584000000, 1.66944000000, 0, 0
0.83768000000, 88.32464000000, -0.83768000000, 2.51304000000, 87.48696000000, 1.67536000000, 0, 0
0.84064000000, 88.31872000000, -0.84064000000, 2.52192000000, 87.47808000000, 1.68128000000, 0, 0
0.84360000000, 88.31280000000, -0.84360000000, 2.53080000000, 87.46920000000, 1.68720000000, 0, 0
0.84656000000, 88.30688000000, -0.84656000000, 2.53968000000, 87.46032000000, 1.69312000000, 0, 0
0.84952000000, 88.30096000000, -0.84952000000, 2.54856000000, 87.45144000000, 1.69904000000, 0, 0
0.85248000000, 88.29504000000, -0.85248000000, 2.55744000000, 87.44256000000, 1.70496000000, 0, 0
0.85544000000, 88.28912000000, -0.85544000000, 2.56632000000, 87.43368000000, 1.71088000000, 0, 0
0.85840000000, 88.28320000000, -0.85840000000, 2.57520000000, 87.42480000000, 1.71680000000, 0, 0
0.86136000000, 88.27728000000, -0.86136000000, 2.58408000000, 87.41592000000, 1.72272000000, 0, 0
0.86432000000, 88.27136000000, -0.86432000000, 2.59296000000, 87.40704000000, 1.72864000000, 0, 0
0.86728000000, 88.26544000000, -0.86728000000, 2.60184000000, 87.39816000000, 1.73456000000, 0, 0
0.87024000000, 88.25952000000, -0.87024000000, 2.61072000000, 87.38928000000, 1.74048000000, 0, 0
0.87320000000, 88.25360000000, -0.87320000000, 2.61960000000, 87.38040000000, 1.74640000000, 0, 0
0.87616000000, 88.24768000000, -0.87616000000, 2.62848000000, 87.37152000000, 1.75232000000, 0, 0
0.87912000000, 88.24176000000, -0.87912000000, 2.63736000000, 87.36264000000, 1.75824000000, 0, 0
0.88208000000, 88.23584000000, -0.88208000000, 2.64624000000, 87.35376000000, 1.76416000000, 0, 0
0.88504000000, 88.22992000000, -0.88504000000, 2.65512000000, 87.34488000000, 1.77008000000, 0, 0
0.88800000000, 88.22400000000, -0.88800000000, 2.66400000000, 87.33600000000, 1.77600000000, 0, 0
0.89096000000, 88.21808000000, -0.89096000000, 2.67288000000, 87.32712000000, 1.78192000000, 0, 0
0.89392000000, 88.21216000000, -0.89392000000, 2.68176000000, 87.31824000000, 1.78784000000, 0, 0
0.89688000000, 88.20624000000, -0.89688000000, 2.69064000000, 87.30936000000, 1.79376000000, 0, 0
0.89984000000, 88.20032000000, -0.89984000000, 2.69952000000, 87.30048000000, 1.79968000000, 0, 0
0.90280000000, 88.19440000000, -0.90280000000, 2.70840000000, 87.29160000000, 1.80560000000, 0, 0
0.90576000000, 88.18848000000, -0.90576000000, 2.71728000000, 87.28272000000, 1.81152000000, 0, 0
0.90872000000, 88.18256000000, -0.90872000000, 2.72616000000, 87.27384000000, 1.81744000000, 0, 0
0.91168000000, 88.17664000000, -0.91168000000, 2.73504000000, 87.26496000000, 1.82336000000, 0, 0
0.91464000000, 88.17072000000, -0.91464000000, 2.74392000000, 87.25608000000, 1.82928000000, 0, 0
0.91760000000, 88.16480000000, -0.91760000000, 2.75280000000, 87.24720000000, 1.83520000000, 0, 0
0.92056000000, 88.15888000000, -0.92056000000, 2.76168000000, 87.23832000000, 1.84112000000, 0, 0
0.92352000000, 88.15296000000, -0.92352000000, 2.77056000000, 87.22944000000, 1.84704000000, 0, 0
0.92648000000, 88.14704000000, -0.92648000000, 2.77944000000, 87.22056000000, 1.85296000000, 0, 0
0.92944000000, 88.14112000000, -0.92944000000, 2.78832000000, 87.21168000000, 1.85888000000, 0, 0
0.93240000000, 88.13520000000, -0.93240000000, 2.79720000000, 87.20280000000, 1.86480000000, 0, 0
0.93536000000, 88.12928000000, -0.93536000000, 2.80608000000, 87.19392000000, 1.87072000000, 0, 0
0.93832000000, 88.12336000000, -0.93832000000, 2.81496000000, 87.18504000000, 1.87664000000, 0, 0
0.94128000000, 88.11744000000, -0.94128000000, 2.82384000000, 87.17616000000, 1.88256000000, 0, 0
0.94424000000, 88.11152000000, -0.94424000000, 2.83272000000, 87.16728000000, 1.88848000000, 0, 0
0.94720000000, 88.10560000000, -0.94720000000, 2.84160000000, 87.15840000000, 1.89440000000, 0, 0
0.95016000000, 88.09968000000, -0.95016000000, 2.85048000000, 87.14952000000, 1.90032000000, 0, 0
0.95312000000, 88.09376000000, -0.95312000000, 2.85936000000, 87.14064000000, 1.90624000000, 0, 0
0.95608000000, 88.08784000000, -0.95608000000, 2.86824000000, 87.13176000000, 1.91216000000, 0, 0
0.95904000000, 88.08192000000, -0.95904000000, 2.87712000000, 87.12288000000, 1.91808000000, 0, 0
0.96200000000, 88.07600000000, -0.96200000000, 2.88600000000, 87.11400000000, 1.92400000000, 0, 0
0.96496000000, 88.07008000000, -0.96496000000, 2.89488000000, 87.10512000000, 1.92992000000, 0, 0
0.96792000000, 88.06416000000, -0.96792000000, 2.90376000000, 87.09624000000, 1.93584000000, 0, 0
0.97088000000, 88.05824000000, -0.97088000000, 2.91264000000, 87.08736000000, 1.94176000000, 0, 0
0.97384000000, 88.05232000000, -0.97384000000, 2.92152000000, 87.07848000000, 1.94768000000, 0, 0
0.97680000000, 88.04640000000, -0.97680000000, 2.93040000000, 87.06960000000, 1.95360000000, 0, 0
0.97976000000, 88.04048000000, -0.97976000000, 2.93928000000, 87.06072000000, 1.95952000000, 0, 0
0.98272000000, 88.03456000000, -0.98272000000, 2.94816000000, 87.05184000000, 1.96544000000, 0, 0
0.98568000000, 88.02864000000, -0.98568000000, 2.95704000000, 87.04296000000, 1.97136000000, 0, 0
0.98864000000, 88.02272000000, -0.98864000000, 2.96592000000, 87.03408000000, 1.97728000000, 0, 0
0.99160000000, 88.01680000000, -0.99160000000, 2.97480000000, 87.02520000000, 1.98320000000, 0, 0
0.99456000000, 88.01088000000, -0.99456000000, 2.98368000000, 87.01632000000, 1.98912000000, 0, 0
0.99752000000, 88.00496000000, -0.99752000000, 2.99256000000, 87.00744000000, 1.99504000000, 0, 0
1.00048000000, 87.99904000000, -1.00048000000, 3.00144000000, 86.99856000000, 2.00096000000, 0, 0
1.00344000000, 87.99312000000, -1.00344000000, 3.01032000000, 86.98968000000, 2.00688000000, 0, 0
1.00640000000, 87.98720000000, -1.00640000000, 3.01920000000, 86.98080000000, 2.01280000000, 0, 0
1.00936000000, 87.98128000000, -1.00936000000, 3.02808000000, 86.97192000000, 2.01872000000, 0, 0
1.01232000000, 87.97536000000, -1.01232000000, 3.03696000000, 86.96304000000, 2.02464000000, 0, 0
1.01528000000, 87.96944000000, -1.01528000000, 3.04584000000, 86.95416000000, 2.03056000000, 0, 0
1.01824000000, 87.96352000000, -1.01824000000, 3.05472000000, 86.94528000000, 2.03648000000, 0, 0
1.02120000000, 87.95760000000, -1.02120000000, 3.06360000000, 86.93640000000, 2.04240000000, 0, 0
1.02416000000, 87.95168000000, -1.02416000000, 3.07248000000, 86.92752000000, 2.04832000000, 0, 0
1.02712000000, 87.94576000000, -1.02712000000, 3.08136000000, 86.91864000000, 2.05424000000, 0, 0
1.03008000000, 87.93984000000, -1.03008000000, 3.09024000000, 86.90976000000, 2.06016000000, 0, 0
1.03304000000, 87.93392000000, -1.03304000000, 3.09912000000, 86.90088000000, 2.06608000000, 0, 0
1.03600000000, 87.92800000000, -1.03600000000, 3.10800000000, 86.89200000000, 2.07200000000, 0, 0
1.03896000000, 87.92208000000, -1.03896000000, 3.11688000000, 86.88312000000, 2.07792000000, 0, 0
1.04192000000, 87.91616000000, -1.04192000000, 3.12576000000, 86.87424000000, 2.08384000000, 0, 0
1.04488000000, 87.91024000000, -1.04488000000, 3.13464000000, 86.86536000000, 2.08976000000, 0, 0
1.04784000000, 87.90432000000, -1.04784000000, 3.14352000000, 86.85648000000, 2.09568000000, 0, 0
1.05080000000, 87.89840000000, -1.05080000000, 3.15240000000, 86.84760000000, 2.10160000000, 0, 0
1.05376000000, 87.89248000000, -1.05376000000, 3.16128000000, 86.83872000000, 2.10752000000, 0, 0
1.05672000000, 87.88656000000, -1.05672000000, 3.17016000000, 86.82984000000, 2.11344000000, 0, 0
1.05968000000, 87.88064000000, -1.05968000000, 3.17904000000, 86.82096000000, 2.11936000000, 0, 0
1.06264000000, 87.87472000000, -1.06264000000, 3.18792000000, 86.81208000000, 2.12528000000, 0, 0
1.06560000000, 87.86880000000, -1.06560000000, 3.19680000000, 86.80320000000, 2.13120000000, 0, 0
1.06856000000, 87.86288000000, -1.06856000000, 3.20568000000, 86.79432000000, 2.13712000000, 0, 0
1.07152000000, 87.85696000000, -1.07152000000, 3.21456000000, 86.78544000000, 2.14304000000, 0, 0
1.07448000000, 87.85104000000, -1.07448000000, 3.22344000000, 86.77656000000, 2.14896000000, 0, 0
1.07744000000, 87.84512000000, -1.07744000000, 3.23232000000, 86.76768000000, 2.15488000000, 0, 0
1.08040000000, 87.83920000000, -1.08040000000, 3.24120000000, 86.75880000000, 2.16080000000, 0, 0
1.08336000000, 87.83328000000, -1.08336000000, 3.25008000000, 86.74992000000, 2.16672000000, 0, 0
1.08632000000, 87.82736000000, -1.08632000000, 3.25896000000, 86.74104000000, 2.17264000000, 0, 0
1.08928000000, 87.82144000000, -1.08928000000, 3.26784000000, 86.73216000000, 2.17856000000, 0, 0
1.09224000000, 87.81552000000, -1.09224000000, 3.27672000000, 86.72328000000, 2.18448000000, 0, 0
1.09520000000, 87.80960000000, -1.09520000000, 3.28560000000, 86.71440000000, 2.19040000000, 0, 0
1.09816000000, 87.80368000000, -1.09816000000, 3.29448000000, 86.70552000000, 2.19632000000, 0, 0
1.10112000000, 87.79776000000, -1.10112000000, 3.30336000000, 86.69664000000, 2.20224000000, 0, 0
1.10408000000, 87.79184000000, -1.10408000000, 3.31224000000, 86.68776000000, 2.20816000000, 0, 0
1.10704000000, 87.78592000000, -1.10704000000, 3.32112000000, 86.67888000000, 2.21408000000, 0, 0
1.11000000000, 87.78000000000, -1.11000000000, 3.33000000000, 86.67000000000, 2.22000000000, 0, 0
1.11296000000, 87.77408000000, -1.11296000000, 3.33888000000, 86.66112000000, 2.22592000000, 0, 0
1.11592000000, 87.76816000000, -1.11592000000, 3.34776000000, 86.65224000000, 2.23184000000, 0, 0
1.11888000000, 87.76224000000, -1.11888000000, 3.35664000000, 86.64336000000, 2.23776000000, 0, 0
1.12184000000, 87.75632000000, -1.12184000000, 3.36552000000, 86.63448000000, 2.24368000000, 0, 0
1.12480000000, 87.75040000000, -1.12480000000, 3.37440000000, 86.62560000000, 2.24960000000, 0, 0
1.12776000000, 87.74448000000, -1.12776000000, 3.38328000000, 86.61672000000, 2.25552000000, 0, 0
1.13072000000, 87.73856000000, -1.13072000000, 3.39216000000, 86.60784000000, 2.26144000000, 0, 0
1.13368000000, 87.73264000000, -1.13368000000, 3.40104000000, 86.59896000000, 2.26736000000, 0, 0
1.13664000000, 87.72672000000, -1.13664000000, 3.40992000000, 86.59008000000, 2.27328000000, 0, 0
1.13960000000, 87.72080000000, -1.13960000000, 3.41880000000, 86.58120000000, 2.27920000000, 0, 0
1.14256000000, 87.71488000000, -1.14256000000, 3.42768000000, 86.57232000000, 2.28512000000, 0, 0
1.14552000000, 87.70896000000, -1.14552000000, 3.43656000000, 86.56344000000, 2.29104000000, 0, 0
1.14848000000, 87.70304000000, -1.14848000000, 3.44544000000, 86.55456000000, 2.29696000000, 0, 0
1.15144000000, 87.69712000000, -1.15144000000, 3.45432000000, 86.54568000000, 2.30288000000, 0, 0
1.15440000000, 87.69120000000, -1.15440000000, 3.46320000000, 86.53680000000, 2.30880000000, 0, 0
1.15736000000, 87.68528000000, -1.15736000000, 3.47208000000, 86.52792000000, 2.31472000000, 0, 0
1.16032000000, 87.67936000000, -1.16032000000, 3.48096000000, 86.51904000000, 2.32064000000, 0, 0
1.16328000000, 87.67344000000, -1.16328000000, 3.48984000000, 86.51016000000, 2.32656000000, 0, 0
1.16624000000, 87.66752000000, -1.16624000000, 3.49872000000, 86.50128000000, 2.33248000000, 0, 0
1.16920000000, 87.66160000000, -1.16920000000, 3.50760000000, 86.49240000000, 2.33840000000, 0, 0
1.17216000000, 87.65568000000, -1.17216000000, 3.51648000000, 86.48352000000, 2.34432000000, 0, 0
1.17512000000, 87.64976000000, -1.17512000000, 3.52536000000, 86.47464000000, 2.35024000000, 0, 0
1.17808000000, 87.64384000000, -1.17808000000, 3.53424000000, 86.46576000000, 2.35616000000, 0, 0
1.18104000000, 87.63792000000, -1.18104000000, 3.54312000000, 86.45688000000, 2.36208000000, 0, 0
1.18400000000, 87.63200000000, -1.18400000000, 3.55200000000, 86.44800000000, 2.36800000000, 0, 0
1.18696000000, 87.62608000000, -1.18696000000, 3.56088000000, 86.43912000000, 2.37392000000, 0, 0
1.18992000000, 87.62016000000, -1.18992000000, 3.56976000000, 86.43024000000, 2.37984000000, 0, 0
1.19288000000, 87.61424000000, -1.19288000000, 3.57864000000, 86.42136000000, 2.38576000000, 0, 0
1.19584000000, 87.60832000000, -1.19584000000, 3.58752000000, 86.41248000000, 2.39168000000, 0, 0
1.19880000000, 87.60240000000, -1.19880000000, 3.59640000000, 86.40360000000, 2.39760000000, 0, 0
1.20176000000, 87.59648000000, -1.20176000000, 3.60528000000, 86.39472000000, 2.40352000000, 0, 0
1.20472000000, 87.59056000000, -1.20472000000, 3.61416000000, 86.38584000000, 2.40944000000, 0, 0
1.20768000000, 87.58464000000, -1.20768000000, 3.62304000000, 86.37696000000, 2.41536000000, 0, 0
1.21064000000, 87.57872000000, -1.21064000000, 3.63192000000, 86.36808000000, 2.42128000000, 0, 0
1.21360000000, 87.57280000000, -1.21360000000, 3.64080000000, 86.35920000000, 2.42720000000, 0, 0
1.21656000000, 87.56688000000, -1.21656000000, 3.64968000000, 86.35032000000, 2.43312000000, 0, 0
1.21952000000, 87.56096000000, -1.21952000000, 3.65856000000, 86.34144000000, 2.43904000000, 0, 0
1.22248000000, 87.55504000000, -1.22248000000, 3.66744000000, 86.33256000000, 2.44496000000, 0, 0
1.22544000000, 87.54912000000, -1.22544000000, 3.67632000000, 86.32368000000, 2.45088000000, 0, 0
1.22840000000, 87.54320000000, -1.22840000000, 3.68520000000, 86.31480000000, 2.45680000000, 0, 0
1.23136000000, 87.53728000000, -1.23136000000, 3.69408000000, 86.30592000000, 2.46272000000, 0, 0
1.23432000000, 87.53136000000, -1.23432000000, 3.70296000000, 86.29704000000, 2.46864000000, 0, 0
1.23728000000, 87.52544000000, -1.23728000000, 3.71184000000, 86.28816000000, 2.47456000000, 0, 0
1.24024000000, 87.51952000000, -1.24024000000, 3.72072000000, 86.27928000000, 2.48048000000, 0, 0
1.24320000000, 87.51360000000, -1.24320000000, 3.72960000000, 86.27040000000, 2.48640000000, 0, 0
1.24616000000, 87.50768000000, -1.24616000000, 3.73848000000, 86.26152000000, 2.49232000000, 0, 0
1.24912000000, 87.50176000000, -1.24912000000, 3.74736000000, 86.25264000000, 2.49824000000, 0, 0
1.25208000000, 87.49584000000, -1.25208000000, 3.75624000000, 86.24376000000, 2.50416000000, 0, 0
1.25504000000, 87.48992000000, -1.25504000000, 3.76512000000, 86.23488000000, 2.51008000000, 0, 0
1.25800000000, 87.48400000000, -1.25800000000, 3.77400000000, 86.22600000000, 2.51600000000, 0, 0
1.26096000000, 87.47808000000, -1.26096000000, 3.78288000000, 86.21712000000, 2.52192000000, 0, 0
1.26392000000, 87.47216000000, -1.26392000000, 3.79176000000, 86.20824000000, 2.52784000000, 0, 0
1.26688000000, 87.46624000000, -1.26688000000, 3.80064000000, 86.19936000000, 2.53376000000, 0, 0
1.26984000000, 87.46032000000, -1.26984000000, 3.80952000000, 86.19048000000, 2.53968000000, 0, 0
1.27280000000, 87.45440000000, -1.27280000000, 3.81840000000, 86.18160000000, 2.54560000000, 0, 0
1.27576000000, 87.44848000000, -1.27576000000, 3.82728000000, 86.17272000000, 2.55152000000, 0, 0
1.27872000000, 87.44256000000, -1.27872000000, 3.83616000000, 86.16384000000, 2.55744000000, 0, 0
1.28168000000, 87.43664000000, -1.28168000000, 3.84504000000, 86.15496000000, 2.56336000000, 0, 0
1.28464000000, 87.43072000000, -1.28464000000, 3.85392000000, 86.14608000000, 2.56928000000, 0, 0
1.28760000000, 87.42480000000, -1.28760000000, 3.86280000000, 86.13720000000, 2.57520000000, 0, 0
1.29056000000, 87.41888000000, -1.29056000000, 3.87168000000, 86.12832000000, 2.58112000000, 0, 0
1.29352000000, 87.41296000000, -1.29352000000, 3.88056000000, 86.11944000000, 2.58704000000, 0, 0
1.29648000000, 87.40704000000, -1.29648000000, 3.88944000000, 86.11056000000, 2.59296000000, 0, 0
1.29944000000, 87.40112000000, -1.29944000000, 3.89832000000, 86.10168000000, 2.59888000000, 0, 0
1.30240000000, 87.39520000000, -1.30240000000, 3.90720000000, 86.09280000000, 2.60480000000, 0, 0
1.30536000000, 87.38928000000, -1.30536000000, 3.91608000000, 86.08392000000, 2.61072000000, 0, 0
1.30832000000, 87.38336000000, -1.30832000000, 3.92496000000, 86.07504000000, 2.61664000000, 0, 0
1.31128000000, 87.37744000000, -1.31128000000, 3.93384000000, 86.06616000000, 2.62256000000, 0, 0
1.31424000000, 87.37152000000, -1.31424000000, 3.94272000000, 86.05728000000, 2.62848000000, 0, 0
1.31720000000, 87.36560000000, -1.31720000000, 3.95160000000, 86.04840000000, 2.63440000000, 0, 0
1.32016000000, 87.35968000000, -1.32016000000, 3.96048000000, 86.03952000000, 2.64032000000, 0, 0
1.32312000000, 87.35376000000, -1.32312000000, 3.96936000000, 86.03064000000, 2.64624000000, 0, 0
1.32608000000, 87.34784000000, -1.32608000000, 3.97824000000, 86.02176000000, 2.65216000000, 0, 0
1.32904000000, 87.34192000000, -1.32904000000, 3.98712000000, 86.01288000000, 2.65808000000, 0, 0
1.33200000000, 87.33600000000, -1.33200000000, 3.99600000000, 86.00400000000, 2.66400000000, 0, 0
1.33496000000, 87.33008000000, -1.33496000000, 4.00488000000, 85.99512000000, 2.66992000000, 0, 0
1.33792000000, 87.32416000000, -1.33792000000, 4.01376000000, 85.98624000000, 2.67584000000, 0, 0
1.34088000000, 87.31824000000, -1.34088000000, 4.02264000000, 85.97736000000, 2.68176000000, 0, 0
1.34384000000, 87.31232000000, -1.34384000000, 4.03152000000, 85.96848000000, 2.68768000000, 0, 0
1.34680000000, 87.30640000000, -1.34680000000, 4.04040000000, 85.95960000000, 2.69360000000, 0, 0
1.34976000000, 87.30048000000, -1.34976000000, 4.04928000000, 85.95072000000, 2.69952000000, 0, 0
1.35272000000, 87.29456000000, -1.35272000000, 4.05816000000, 85.94184000000, 2.70544000000, 0, 0
1.35568000000, 87.28864000000, -1.35568000000, 4.06704000000, 85.93296000000, 2.71136000000, 0, 0
1.35864000000, 87.28272000000, -1.35864000000, 4.07592000000, 85.92408000000, 2.71728000000, 0, 0
1.36160000000, 87.27680000000, -1.36160000000, 4.08480000000, 85.91520000000, 2.72320000000, 0, 0
1.36456000000, 87.27088000000, -1.36456000000, 4.09368000000, 85.90632000000, 2.72912000000, 0, 0
1.36752000000, 87.26496000000, -1.36752000000, 4.10256000000, 85.89744000000, 2.73504000000, 0, 0
1.37048000000, 87.25904000000, -1.37048000000, 4.11144000000, 85.88856000000, 2.74096000000, 0, 0
1.37344000000, 87.25312000000, -1.37344000000, 4.12032000000, 85.87968000000, 2.74688000000, 0, 0
1.37640000000, 87.24720000000, -1.37640000000, 4.12920000000, 85.87080000000, 2.75280000000, 0, 0
1.37936000000, 87.24128000000, -1.37936000000, 4.13808000000, 85.86192000000, 2.75872000000, 0, 0
1.38232000000, 87.23536000000, -1.38232000000, 4.14696000000, 85.85304000000, 2.76464000000, 0, 0
1.38528000000, 87.22944000000, -1.38528000000, 4.15584000000, 85.84416000000, 2.77056000000, 0, 0
1.38824000000, 87.22352000000, -1.38824000000, 4.16472000000, 85.83528000000, 2.77648000000, 0, 0
1.39120000000, 87.21760000000, -1.39120000000, 4.17360000000, 85.82640000000, 2.78240000000, 0, 0
1.39416000000, 87.21168000000, -1.39416000000, 4.18248000000, 85.81752000000, 2.78832000000, 0, 0
1.39712000000, 87.20576000000, -1.39712000000, 4.19136000000, 85.80864000000, 2.79424000000, 0, 0
1.40008000000, 87.19984000000, -1.40008000000, 4.20024000000, 85.79976000000, 2.80016000000, 0, 0
1.40304000000, 87.19392000000, -1.40304000000, 4.20912000000, 85.79088000000, 2.80608000000, 0, 0
1.40600000000, 87.18800000000, -1.40600000000, 4.21800000000, 85.78200000000, 2.81200000000, 0, 0
1.40896000000, 87.18208000000, -1.40896000000, 4.22688000000, 85.77312000000, 2.81792000000, 0, 0
1.41192000000, 87.17616000000, -1.41192000000, 4.23576000000, 85.76424000000, 2.82384000000, 0, 0
1.41488000000, 87.17024000000, -1.41488000000, 4.24464000000, 85.75536000000, 2.82976000000, 0, 0
1.41784000000, 87.16432000000, -1.41784000000, 4.25352000000, 85.74648000000, 2.83568000000, 0, 0
1.42080000000, 87.15840000000, -1.42080000000, 4.26240000000, 85.73760000000, 2.84160000000, 0, 0
1.42376000000, 87.15248000000, -1.42376000000, 4.27128000000, 85.72872000000, 2.84752000000, 0, 0
1.42672000000, 87.14656000000, -1.42672000000, 4.28016000000, 85.71984000000, 2.85344000000, 0, 0
1.42968000000, 87.14064000000, -1.42968000000, 4.28904000000, 85.71096000000, 2.85936000000, 0, 0
1.43264000000, 87.13472000000, -1.43264000000, 4.29792000000, 85.70208000000, 2.86528000000, 0, 0
1.43560000000, 87.12880000000, -1.43560000000, 4.30680000000, 85.69320000000, 2.87120000000, 0, 0
1.43856000000, 87.12288000000, -1.43856000000, 4.31568000000, 85.68432000000, 2.87712000000, 0, 0
1.44152000000, 87.11696000000, -1.44152000000, 4.32456000000, 85.67544000000, 2.88304000000, 0, 0
1.44448000000, 87.11104000000, -1.44448000000, 4.33344000000, 85.66656000000, 2.88896000000, 0, 0
1.44744000000, 87.10512000000, -1.44744000000, 4.34232000000, 85.65768000000, 2.89488000000, 0, 0
1.45040000000, 87.09920000000, -1.45040000000, 4.35120000000, 85.64880000000, 2.90080000000, 0, 0
1.45336000000, 87.09328000000, -1.45336000000, 4.36008000000, 85.63992000000, 2.90672000000, 0, 0
1.45632000000, 87.08736000000, -1.45632000000, 4.36896000000, 85.63104000000, 2.91264000000, 0, 0
1.45928000000, 87.08144000000, -1.45928000000, 4.37784000000, 85.62216000000, 2.91856000000, 0, 0
1.46224000000, 87.07552000000, -1.46224000000, 4.38672000000, 85.61328000000, 2.92448000000, 0, 0
1.46520000000, 87.06960000000, -1.46520000000, 4.39560000000, 85.60440000000, 2.93040000000, 0, 0
1.46816000000, 87.06368000000, -1.46816000000, 4.40448000000, 85.59552000000, 2.93632000000, 0, 0
1.47112000000, 87.05776000000, -1.47112000000, 4.41336000000, 85.58664000000, 2.94224000000, 0, 0
1.47408000000, 87.05184000000, -1.47408000000, 4.42224000000, 85.57776000000, 2.94816000000, 0, 0
1.47704000000, 87.04592000000, -1.47704000000, 4.43112000000, 85.56888000000, 2.95408000000, 0, 0
1.48000000000, 87.04000000000, -1.48000000000, 4.44000000000, 85.56000000000, 2.96000000000, 0, 0
1.48296000000, 87.03408000000, -1.48296000000, 4.44888000000, 85.55112000000, 2.96592000000, 0, 0
1.48592000000, 87.02816000000, -1.48592000000, 4.45776000000, 85.54224000000, 2.97184000000, 0, 0
1.48888000000, 87.02224000000, -1.48888000000, 4.46664000000, 85.53336000000, 2.97776000000, 0, 0
1.49184000000, 87.01632000000, -1.49184000000, 4.47552000000, 85.52448000000, 2.98368000000, 0, 0
1.49480000000, 87.01040000000, -1.49480000000, 4.48440000000, 85.51560000000, 2.98960000000, 0, 0
1.49776000000, 87.00448000000, -1.49776000000, 4.49328000000, 85.50672000000, 2.99552000000, 0, 0
1.50072000000, 86.99856000000, -1.50072000000, 4.50216000000, 85.49784000000, 3.00144000000, 0, 0
1.50368000000, 86.99264000000, -1.50368000000, 4.51104000000, 85.48896000000, 3.00736000000, 0, 0
1.50664000000, 86.98672000000, -1.50664000000, 4.51992000000, 85.48008000000, 3.01328000000, 0, 0
1.50960000000, 86.98080000000, -1.50960000000, 4.52880000000, 85.47120000000, 3.01920000000, 0, 0
1.51256000000, 86.97488000000, -1.51256000000, 4.53768000000, 85.46232000000, 3.02512000000, 0, 0
1.51552000000, 86.96896000000, -1.51552000000, 4.54656000000, 85.45344000000, 3.03104000000, 0, 0
1.51848000000, 86.96304000000, -1.51848000000, 4.55544000000, 85.44456000000, 3.03696000000, 0, 0
1.52144000000, 86.95712000000, -1.52144000000, 4.56432000000, 85.43568000000, 3.04288000000, 0, 0
1.52440000000, 86.95120000000, -1.52440000000, 4.57320000000, 85.42680000000, 3.04880000000, 0, 0
1.52736000000, 86.94528000000, -1.52736000000, 4.58208000000, 85.41792000000, 3.05472000000, 0, 0
1.53032000000, 86.93936000000, -1.53032000000, 4.59096000000, 85.40904000000, 3.06064000000, 0, 0
1.53328000000, 86.93344000000, -1.53328000000, 4.59984000000, 85.40016000000, 3.06656000000, 0, 0
1.53624000000, 86.92752000000, -1.53624000000, 4.60872000000, 85.39128000000, 3.07248000000, 0, 0
1.53920000000, 86.92160000000, -1.53920000000, 4.61760000000, 85.38240000000, 3.07840000000, 0, 0
1.54216000000, 86.91568000000, -1.54216000000, 4.62648000000, 85.37352000000, 3.08432000000, 0, 0
1.54512000000, 86.90976000000, -1.54512000000, 4.63536000000, 85.36464000000, 3.09024000000, 0, 0
1.54808000000, 86.90384000000, -1.54808000000, 4.64424000000, 85.35576000000, 3.09616000000, 0, 0
1.55104000000, 86.89792000000, -1.55104000000, 4.65312000000, 85.34688000000, 3.10208000000, 0, 0
1.55400000000, 86.89200000000, -1.55400000000, 4.66200000000, 85.33800000000, 3.10800000000, 0, 0
1.55696000000, 86.88608000000, -1.55696000000, 4.67088000000, 85.32912000000, 3.11392000000, 0, 0
1.55992000000, 86.88016000000, -1.55992000000, 4.67976000000, 85.32024000000, 3.11984000000, 0, 0
1.56288000000, 86.87424000000, -1.56288000000, 4.68864000000, 85.31136000000, 3.12576000000, 0, 0
1.56584000000, 86.86832000000, -1.56584000000, 4.69752000000, 85.30248000000, 3.13168000000, 0, 0
1.56880000000, 86.86240000000, -1.56880000000, 4.70640000000, 85.29360000000, 3.13760000000, 0, 0
1.57176000000, 86.85648000000, -1.57176000000, 4.71528000000, 85.28472000000, 3.14352000000, 0, 0
1.57472000000, 86.85056000000, -1.57472000000, 4.72416000000, 85.27584000000, 3.14944000000, 0, 0
1.57768000000, 86.84464000000, -1.57768000000, 4.73304000000, 85.26696000000, 3.15536000000, 0, 0
1.58064000000, 86.83872000000, -1.58064000000, 4.74192000000, 85.25808000000, 3.16128000000, 0, 0
1.58360000000, 86.83280000000, -1.58360000000, 4.75080000000, 85.24920000000, 3.16720000000, 0, 0
1.58656000000, 86.82688000000, -1.58656000000, 4.75968000000, 85.24032000000, 3.17312000000, 0, 0
1.58952000000, 86.82096000000, -1.58952000000, 4.76856000000, 85.23144000000, 3.17904000000, 0, 0
1.59248000000, 86.81504000000, -1.59248000000, 4.77744000000, 85.22256000000, 3.18496000000, 0, 0
1.59544000000, 86.80912000000, -1.59544000000, 4.78632000000, 85.21368000000, 3.19088000000, 0, 0
1.59840000000, 86.80320000000, -1.59840000000, 4.79520000000, 85.20480000000, 3.19680000000, 0, 0
1.60136000000, 86.79728000000, -1.60136000000, 4.80408000000, 85.19592000000, 3.20272000000, 0, 0
1.60432000000, 86.79136000000, -1.60432000000, 4.81296000000, 85.18704000000, 3.20864000000, 0, 0
1.60728000000, 86.78544000000, -1.60728000000, 4.82184000000, 85.17816000000, 3.21456000000, 0, 0
1.61024000000, 86.77952000000, -1.61024000000, 4.83072000000, 85.16928000000, 3.22048000000, 0, 0
1.61320000000, 86.77360000000, -1.61320000000, 4.83960000000, 85.16040000000, 3.22640000000, 0, 0
1.61616000000, 86.76768000000, -1.61616000000, 4.84848000000, 85.15152000000, 3.23232000000, 0, 0
1.61912000000, 86.76176000000, -1.61912000000, 4.85736000000, 85.14264000000, 3.23824000000, 0, 0
1.62208000000, 86.75584000000, -1.62208000000, 4.86624000000, 85.13376000000, 3.24416000000, 0, 0
1.62504000000, 86.74992000000, -1.62504000000, 4.87512000000, 85.12488000000, 3.25008000000, 0, 0
1.62800000000, 86.74400000000, -1.62800000000, 4.88400000000, 85.11600000000, 3.25600000000, 0, 0
1.63096000000, 86.73808000000, -1.63096000000, 4.89288000000, 85.10712000000, 3.26192000000, 0, 0
1.63392000000, 86.73216000000, -1.63392000000, 4.90176000000, 85.09824000000, 3.26784000000, 0, 0
1.63688000000, 86.72624000000, -1.63688000000, 4.91064000000, 85.08936000000, 3.27376000000, 0, 0
1.63984000000, 86.72032000000, -1.63984000000, 4.91952000000, 85.08048000000, 3.27968000000, 0, 0
1.64280000000, 86.71440000000, -1.64280000000, 4.92840000000, 85.07160000000, 3.28560000000, 0, 0
1.64576000000, 86.70848000000, -1.64576000000, 4.93728000000, 85.06272000000, 3.29152000000, 0, 0
1.64872000000, 86.70256000000, -1.64872000000, 4.94616000000, 85.05384000000, 3.29744000000, 0, 0
1.65168000000, 86.69664000000, -1.65168000000, 4.95504000000, 85.04496000000, 3.30336000000, 0, 0
1.65464000000, 86.69072000000, -1.65464000000, 4.96392000000, 85.03608000000, 3.30928000000, 0, 0
1.65760000000, 86.68480000000, -1.65760000000, 4.97280000000, 85.02720000000, 3.31520000000, 0, 0
1.66056000000, 86.67888000000, -1.66056000000, 4.98168000000, 85.01832000000, 3.32112000000, 0, 0
1.66352000000, 86.67296000000, -1.66352000000, 4.99056000000, 85.00944000000, 3.32704000000, 0, 0
1.66648000000, 86.66704000000, -1.66648000000, 4.99944000000, 85.00056000000, 3.33296000000, 0, 0
1.66944000000, 86.66112000000, -1.66944000000, 5.00832000000, 84.99168000000, 3.33888000000, 0, 0
1.67240000000, 86.65520000000, -1.67240000000, 5.01720000000, 84.98280000000, 3.34480000000, 0, 0
1.67536000000, 86.64928000000, -1.67536000000, 5.02608000000, 84.97392000000, 3.35072000000, 0, 0
1.67832000000, 86.64336000000, -1.67832000000, 5.03496000000, 84.96504000000, 3.35664000000, 0, 0
1.68128000000, 86.63744000000, -1.68128000000, 5.04384000000, 84.95616000000, 3.36256000000, 0, 0
1.68424000000, 86.63152000000, -1.68424000000, 5.05272000000, 84.94728000000, 3.36848000000, 0, 0
1.68720000000, 86.62560000000, -1.68720000000, 5.06160000000, 84.93840000000, 3.37440000000, 0, 0
1.69016000000, 86.61968000000, -1.69016000000, 5.07048000000, 84.92952000000, 3.38032000000, 0, 0
1.69312000000, 86.61376000000, -1.69312000000, 5.07936000000, 84.92064000000, 3.38624000000, 0, 0
1.69608000000, 86.60784000000, -1.69608000000, 5.08824000000, 84.91176000000, 3.39216000000, 0, 0
1.69904000000, 86.60192000000, -1.69904000000, 5.09712000000, 84.90288000000, 3.39808000000, 0, 0
1.70200000000, 86.59600000000, -1.70200000000, 5.10600000000, 84.89400000000, 3.40400000000, 0, 0
1.70496000000, 86.59008000000, -1.70496000000, 5.11488000000, 84.88512000000, 3.40992000000, 0, 0
1.70792000000, 86.58416000000, -1.70792000000, 5.12376000000, 84.87624000000, 3.41584000000, 0, 0
1.71088000000, 86.57824000000, -1.71088000000, 5.13264000000, 84.86736000000, 3.42176000000, 0, 0
1.71384000000, 86.57232000000, -1.71384000000, 5.14152000000, 84.85848000000, 3.42768000000, 0, 0
1.71680000000, 86.56640000000, -1.71680000000, 5.15040000000, 84.84960000000, 3.43360000000, 0, 0
1.71976000000, 86.56048000000, -1.71976000000, 5.15928000000, 84.84072000000, 3.43952000000, 0, 0
1.72272000000, 86.55456000000, -1.72272000000, 5.16816000000, 84.83184000000, 3.44544000000, 0, 0
1.72568000000, 86.54864000000, -1.72568000000, 5.17704000000, 84.82296000000, 3.45136000000, 0, 0
1.72864000000, 86.54272000000, -1.72864000000, 5.18592000000, 84.81408000000, 3.45728000000, 0, 0
1.73160000000, 86.53680000000, -1.73160000000, 5.19480000000, 84.80520000000, 3.46320000000, 0, 0
1.73456000000, 86.53088000000, -1.73456000000, 5.20368000000, 84.79632000000, 3.46912000000, 0, 0
1.73752000000, 86.52496000000, -1.73752000000, 5.21256000000, 84.78744000000, 3.47504000000, 0, 0
1.74048000000, 86.51904000000, -1.74048000000, 5.22144000000, 84.77856000000, 3.48096000000, 0, 0
1.74344000000, 86.51312000000, -1.74344000000, 5.23032000000, 84.76968000000, 3.48688000000, 0, 0
1.74640000000, 86.50720000000, -1.74640000000, 5.23920000000, 84.76080000000, 3.49280000000, 0, 0
1.74936000000, 86.50128000000, -1.74936000000, 5.24808000000, 84.75192000000, 3.49872000000, 0, 0
1.75232000000, 86.49536000000, -1.75232000000, 5.25696000000, 84.74304000000, 3.50464000000, 0, 0
1.75528000000, 86.48944000000, -1.75528000000, 5.26584000000, 84.73416000000, 3.51056000000, 0, 0
1.75824000000, 86.48352000000, -1.75824000000, 5.27472000000, 84.72528000000, 3.51648000000, 0, 0
1.76120000000, 86.47760000000, -1.76120000000, 5.28360000000, 84.71640000000, 3.52240000000, 0, 0
1.76416000000, 86.47168000000, -1.76416000000, 5.29248000000, 84.70752000000, 3.52832000000, 0, 0
1.76712000000, 86.46576000000, -1.76712000000, 5.30136000000, 84.69864000000, 3.53424000000, 0, 0
1.77008000000, 86.45984000000, -1.77008000000, 5.31024000000, 84.68976000000, 3.54016000000, 0, 0
1.77304000000, 86.45392000000, -1.77304000000, 5.31912000000, 84.68088000000, 3.54608000000, 0, 0
1.77600000000, 86.44800000000, -1.77600000000, 5.32800000000, 84.67200000000, 3.55200000000, 0, 0
1.77896000000, 86.44208000000, -1.77896000000, 5.33688000000, 84.66312000000, 3.55792000000, 0, 0
1.78192000000, 86.43616000000, -1.78192000000, 5.34576000000, 84.65424000000, 3.56384000000, 0, 0
1.78488000000, 86.43024000000, -1.78488000000, 5.35464000000, 84.64536000000, 3.56976000000, 0, 0
1.78784000000, 86.42432000000, -1.78784000000, 5.36352000000, 84.63648000000, 3.57568000000, 0, 0
1.79080000000, 86.41840000000, -1.79080000000, 5.37240000000, 84.62760000000, 3.58160000000, 0, 0
1.79376000000, 86.41248000000, -1.79376000000, 5.38128000000, 84.61872000000, 3.58752000000, 0, 0
1.79672000000, 86.40656000000, -1.79672000000, 5.39016000000, 84.60984000000, 3.59344000000, 0, 0
1.79968000000, 86.40064000000, -1.79968000000, 5.39904000000, 84.60096000000, 3.59936000000, 0, 0
1.80264000000, 86.39472000000, -1.80264000000, 5.40792000000, 84.59208000000, 3.60528000000, 0, 0
1.80560000000, 86.38880000000, -1.80560000000, 5.41680000000, 84.58320000000, 3.61120000000, 0, 0
1.80856000000, 86.38288000000, -1.80856000000, 5.42568000000, 84.57432000000, 3.61712000000, 0, 0
1.81152000000, 86.37696000000, -1.81152000000, 5.43456000000, 84.56544000000, 3.62304000000, 0, 0
1.81448000000, 86.37104000000, -1.81448000000, 5.44344000000, 84.55656000000, 3.62896000000, 0, 0
1.81744000000, 86.36512000000, -1.81744000000, 5.45232000000, 84.54768000000, 3.63488000000, 0, 0
1.82040000000, 86.35920000000, -1.82040000000, 5.46120000000, 84.53880000000, 3.64080000000, 0, 0
1.82336000000, 86.35328000000, -1.82336000000, 5.47008000000, 84.52992000000, 3.64672000000, 0, 0
1.82632000000, 86.34736000000, -1.82632000000, 5.47896000000, 84.52104000000, 3.65264000000, 0, 0
1.82928000000, 86.34144000000, -1.82928000000, 5.48784000000, 84.51216000000, 3.65856000000, 0, 0
1.83224000000, 86.33552000000, -1.83224000000, 5.49672000000, 84.50328000000, 3.66448000000, 0, 0
1.83520000000, 86.32960000000, -1.83520000000, 5.50560000000, 84.49440000000, 3.67040000000, 0, 0
1.83816000000, 86.32368000000, -1.83816000000, 5.51448000000, 84.48552000000, 3.67632000000, 0, 0
1.84112000000, 86.31776000000, -1.84112000000, 5.52336000000, 84.47664000000, 3.68224000000, 0, 0
1.84408000000, 86.31184000000, -1.84408000000, 5.53224000000, 84.46776000000, 3.68816000000, 0, 0
1.84704000000, 86.30592000000, -1.84704000000, 5.54112000000, 84.45888000000, 3.69408000000, 0, 0
1.85000000000, 86.30000000000, -1.85000000000, 5.55000000000, 84.45000000000, 3.70000000000, 0, 0
1.85296000000, 86.29408000000, -1.85296000000, 5.55888000000, 84.44112000000, 3.70592000000, 0, 0
1.85592000000, 86.28816000000, -1.85592000000, 5.56776000000, 84.43224000000, 3.71184000000, 0, 0
1.85888000000, 86.28224000000, -1.85888000000, 5.57664000000, 84.42336000000, 3.71776000000, 0, 0
1.86184000000, 86.27632000000, -1.86184000000, 5.58552000000, 84.41448000000, 3.72368000000, 0, 0
1.86480000000, 86.27040000000, -1.86480000000, 5.59440000000, 84.40560000000, 3.72960000000, 0, 0
1.86776000000, 86.26448000000, -1.86776000000, 5.60328000000, 84.39672000000, 3.73552000000, 0, 0
1.87072000000, 86.25856000000, -1.87072000000, 5.61216000000, 84.38784000000, 3.74144000000, 0, 0
1.87368000000, 86.25264000000, -1.87368000000, 5.62104000000, 84.37896000000, 3.74736000000, 0, 0
1.87664000000, 86.24672000000, -1.87664000000, 5.62992000000, 84.37008000000, 3.75328000000, 0, 0
1.87960000000, 86.24080000000, -1.87960000000, 5.63880000000, 84.36120000000, 3.75920000000, 0, 0
1.88256000000, 86.23488000000, -1.88256000000, 5.64768000000, 84.35232000000, 3.76512000000, 0, 0
1.88552000000, 86.22896000000, -1.88552000000, 5.65656000000, 84.34344000000, 3.77104000000, 0, 0
1.88848000000, 86.22304000000, -1.88848000000, 5.66544000000, 84.33456000000, 3.77696000000, 0, 0
1.89144000000, 86.21712000000, -1.89144000000, 5.67432000000, 84.32568000000, 3.78288000000, 0, 0
1.89440000000, 86.21120000000, -1.89440000000, 5.68320000000, 84.31680000000, 3.78880000000, 0, 0
1.89736000000, 86.20528000000, -1.89736000000, 5.69208000000, 84.30792000000, 3.79472000000, 0, 0
1.90032000000, 86.19936000000, -1.90032000000, 5.70096000000, 84.29904000000, 3.80064000000, 0, 0
1.90328000000, 86.19344000000, -1.90328000000, 5.70984000000, 84.29016000000, 3.80656000000, 0, 0
1.90624000000, 86.18752000000, -1.90624000000, 5.71872000000, 84.28128000000, 3.81248000000, 0, 0
1.90920000000, 86.18160000000, -1.90920000000, 5.72760000000, 84.27240000000, 3.81840000000, 0, 0
1.91216000000, 86.17568000000, -1.91216000000, 5.73648000000, 84.26352000000, 3.82432000000, 0, 0
1.91512000000, 86.16976000000, -1.91512000000, 5.74536000000, 84.25464000000, 3.83024000000, 0, 0
1.91808000000, 86.16384000000, -1.91808000000, 5.75424000000, 84.24576000000, 3.83616000000, 0, 0
1.92104000000, 86.15792000000, -1.92104000000, 5.76312000000, 84.23688000000, 3.84208000000, 0, 0
1.92400000000, 86.15200000000, -1.92400000000, 5.77200000000, 84.22800000000, 3.84800000000, 0, 0
1.92696000000, 86.14608000000, -1.92696000000, 5.78088000000, 84.21912000000, 3.85392000000, 0, 0
1.92992000000, 86.14016000000, -1.92992000000, 5.78976000000, 84.21024000000, 3.85984000000, 0, 0
1.93288000000, 86.13424000000, -1.93288000000, 5.79864000000, 84.20136000000, 3.86576000000, 0, 0
1.93584000000, 86.12832000000, -1.93584000000, 5.80752000000, 84.19248000000, 3.87168000000, 0, 0
1.93880000000, 86.12240000000, -1.93880000000, 5.81640000000, 84.18360000000, 3.87760000000, 0, 0
1.94176000000, 86.11648000000, -1.94176000000, 5.82528000000, 84.17472000000, 3.88352000000, 0, 0
1.94472000000, 86.11056000000, -1.94472000000, 5.83416000000, 84.16584000000, 3.88944000000, 0, 0
1.94768000000, 86.10464000000, -1.94768000000, 5.84304000000, 84.15696000000, 3.89536000000, 0, 0
1.95064000000, 86.09872000000, -1.95064000000, 5.85192000000, 84.14808000000, 3.90128000000, 0, 0
1.95360000000, 86.09280000000, -1.95360000000, 5.86080000000, 84.13920000000, 3.90720000000, 0, 0
1.95656000000, 86.08688000000, -1.95656000000, 5.86968000000, 84.13032000000, 3.91312000000, 0, 0
1.95952000000, 86.08096000000, -1.95952000000, 5.87856000000, 84.12144000000, 3.91904000000, 0, 0
1.96248000000, 86.07504000000, -1.96248000000, 5.88744000000, 84.11256000000, 3.92496000000, 0, 0
1.96544000000, 86.06912000000, -1.96544000000, 5.89632000000, 84.10368000000, 3.93088000000, 0, 0
1.96840000000, 86.06320000000, -1.96840000000, 5.90520000000, 84.09480000000, 3.93680000000, 0, 0
1.97136000000, 86.05728000000, -1.97136000000, 5.91408000000, 84.08592000000, 3.94272000000, 0, 0
1.97432000000, 86.05136000000, -1.97432000000, 5.92296000000, 84.07704000000, 3.94864000000, 0, 0
1.97728000000, 86.04544000000, -1.97728000000, 5.93184000000, 84.06816000000, 3.95456000000, 0, 0
1.98024000000, 86.03952000000, -1.98024000000, 5.94072000000, 84.05928000000, 3.96048000000, 0, 0
1.98320000000, 86.03360000000, -1.98320000000, 5.94960000000, 84.05040000000, 3.96640000000, 0, 0
1.98616000000, 86.02768000000, -1.98616000000, 5.95848000000, 84.04152000000, 3.97232000000, 0, 0
1.98912000000, 86.02176000000, -1.98912000000, 5.96736000000, 84.03264000000, 3.97824000000, 0, 0
1.99208000000, 86.01584000000, -1.99208000000, 5.97624000000, 84.02376000000, 3.98416000000, 0, 0
1.99504000000, 86.00992000000, -1.99504000000, 5.98512000000, 84.01488000000, 3.99008000000, 0, 0
1.99800000000, 86.00400000000, -1.99800000000, 5.99400000000, 84.00600000000, 3.99600000000, 0, 0
2.00096000000, 85.99808000000, -2.00096000000, 6.00288000000, 83.99712000000, 4.00192000000, 0, 0
2.00392000000, 85.99216000000, -2.00392000000, 6.01176000000, 83.98824000000, 4.00784000000, 0, 0
2.00688000000, 85.98624000000, -2.00688000000, 6.02064000000, 83.97936000000, 4.01376000000, 0, 0
2.00984000000, 85.98032000000, -2.00984000000, 6.02952000000, 83.97048000000, 4.01968000000, 0, 0
2.01280000000, 85.97440000000, -2.01280000000, 6.03840000000, 83.96160000000, 4.02560000000, 0, 0
2.01576000000, 85.96848000000, -2.01576000000, 6.04728000000, 83.95272000000, 4.03152000000, 0, 0
2.01872000000, 85.96256000000, -2.01872000000, 6.05616000000, 83.94384000000, 4.03744000000, 0, 0
2.02168000000, 85.95664000000, -2.02168000000, 6.06504000000, 83.93496000000, 4.04336000000, 0, 0
2.02464000000, 85.95072000000, -2.02464000000, 6.07392000000, 83.92608000000, 4.04928000000, 0, 0
2.02760000000, 85.94480000000, -2.02760000000, 6.08280000000, 83.91720000000, 4.05520000000, 0, 0
2.03056000000, 85.93888000000, -2.03056000000, 6.09168000000, 83.90832000000, 4.06112000000, 0, 0
2.03352000000, 85.93296000000, -2.03352000000, 6.10056000000, 83.89944000000, 4.06704000000, 0, 0
2.03648000000, 85.92704000000, -2.03648000000, 6.10944000000, 83.89056000000, 4.07296000000, 0, 0
2.03944000000, 85.92112000000, -2.03944000000, 6.11832000000, 83.88168000000, 4.07888000000, 0, 0
2.04240000000, 85.91520000000, -2.04240000000, 6.12720000000, 83.87280000000, 4.08480000000, 0, 0
2.04536000000, 85.90928000000, -2.04536000000, 6.13608000000, 83.86392000000, 4.09072000000, 0, 0
2.04832000000, 85.90336000000, -2.04832000000, 6.14496000000, 83.85504000000, 4.09664000000, 0, 0
2.05128000000, 85.89744000000, -2.05128000000, 6.15384000000, 83.84616000000, 4.10256000000, 0, 0
2.05424000000, 85.89152000000, -2.05424000000, 6.16272000000, 83.83728000000, 4.10848000000, 0, 0
2.05720000000, 85.88560000000, -2.05720000000, 6.17160000000, 83.82840000000, 4.11440000000, 0, 0
2.06016000000, 85.87968000000, -2.06016000000, 6.18048000000, 83.81952000000, 4.12032000000, 0, 0
2.06312000000, 85.87376000000, -2.06312000000, 6.18936000000, 83.81064000000, 4.12624000000, 0, 0
2.06608000000, 85.86784000000, -2.06608000000, 6.19824000000, 83.80176000000, 4.13216000000, 0, 0
2.06904000000, 85.86192000000, -2.06904000000, 6.20712000000, 83.79288000000, 4.13808000000, 0, 0
2.07200000000, 85.85600000000, -2.07200000000, 6.21600000000, 83.78400000000, 4.14400000000, 0, 0
2.07496000000, 85.85008000000, -2.07496000000, 6.22488000000, 83.77512000000, 4.14992000000, 0, 0
2.07792000000, 85.84416000000, -2.07792000000, 6.23376000000, 83.76624000000, 4.15584000000, 0, 0
2.08088000000, 85.83824000000, -2.08088000000, 6.24264000000, 83.75736000000, 4.16176000000, 0, 0
2.08384000000, 85.83232000000, -2.08384000000, 6.25152000000, 83.74848000000, 4.16768000000, 0, 0
2.08680000000, 85.82640000000, -2.08680000000, 6.26040000000, 83.73960000000, 4.17360000000, 0, 0
2.08976000000, 85.82048000000, -2.08976000000, 6.26928000000, 83.73072000000, 4.17952000000, 0, 0
2.09272000000, 85.81456000000, -2.09272000000, 6.27816000000, 83.72184000000, 4.18544000000, 0, 0
2.09568000000, 85.80864000000, -2.09568000000, 6.28704000000, 83.71296000000, 4.19136000000, 0, 0
2.09864000000, 85.80272000000, -2.09864000000, 6.29592000000, 83.70408000000, 4.19728000000, 0, 0
2.10160000000, 85.79680000000, -2.10160000000, 6.30480000000, 83.69520000000, 4.20320000000, 0, 0
2.10456000000, 85.79088000000, -2.10456000000, 6.31368000000, 83.68632000000, 4.20912000000, 0, 0
2.10752000000, 85.78496000000, -2.10752000000, 6.32256000000, 83.67744000000, 4.21504000000, 0, 0
2.11048000000, 85.77904000000, -2.11048000000, 6.33144000000, 83.66856000000, 4.22096000000, 0, 0
2.11344000000, 85.77312000000, -2.11344000000, 6.34032000000, 83.65968000000, 4.22688000000, 0, 0
2.11640000000, 85.76720000000, -2.11640000000, 6.34920000000, 83.65080000000, 4.23280000000, 0, 0
2.11936000000, 85.76128000000, -2.11936000000, 6.35808000000, 83.64192000000, 4.23872000000, 0, 0
2.12232000000, 85.75536000000, -2.12232000000, 6.36696000000, 83.63304000000, 4.24464000000, 0, 0
2.12528000000, 85.74944000000, -2.12528000000, 6.37584000000, 83.62416000000, 4.25056000000, 0, 0
2.12824000000, 85.74352000000, -2.12824000000, 6.38472000000, 83.61528000000, 4.25648000000, 0, 0
2.13120000000, 85.73760000000, -2.13120000000, 6.39360000000, 83.60640000000, 4.26240000000, 0, 0
2.13416000000, 85.73168000000, -2.13416000000, 6.40248000000, 83.59752000000, 4.26832000000, 0, 0
2.13712000000, 85.72576000000, -2.13712000000, 6.41136000000, 83.58864000000, 4.27424000000, 0, 0
2.14008000000, 85.71984000000, -2.14008000000, 6.42024000000, 83.57976000000, 4.28016000000, 0, 0
2.14304000000, 85.71392000000, -2.14304000000, 6.42912000000, 83.57088000000, 4.28608000000, 0, 0
2.14600000000, 85.70800000000, -2.14600000000, 6.43800000000, 83.56200000000, 4.29200000000, 0, 0
2.14896000000, 85.70208000000, -2.14896000000, 6.44688000000, 83.55312000000, 4.29792000000, 0, 0
2.15192000000, 85.69616000000, -2.15192000000, 6.45576000000, 83.54424000000, 4.30384000000, 0, 0
2.15488000000, 85.69024000000, -2.15488000000, 6.46464000000, 83.53536000000, 4.30976000000, 0, 0
2.15784000000, 85.68432000000, -2.15784000000, 6.47352000000, 83.52648000000, 4.31568000000, 0, 0
2.16080000000, 85.67840000000, -2.16080000000, 6.48240000000, 83.51760000000, 4.32160000000, 0, 0
2.16376000000, 85.67248000000, -2.16376000000, 6.49128000000, 83.50872000000, 4.32752000000, 0, 0
2.16672000000, 85.66656000000, -2.16672000000, 6.50016000000, 83.49984000000, 4.33344000000, 0, 0
2.16968000000, 85.66064000000, -2.16968000000, 6.50904000000, 83.49096000000, 4.33936000000, 0, 0
2.17264000000, 85.65472000000, -2.17264000000, 6.51792000000, 83.48208000000, 4.34528000000, 0, 0
2.17560000000, 85.64880000000, -2.17560000000, 6.52680000000, 83.47320000000, 4.35120000000, 0, 0
2.17856000000, 85.64288000000, -2.17856000000, 6.53568000000, 83.46432000000, 4.35712000000, 0, 0
2.18152000000, 85.63696000000, -2.18152000000, 6.54456000000, 83.45544000000, 4.36304000000, 0, 0
2.18448000000, 85.63104000000, -2.18448000000, 6.55344000000, 83.44656000000, 4.36896000000, 0, 0
2.18744000000, 85.62512000000, -2.18744000000, 6.56232000000, 83.43768000000, 4.37488000000, 0, 0
2.19040000000, 85.61920000000, -2.19040000000, 6.57120000000, 83.42880000000, 4.38080000000, 0, 0
2.19336000000, 85.61328000000, -2.19336000000, 6.58008000000, 83.41992000000, 4.38672000000, 0, 0
2.19632000000, 85.60736000000, -2.19632000000, 6.58896000000, 83.41104000000, 4.39264000000, 0, 0
2.19928000000, 85.60144000000, -2.19928000000, 6.59784000000, 83.40216000000, 4.39856000000, 0, 0
2.20224000000, 85.59552000000, -2.20224000000, 6.60672000000, 83.39328000000, 4.40448000000, 0, 0
2.20520000000, 85.58960000000, -2.20520000000, 6.61560000000, 83.38440000000, 4.41040000000, 0, 0
2.20816000000, 85.58368000000, -2.20816000000, 6.62448000000, 83.37552000000, 4.41632000000, 0, 0
2.21112000000, 85.57776000000, -2.21112000000, 6.63336000000, 83.36664000000, 4.42224000000, 0, 0
2.21408000000, 85.57184000000, -2.21408000000, 6.64224000000, 83.35776000000, 4.42816000000, 0, 0
2.21704000000, 85.56592000000, -2.21704000000, 6.65112000000, 83.34888000000, 4.43408000000, 0, 0
2.22000000000, 85.56000000000, -2.22000000000, 6.66000000000, 83.34000000000, 4.44000000000, 0, 0
2.22296000000, 85.55408000000, -2.22296000000, 6.66888000000, 83.33112000000, 4.44592000000, 0, 0
2.22592000000, 85.54816000000, -2.22592000000, 6.67776000000, 83.32224000000, 4.45184000000, 0, 0
2.22888000000, 85.54224000000, -2.22888000000, 6.68664000000, 83.31336000000, 4.45776000000, 0, 0
2.23184000000, 85.53632000000, -2.23184000000, 6.69552000000, 83.30448000000, 4.46368000000, 0, 0
2.23480000000, 85.53040000000, -2.23480000000, 6.70440000000, 83.29560000000, 4.46960000000, 0, 0
2.23776000000, 85.52448000000, -2.23776000000, 6.71328000000, 83.28672000000, 4.47552000000, 0, 0
2.24072000000, 85.51856000000, -2.24072000000, 6.72216000000, 83.27784000000, 4.48144000000, 0, 0
2.24368000000, 85.51264000000, -2.24368000000, 6.73104000000, 83.26896000000, 4.48736000000, 0, 0
2.24664000000, 85.50672000000, -2.24664000000, 6.73992000000, 83.26008000000, 4.49328000000, 0, 0
2.24960000000, 85.50080000000, -2.24960000000, 6.74880000000, 83.25120000000, 4.49920000000, 0, 0
2.25256000000, 85.49488000000, -2.25256000000, 6.75768000000, 83.24232000000, 4.50512000000, 0, 0
2.25552000000, 85.48896000000, -2.25552000000, 6.76656000000, 83.23344000000, 4.51104000000, 0, 0
2.25848000000, 85.48304000000, -2.25848000000, 6.77544000000, 83.22456000000, 4.51696000000, 0, 0
2.26144000000, 85.47712000000, -2.26144000000, 6.78432000000, 83.21568000000, 4.52288000000, 0, 0
2.26440000000, 85.47120000000, -2.26440000000, 6.79320000000, 83.20680000000, 4.52880000000, 0, 0
2.26736000000, 85.46528000000, -2.26736000000, 6.80208000000, 83.19792000000, 4.53472000000, 0, 0
2.27032000000, 85.45936000000, -2.27032000000, 6.81096000000, 83.18904000000, 4.54064000000, 0, 0
2.27328000000, 85.45344000000, -2.27328000000, 6.81984000000, 83.18016000000, 4.54656000000, 0, 0
2.27624000000, 85.44752000000, -2.27624000000, 6.82872000000, 83.17128000000, 4.55248000000, 0, 0
2.27920000000, 85.44160000000, -2.27920000000, 6.83760000000, 83.16240000000, 4.55840000000, 0, 0
2.28216000000, 85.43568000000, -2.28216000000, 6.84648000000, 83.15352000000, 4.56432000000, 0, 0
2.28512000000, 85.42976000000, -2.28512000000, 6.85536000000, 83.14464000000, 4.57024000000, 0, 0
2.28808000000, 85.42384000000, -2.28808000000, 6.86424000000, 83.13576000000, 4.57616000000, 0, 0
2.29104000000, 85.41792000000, -2.29104000000, 6.87312000000, 83.12688000000, 4.58208000000, 0, 0
2.29400000000, 85.41200000000, -2.29400000000, 6.88200000000, 83.11800000000, 4.58800000000, 0, 0
2.29696000000, 85.40608000000, -2.29696000000, 6.89088000000, 83.10912000000, 4.59392000000, 0, 0
2.29992000000, 85.40016000000, -2.29992000000, 6.89976000000, 83.10024000000, 4.59984000000, 0, 0
2.30288000000, 85.39424000000, -2.30288000000, 6.90864000000, 83.09136000000, 4.60576000000, 0, 0
2.30584000000, 85.38832000000, -2.30584000000, 6.91752000000, 83.08248000000, 4.61168000000, 0, 0
2.30880000000, 85.38240000000, -2.30880000000, 6.92640000000, 83.07360000000, 4.61760000000, 0, 0
2.31176000000, 85.37648000000, -2.31176000000, 6.93528000000, 83.06472000000, 4.62352000000, 0, 0
2.31472000000, 85.37056000000, -2.31472000000, 6.94416000000, 83.05584000000, 4.62944000000, 0, 0
2.31768000000, 85.36464000000, -2.31768000000, 6.95304000000, 83.04696000000, 4.63536000000, 0, 0
2.32064000000, 85.35872000000, -2.32064000000, 6.96192000000, 83.03808000000, 4.64128000000, 0, 0
2.32360000000, 85.35280000000, -2.32360000000, 6.97080000000, 83.02920000000, 4.64720000000, 0, 0
2.32656000000, 85.34688000000, -2.32656000000, 6.97968000000, 83.02032000000, 4.65312000000, 0, 0
2.32952000000, 85.34096000000, -2.32952000000, 6.98856000000, 83.01144000000, 4.65904000000, 0, 0
2.33248000000, 85.33504000000, -2.33248000000, 6.99744000000, 83.00256000000, 4.66496000000, 0, 0
2.33544000000, 85.32912000000, -2.33544000000, 7.00632000000, 82.99368000000, 4.67088000000, 0, 0
2.33840000000, 85.32320000000, -2.33840000000, 7.01520000000, 82.98480000000, 4.67680000000, 0, 0
2.34136000000, 85.31728000000, -2.34136000000, 7.02408000000, 82.97592000000, 4.68272000000, 0, 0
2.34432000000, 85.31136000000, -2.34432000000, 7.03296000000, 82.96704000000, 4.68864000000, 0, 0
2.34728000000, 85.30544000000, -2.34728000000, 7.04184000000, 82.95816000000, 4.69456000000, 0, 0
2.35024000000, 85.29952000000, -2.35024000000, 7.05072000000, 82.94928000000, 4.70048000000, 0, 0
2.35320000000, 85.29360000000, -2.35320000000, 7.05960000000, 82.94040000000, 4.70640000000, 0, 0
2.35616000000, 85.28768000000, -2.35616000000, 7.06848000000, 82.93152000000, 4.71232000000, 0, 0
2.35912000000, 85.28176000000, -2.35912000000, 7.07736000000, 82.92264000000, 4.71824000000, 0, 0
2.36208000000, 85.27584000000, -2.36208000000, 7.08624000000, 82.91376000000, 4.72416000000, 0, 0
2.36504000000, 85.26992000000, -2.36504000000, 7.09512000000, 82.90488000000, 4.73008000000, 0, 0
2.36800000000, 85.26400000000, -2.36800000000, 7.10400000000, 82.89600000000, 4.73600000000, 0, 0
2.37096000000, 85.25808000000, -2.37096000000, 7.11288000000, 82.88712000000, 4.74192000000, 0, 0
2.37392000000, 85.25216000000, -2.37392000000, 7.12176000000, 82.87824000000, 4.74784000000, 0, 0
2.37688000000, 85.24624000000, -2.37688000000, 7.13064000000, 82.86936000000, 4.75376000000, 0, 0
2.37984000000, 85.24032000000, -2.37984000000, 7.13952000000, 82.86048000000, 4.75968000000, 0, 0
2.38280000000, 85.23440000000, -2.38280000000, 7.14840000000, 82.85160000000, 4.76560000000, 0, 0
2.38576000000, 85.22848000000, -2.38576000000, 7.15728000000, 82.84272000000, 4.77152000000, 0, 0
2.38872000000, 85.22256000000, -2.38872000000, 7.16616000000, 82.83384000000, 4.77744000000, 0, 0
2.39168000000, 85.21664000000, -2.39168000000, 7.17504000000, 82.82496000000, 4.78336000000, 0, 0
2.39464000000, 85.21072000000, -2.39464000000, 7.18392000000, 82.81608000000, 4.78928000000, 0, 0
2.39760000000, 85.20480000000, -2.39760000000, 7.19280000000, 82.80720000000, 4.79520000000, 0, 0
2.40056000000, 85.19888000000, -2.40056000000, 7.20168000000, 82.79832000000, 4.80112000000, 0, 0
2.40352000000, 85.19296000000, -2.40352000000, 7.21056000000, 82.78944000000, 4.80704000000, 0, 0
2.40648000000, 85.18704000000, -2.40648000000, 7.21944000000, 82.78056000000, 4.81296000000, 0, 0
2.40944000000, 85.18112000000, -2.40944000000, 7.22832000000, 82.77168000000, 4.81888000000, 0, 0
2.41240000000, 85.17520000000, -2.41240000000, 7.23720000000, 82.76280000000, 4.82480000000, 0, 0
2.41536000000, 85.16928000000, -2.41536000000, 7.24608000000, 82.75392000000, 4.83072000000, 0, 0
2.41832000000, 85.16336000000, -2.41832000000, 7.25496000000, 82.74504000000, 4.83664000000, 0, 0
2.42128000000, 85.15744000000, -2.42128000000, 7.26384000000, 82.73616000000, 4.84256000000, 0, 0
2.42424000000, 85.15152000000, -2.42424000000, 7.27272000000, 82.72728000000, 4.84848000000, 0, 0
2.42720000000, 85.14560000000, -2.42720000000, 7.28160000000, 82.71840000000, 4.85440000000, 0, 0
2.43016000000, 85.13968000000, -2.43016000000, 7.29048000000, 82.70952000000, 4.86032000000, 0, 0
2.43312000000, 85.13376000000, -2.43312000000, 7.29936000000, 82.70064000000, 4.86624000000, 0, 0
2.43608000000, 85.12784000000, -2.43608000000, 7.30824000000, 82.69176000000, 4.87216000000, 0, 0
2.43904000000, 85.12192000000, -2.43904000000, 7.31712000000, 82.68288000000, 4.87808000000, 0, 0
2.44200000000, 85.11600000000, -2.44200000000, 7.32600000000, 82.67400000000, 4.88400000000, 0, 0
2.44496000000, 85.11008000000, -2.44496000000, 7.33488000000, 82.66512000000, 4.88992000000, 0, 0
2.44792000000, 85.10416000000, -2.44792000000, 7.34376000000, 82.65624000000, 4.89584000000, 0, 0
2.45088000000, 85.09824000000, -2.45088000000, 7.35264000000, 82.64736000000, 4.90176000000, 0, 0
2.45384000000, 85.09232000000, -2.45384000000, 7.36152000000, 82.63848000000, 4.90768000000, 0, 0
2.45680000000, 85.08640000000, -2.45680000000, 7.37040000000, 82.62960000000, 4.91360000000, 0, 0
2.45976000000, 85.08048000000, -2.45976000000, 7.37928000000, 82.62072000000, 4.91952000000, 0, 0
2.46272000000, 85.07456000000, -2.46272000000, 7.38816000000, 82.61184000000, 4.92544000000, 0, 0
2.46568000000, 85.06864000000, -2.46568000000, 7.39704000000, 82.60296000000, 4.93136000000, 0, 0
2.46864000000, 85.06272000000, -2.46864000000, 7.40592000000, 82.59408000000, 4.93728000000, 0, 0
2.47160000000, 85.05680000000, -2.47160000000, 7.41480000000, 82.58520000000, 4.94320000000, 0, 0
2.47456000000, 85.05088000000, -2.47456000000, 7.42368000000, 82.57632000000, 4.94912000000, 0, 0
2.47752000000, 85.04496000000, -2.47752000000, 7.43256000000, 82.56744000000, 4.95504000000, 0, 0
2.48048000000, 85.03904000000, -2.48048000000, 7.44144000000, 82.55856000000, 4.96096000000, 0, 0
2.48344000000, 85.03312000000, -2.48344000000, 7.45032000000, 82.54968000000, 4.96688000000, 0, 0
2.48640000000, 85.02720000000, -2.48640000000, 7.45920000000, 82.54080000000, 4.97280000000, 0, 0
2.48936000000, 85.02128000000, -2.48936000000, 7.46808000000, 82.53192000000, 4.97872000000, 0, 0
2.49232000000, 85.01536000000, -2.49232000000, 7.47696000000, 82.52304000000, 4.98464000000, 0, 0
2.49528000000, 85.00944000000, -2.49528000000, 7.48584000000, 82.51416000000, 4.99056000000, 0, 0
2.49824000000, 85.00352000000, -2.49824000000, 7.49472000000, 82.50528000000, 4.99648000000, 0, 0
2.50120000000, 84.99760000000, -2.50120000000, 7.50360000000, 82.49640000000, 5.00240000000, 0, 0
2.50416000000, 84.99168000000, -2.50416000000, 7.51248000000, 82.48752000000, 5.00832000000, 0, 0
2.50712000000, 84.98576000000, -2.50712000000, 7.52136000000, 82.47864000000, 5.01424000000, 0, 0
2.51008000000, 84.97984000000, -2.51008000000, 7.53024000000, 82.46976000000, 5.02016000000, 0, 0
2.51304000000, 84.97392000000, -2.51304000000, 7.53912000000, 82.46088000000, 5.02608000000, 0, 0
2.51600000000, 84.96800000000, -2.51600000000, 7.54800000000, 82.45200000000, 5.03200000000, 0, 0
2.51896000000, 84.96208000000, -2.51896000000, 7.55688000000, 82.44312000000, 5.03792000000, 0, 0
2.52192000000, 84.95616000000, -2.52192000000, 7.56576000000, 82.43424000000, 5.04384000000, 0, 0
2.52488000000, 84.95024000000, -2.52488000000, 7.57464000000, 82.42536000000, 5.04976000000, 0, 0
2.52784000000, 84.94432000000, -2.52784000000, 7.58352000000, 82.41648000000, 5.05568000000, 0, 0
2.53080000000, 84.93840000000, -2.53080000000, 7.59240000000, 82.40760000000, 5.06160000000, 0, 0
2.53376000000, 84.93248000000, -2.53376000000, 7.60128000000, 82.39872000000, 5.06752000000, 0, 0
2.53672000000, 84.92656000000, -2.53672000000, 7.61016000000, 82.38984000000, 5.07344000000, 0, 0
2.53968000000, 84.92064000000, -2.53968000000, 7.61904000000, 82.38096000000, 5.07936000000, 0, 0
2.54264000000, 84.91472000000, -2.54264000000, 7.62792000000, 82.37208000000, 5.08528000000, 0, 0
2.54560000000, 84.90880000000, -2.54560000000, 7.63680000000, 82.36320000000, 5.09120000000, 0, 0
2.54856000000, 84.90288000000, -2.54856000000, 7.64568000000, 82.35432000000, 5.09712000000, 0, 0
2.55152000000, 84.89696000000, -2.55152000000, 7.65456000000, 82.34544000000, 5.10304000000, 0, 0
2.55448000000, 84.89104000000, -2.55448000000, 7.66344000000, 82.33656000000, 5.10896000000, 0, 0
2.55744000000, 84.88512000000, -2.55744000000, 7.67232000000, 82.32768000000, 5.11488000000, 0, 0
2.56040000000, 84.87920000000, -2.56040000000, 7.68120000000, 82.31880000000, 5.12080000000, 0, 0
2.56336000000, 84.87328000000, -2.56336000000, 7.69008000000, 82.30992000000, 5.12672000000, 0, 0
2.56632000000, 84.86736000000, -2.56632000000, 7.69896000000, 82.30104000000, 5.13264000000, 0, 0
2.56928000000, 84.86144000000, -2.56928000000, 7.70784000000, 82.29216000000, 5.13856000000, 0, 0
2.57224000000, 84.85552000000, -2.57224000000, 7.71672000000, 82.28328000000, 5.14448000000, 0, 0
2.57520000000, 84.84960000000, -2.57520000000, 7.72560000000, 82.27440000000, 5.15040000000, 0, 0
2.57816000000, 84.84368000000, -2.57816000000, 7.73448000000, 82.26552000000, 5.15632000000, 0, 0
2.58112000000, 84.83776000000, -2.58112000000, 7.74336000000, 82.25664000000, 5.16224000000, 0, 0
2.58408000000, 84.83184000000, -2.58408000000, 7.75224000000, 82.24776000000, 5.16816000000, 0, 0
2.58704000000, 84.82592000000, -2.58704000000, 7.76112000000, 82.23888000000, 5.17408000000, 0, 0
2.59000000000, 84.82000000000, -2.59000000000, 7.77000000000, 82.23000000000, 5.18000000000, 0, 0
2.59296000000, 84.81408000000, -2.59296000000, 7.77888000000, 82.22112000000, 5.18592000000, 0, 0
2.59592000000, 84.80816000000, -2.59592000000, 7.78776000000, 82.21224000000, 5.19184000000, 0, 0
2.59888000000, 84.80224000000, -2.59888000000, 7.79664000000, 82.20336000000, 5.19776000000, 0, 0
2.60184000000, 84.79632000000, -2.60184000000, 7.80552000000, 82.19448000000, 5.20368000000, 0, 0
2.60480000000, 84.79040000000, -2.60480000000, 7.81440000000, 82.18560000000, 5.20960000000, 0, 0
2.60776000000, 84.78448000000, -2.60776000000, 7.82328000000, 82.17672000000, 5.21552000000, 0, 0
2.61072000000, 84.77856000000, -2.61072000000, 7.83216000000, 82.16784000000, 5.22144000000, 0, 0
2.61368000000, 84.77264000000, -2.61368000000, 7.84104000000, 82.15896000000, 5.22736000000, 0, 0
2.61664000000, 84.76672000000, -2.61664000000, 7.84992000000, 82.15008000000, 5.23328000000, 0, 0
2.61960000000, 84.76080000000, -2.61960000000, 7.85880000000, 82.14120000000, 5.23920000000, 0, 0
2.62256000000, 84.75488000000, -2.62256000000, 7.86768000000, 82.13232000000, 5.24512000000, 0, 0
2.62552000000, 84.74896000000, -2.62552000000, 7.87656000000, 82.12344000000, 5.25104000000, 0, 0
2.62848000000, 84.74304000000, -2.62848000000, 7.88544000000, 82.11456000000, 5.25696000000, 0, 0
2.63144000000, 84.73712000000, -2.63144000000, 7.89432000000, 82.10568000000, 5.26288000000, 0, 0
2.63440000000, 84.73120000000, -2.63440000000, 7.90320000000, 82.09680000000, 5.26880000000, 0, 0
2.63736000000, 84.72528000000, -2.63736000000, 7.91208000000, 82.08792000000, 5.27472000000, 0, 0
2.64032000000, 84.71936000000, -2.64032000000, 7.92096000000, 82.07904000000, 5.28064000000, 0, 0
2.64328000000, 84.71344000000, -2.64328000000, 7.92984000000, 82.07016000000, 5.28656000000, 0, 0
2.64624000000, 84.70752000000, -2.64624000000, 7.93872000000, 82.06128000000, 5.29248000000, 0, 0
2.64920000000, 84.70160000000, -2.64920000000, 7.94760000000, 82.05240000000, 5.29840000000, 0, 0
2.65216000000, 84.69568000000, -2.65216000000, 7.95648000000, 82.04352000000, 5.30432000000, 0, 0
2.65512000000, 84.68976000000, -2.65512000000, 7.96536000000, 82.03464000000, 5.31024000000, 0, 0
2.65808000000, 84.68384000000, -2.65808000000, 7.97424000000, 82.02576000000, 5.31616000000, 0, 0
2.66104000000, 84.67792000000, -2.66104000000, 7.98312000000, 82.01688000000, 5.32208000000, 0, 0
2.66400000000, 84.67200000000, -2.66400000000, 7.99200000000, 82.00800000000, 5.32800000000, 0, 0
2.66696000000, 84.66608000000, -2.66696000000, 8.00088000000, 81.99912000000, 5.33392000000, 0, 0
2.66992000000, 84.66016000000, -2.66992000000, 8.00976000000, 81.99024000000, 5.33984000000, 0, 0
2.67288000000, 84.65424000000, -2.67288000000, 8.01864000000, 81.98136000000, 5.34576000000, 0, 0
2.67584000000, 84.64832000000, -2.67584000000, 8.02752000000, 81.97248000000, 5.35168000000, 0, 0
2.67880000000, 84.64240000000, -2.67880000000, 8.03640000000, 81.96360000000, 5.35760000000, 0, 0
2.68176000000, 84.63648000000, -2.68176000000, 8.04528000000, 81.95472000000, 5.36352000000, 0, 0
2.68472000000, 84.63056000000, -2.68472000000, 8.05416000000, 81.94584000000, 5.36944000000, 0, 0
2.68768000000, 84.62464000000, -2.68768000000, 8.06304000000, 81.93696000000, 5.37536000000, 0, 0
2.69064000000, 84.61872000000, -2.69064000000, 8.07192000000, 81.92808000000, 5.38128000000, 0, 0
2.69360000000, 84.61280000000, -2.69360000000, 8.08080000000, 81.91920000000, 5.38720000000, 0, 0
2.69656000000, 84.60688000000, -2.69656000000, 8.08968000000, 81.91032000000, 5.39312000000, 0, 0
2.69952000000, 84.60096000000, -2.69952000000, 8.09856000000, 81.90144000000, 5.39904000000, 0, 0
2.70248000000, 84.59504000000, -2.70248000000, 8.10744000000, 81.89256000000, 5.40496000000, 0, 0
2.70544000000, 84.58912000000, -2.70544000000, 8.11632000000, 81.88368000000, 5.41088000000, 0, 0
2.70840000000, 84.58320000000, -2.70840000000, 8.12520000000, 81.87480000000, 5.41680000000, 0, 0
2.71136000000, 84.57728000000, -2.71136000000, 8.13408000000, 81.86592000000, 5.42272000000, 0, 0
2.71432000000, 84.57136000000, -2.71432000000, 8.14296000000, 81.85704000000, 5.42864000000, 0, 0
2.71728000000, 84.56544000000, -2.71728000000, 8.15184000000, 81.84816000000, 5.43456000000, 0, 0
2.72024000000, 84.55952000000, -2.72024000000, 8.16072000000, 81.83928000000, 5.44048000000, 0, 0
2.72320000000, 84.55360000000, -2.72320000000, 8.16960000000, 81.83040000000, 5.44640000000, 0, 0
2.72616000000, 84.54768000000, -2.72616000000, 8.17848000000, 81.82152000000, 5.45232000000, 0, 0
2.72912000000, 84.54176000000, -2.72912000000, 8.18736000000, 81.81264000000, 5.45824000000, 0, 0
2.73208000000, 84.53584000000, -2.73208000000, 8.19624000000, 81.80376000000, 5.46416000000, 0, 0
2.73504000000, 84.52992000000, -2.73504000000, 8.20512000000, 81.79488000000, 5.47008000000, 0, 0
2.73800000000, 84.52400000000, -2.73800000000, 8.21400000000, 81.78600000000, 5.47600000000, 0, 0
2.74096000000, 84.51808000000, -2.74096000000, 8.22288000000, 81.77712000000, 5.48192000000, 0, 0
2.74392000000, 84.51216000000, -2.74392000000, 8.23176000000, 81.76824000000, 5.48784000000, 0, 0
2.74688000000, 84.50624000000, -2.74688000000, 8.24064000000, 81.75936000000, 5.49376000000, 0, 0
2.74984000000, 84.50032000000, -2.74984000000, 8.24952000000, 81.75048000000, 5.49968000000, 0, 0
2.75280000000, 84.49440000000, -2.75280000000, 8.25840000000, 81.74160000000, 5.50560000000, 0, 0
2.75576000000, 84.48848000000, -2.75576000000, 8.26728000000, 81.73272000000, 5.51152000000, 0, 0
2.75872000000, 84.48256000000, -2.75872000000, 8.27616000000, 81.72384000000, 5.51744000000, 0, 0
2.76168000000, 84.47664000000, -2.76168000000, 8.28504000000, 81.71496000000, 5.52336000000, 0, 0
2.76464000000, 84.47072000000, -2.76464000000, 8.29392000000, 81.70608000000, 5.52928000000, 0, 0
2.76760000000, 84.46480000000, -2.76760000000, 8.30280000000, 81.69720000000, 5.53520000000, 0, 0
2.77056000000, 84.45888000000, -2.77056000000, 8.31168000000, 81.68832000000, 5.54112000000, 0, 0
2.77352000000, 84.45296000000, -2.77352000000, 8.32056000000, 81.67944000000, 5.54704000000, 0, 0
2.77648000000, 84.44704000000, -2.77648000000, 8.32944000000, 81.67056000000, 5.55296000000, 0, 0
2.77944000000, 84.44112000000, -2.77944000000, 8.33832000000, 81.66168000000, 5.55888000000, 0, 0
2.78240000000, 84.43520000000, -2.78240000000, 8.34720000000, 81.65280000000, 5.56480000000, 0, 0
2.78536000000, 84.42928000000, -2.78536000000, 8.35608000000, 81.64392000000, 5.57072000000, 0, 0
2.78832000000, 84.42336000000, -2.78832000000, 8.36496000000, 81.63504000000, 5.57664000000, 0, 0
2.79128000000, 84.41744000000, -2.79128000000, 8.37384000000, 81.62616000000, 5.58256000000, 0, 0
2.79424000000, 84.41152000000, -2.79424000000, 8.38272000000, 81.61728000000, 5.58848000000, 0, 0
2.79720000000, 84.40560000000, -2.79720000000, 8.39160000000, 81.60840000000, 5.59440000000, 0, 0
2.80016000000, 84.39968000000, -2.80016000000, 8.40048000000, 81.59952000000, 5.60032000000, 0, 0
2.80312000000, 84.39376000000, -2.80312000000, 8.40936000000, 81.59064000000, 5.60624000000, 0, 0
2.80608000000, 84.38784000000, -2.80608000000, 8.41824000000, 81.58176000000, 5.61216000000, 0, 0
2.80904000000, 84.38192000000, -2.80904000000, 8.42712000000, 81.57288000000, 5.61808000000, 0, 0
2.81200000000, 84.37600000000, -2.81200000000, 8.43600000000, 81.56400000000, 5.62400000000, 0, 0
2.81496000000, 84.37008000000, -2.81496000000, 8.44488000000, 81.55512000000, 5.62992000000, 0, 0
2.81792000000, 84.36416000000, -2.81792000000, 8.45376000000, 81.54624000000, 5.63584000000, 0, 0
2.82088000000, 84.35824000000, -2.82088000000, 8.46264000000, 81.53736000000, 5.64176000000, 0, 0
2.82384000000, 84.35232000000, -2.82384000000, 8.47152000000, 81.52848000000, 5.64768000000, 0, 0
2.82680000000, 84.34640000000, -2.82680000000, 8.48040000000, 81.51960000000, 5.65360000000, 0, 0
2.82976000000, 84.34048000000, -2.82976000000, 8.48928000000, 81.51072000000, 5.65952000000, 0, 0
2.83272000000, 84.33456000000, -2.83272000000, 8.49816000000, 81.50184000000, 5.66544000000, 0, 0
2.83568000000, 84.32864000000, -2.83568000000, 8.50704000000, 81.49296000000, 5.67136000000, 0, 0
2.83864000000, 84.32272000000, -2.83864000000, 8.51592000000, 81.48408000000, 5.67728000000, 0, 0
2.84160000000, 84.31680000000, -2.84160000000, 8.52480000000, 81.47520000000, 5.68320000000, 0, 0
2.84456000000, 84.31088000000, -2.84456000000, 8.53368000000, 81.46632000000, 5.68912000000, 0, 0
2.84752000000, 84.30496000000, -2.84752000000, 8.54256000000, 81.45744000000, 5.69504000000, 0, 0
2.85048000000, 84.29904000000, -2.85048000000, 8.55144000000, 81.44856000000, 5.70096000000, 0, 0
2.85344000000, 84.29312000000, -2.85344000000, 8.56032000000, 81.43968000000, 5.70688000000, 0, 0
2.85640000000, 84.28720000000, -2.85640000000, 8.56920000000, 81.43080000000, 5.71280000000, 0, 0
2.85936000000, 84.28128000000, -2.85936000000, 8.57808000000, 81.42192000000, 5.71872000000, 0, 0
2.86232000000, 84.27536000000, -2.86232000000, 8.58696000000, 81.41304000000, 5.72464000000, 0, 0
2.86528000000, 84.26944000000, -2.86528000000, 8.59584000000, 81.40416000000, 5.73056000000, 0, 0
2.86824000000, 84.26352000000, -2.86824000000, 8.60472000000, 81.39528000000, 5.73648000000, 0, 0
2.87120000000, 84.25760000000, -2.87120000000, 8.61360000000, 81.38640000000, 5.74240000000, 0, 0
2.87416000000, 84.25168000000, -2.87416000000, 8.62248000000, 81.37752000000, 5.74832000000, 0, 0
2.87712000000, 84.24576000000, -2.87712000000, 8.63136000000, 81.36864000000, 5.75424000000, 0, 0
2.88008000000, 84.23984000000, -2.88008000000, 8.64024000000, 81.35976000000, 5.76016000000, 0, 0
2.88304000000, 84.23392000000, -2.88304000000, 8.64912000000, 81.35088000000, 5.76608000000, 0, 0
2.88600000000, 84.22800000000, -2.88600000000, 8.65800000000, 81.34200000000, 5.77200000000, 0, 0
2.88896000000, 84.22208000000, -2.88896000000, 8.66688000000, 81.33312000000, 5.77792000000, 0, 0
2.89192000000, 84.21616000000, -2.89192000000, 8.67576000000, 81.32424000000, 5.78384000000, 0, 0
2.89488000000, 84.21024000000, -2.89488000000, 8.68464000000, 81.31536000000, 5.78976000000, 0, 0
2.89784000000, 84.20432000000, -2.89784000000, 8.69352000000, 81.30648000000, 5.79568000000, 0, 0
2.90080000000, 84.19840000000, -2.90080000000, 8.70240000000, 81.29760000000, 5.80160000000, 0, 0
2.90376000000, 84.19248000000, -2.90376000000, 8.71128000000, 81.28872000000, 5.80752000000, 0, 0
2.90672000000, 84.18656000000, -2.90672000000, 8.72016000000, 81.27984000000, 5.81344000000, 0, 0
2.90968000000, 84.18064000000, -2.90968000000, 8.72904000000, 81.27096000000, 5.81936000000, 0, 0
2.91264000000, 84.17472000000, -2.91264000000, 8.73792000000, 81.26208000000, 5.82528000000, 0, 0
2.91560000000, 84.16880000000, -2.91560000000, 8.74680000000, 81.25320000000, 5.83120000000, 0, 0
2.91856000000, 84.16288000000, -2.91856000000, 8.75568000000, 81.24432000000, 5.83712000000, 0, 0
2.92152000000, 84.15696000000, -2.92152000000, 8.76456000000, 81.23544000000, 5.84304000000, 0, 0
2.92448000000, 84.15104000000, -2.92448000000, 8.77344000000, 81.22656000000, 5.84896000000, 0, 0
2.92744000000, 84.14512000000, -2.92744000000, 8.78232000000, 81.21768000000, 5.85488000000, 0, 0
2.93040000000, 84.13920000000, -2.93040000000, 8.79120000000, 81.20880000000, 5.86080000000, 0, 0
2.93336000000, 84.13328000000, -2.93336000000, 8.80008000000, 81.19992000000, 5.86672000000, 0, 0
2.93632000000, 84.12736000000, -2.93632000000, 8.80896000000, 81.19104000000, 5.87264000000, 0, 0
2.93928000000, 84.12144000000, -2.93928000000, 8.81784000000, 81.18216000000, 5.87856000000, 0, 0
2.94224000000, 84.11552000000, -2.94224000000, 8.82672000000, 81.17328000000, 5.88448000000, 0, 0
2.94520000000, 84.10960000000, -2.94520000000, 8.83560000000, 81.16440000000, 5.89040000000, 0, 0
2.94816000000, 84.10368000000, -2.94816000000, 8.84448000000, 81.15552000000, 5.89632000000, 0, 0
2.95112000000, 84.09776000000, -2.95112000000, 8.85336000000, 81.14664000000, 5.90224000000, 0, 0
2.95408000000, 84.09184000000, -2.95408000000, 8.86224000000, 81.13776000000, 5.90816000000, 0, 0
2.95704000000, 84.08592000000, -2.95704000000, 8.87112000000, 81.12888000000, 5.91408000000, 0, 0
2.96000000000, 84.08000000000, -2.96000000000, 8.88000000000, 81.12000000000, 5.92000000000, 0, 0
2.96296000000, 84.07408000000, -2.96296000000, 8.88888000000, 81.11112000000, 5.92592000000, 0, 0
2.96592000000, 84.06816000000, -2.96592000000, 8.89776000000, 81.10224000000, 5.93184000000, 0, 0
2.96888000000, 84.06224000000, -2.96888000000, 8.90664000000, 81.09336000000, 5.93776000000, 0, 0
2.97184000000, 84.05632000000, -2.97184000000, 8.91552000000, 81.08448000000, 5.94368000000, 0, 0
2.97480000000, 84.05040000000, -2.97480000000, 8.92440000000, 81.07560000000, 5.94960000000, 0, 0
2.97776000000, 84.04448000000, -2.97776000000, 8.93328000000, 81.06672000000, 5.95552000000, 0, 0
2.98072000000, 84.03856000000, -2.98072000000, 8.94216000000, 81.05784000000, 5.96144000000, 0, 0
2.98368000000, 84.03264000000, -2.98368000000, 8.95104000000, 81.04896000000, 5.96736000000, 0, 0
2.98664000000, 84.02672000000, -2.98664000000, 8.95992000000, 81.04008000000, 5.97328000000, 0, 0
2.98960000000, 84.02080000000, -2.98960000000, 8.96880000000, 81.03120000000, 5.97920000000, 0, 0
2.99256000000, 84.01488000000, -2.99256000000, 8.97768000000, 81.02232000000, 5.98512000000, 0, 0
2.99552000000, 84.00896000000, -2.99552000000, 8.98656000000, 81.01344000000, 5.99104000000, 0, 0
2.99848000000, 84.00304000000, -2.99848000000, 8.99544000000, 81.00456000000, 5.99696000000, 0, 0
3.00144000000, 83.99712000000, -3.00144000000, 9.00432000000, 80.99568000000, 6.00288000000, 0, 0
3.00440000000, 83.99120000000, -3.00440000000, 9.01320000000, 80.98680000000, 6.00880000000, 0, 0
3.00736000000, 83.98528000000, -3.00736000000, 9.02208000000, 80.97792000000, 6.01472000000, 0, 0
3.01032000000, 83.97936000000, -3.01032000000, 9.03096000000, 80.96904000000, 6.02064000000, 0, 0
3.01328000000, 83.97344000000, -3.01328000000, 9.03984000000, 80.96016000000, 6.02656000000, 0, 0
3.01624000000, 83.96752000000, -3.01624000000, 9.04872000000, 80.95128000000, 6.03248000000, 0, 0
3.01920000000, 83.96160000000, -3.01920000000, 9.05760000000, 80.94240000000, 6.03840000000, 0, 0
3.02216000000, 83.95568000000, -3.02216000000, 9.06648000000, 80.93352000000, 6.04432000000, 0, 0
3.02512000000, 83.94976000000, -3.02512000000, 9.07536000000, 80.92464000000, 6.05024000000, 0, 0
3.02808000000, 83.94384000000, -3.02808000000, 9.08424000000, 80.91576000000, 6.05616000000, 0, 0
3.03104000000, 83.93792000000, -3.03104000000, 9.09312000000, 80.90688000000, 6.06208000000, 0, 0
3.03400000000, 83.93200000000, -3.03400000000, 9.10200000000, 80.89800000000, 6.06800000000, 0, 0
3.03696000000, 83.92608000000, -3.03696000000, 9.11088000000, 80.88912000000, 6.07392000000, 0, 0
3.03992000000, 83.92016000000, -3.03992000000, 9.11976000000, 80.88024000000, 6.07984000000, 0, 0
3.04288000000, 83.91424000000, -3.04288000000, 9.12864000000, 80.87136000000, 6.08576000000, 0, 0
3.04584000000, 83.90832000000, -3.04584000000, 9.13752000000, 80.86248000000, 6.09168000000, 0, 0
3.04880000000, 83.90240000000, -3.04880000000, 9.14640000000, 80.85360000000, 6.09760000000, 0, 0
3.05176000000, 83.89648000000, -3.05176000000, 9.15528000000, 80.84472000000, 6.10352000000, 0, 0
3.05472000000, 83.89056000000, -3.05472000000, 9.16416000000, 80.83584000000, 6.10944000000, 0, 0
3.05768000000, 83.88464000000, -3.05768000000, 9.17304000000, 80.82696000000, 6.11536000000, 0, 0
3.06064000000, 83.87872000000, -3.06064000000, 9.18192000000, 80.81808000000, 6.12128000000, 0, 0
3.06360000000, 83.87280000000, -3.06360000000, 9.19080000000, 80.80920000000, 6.12720000000, 0, 0
3.06656000000, 83.86688000000, -3.06656000000, 9.19968000000, 80.80032000000, 6.13312000000, 0, 0
3.06952000000, 83.86096000000, -3.06952000000, 9.20856000000, 80.79144000000, 6.13904000000, 0, 0
3.07248000000, 83.85504000000, -3.07248000000, 9.21744000000, 80.78256000000, 6.14496000000, 0, 0
3.07544000000, 83.84912000000, -3.07544000000, 9.22632000000, 80.77368000000, 6.15088000000, 0, 0
3.07840000000, 83.84320000000, -3.07840000000, 9.23520000000, 80.76480000000, 6.15680000000, 0, 0
3.08136000000, 83.83728000000, -3.08136000000, 9.24408000000, 80.75592000000, 6.16272000000, 0, 0
3.08432000000, 83.83136000000, -3.08432000000, 9.25296000000, 80.74704000000, 6.16864000000, 0, 0
3.08728000000, 83.82544000000, -3.08728000000, 9.26184000000, 80.73816000000, 6.17456000000, 0, 0
3.09024000000, 83.81952000000, -3.09024000000, 9.27072000000, 80.72928000000, 6.18048000000, 0, 0
3.09320000000, 83.81360000000, -3.09320000000, 9.27960000000, 80.72040000000, 6.18640000000, 0, 0
3.09616000000, 83.80768000000, -3.09616000000, 9.28848000000, 80.71152000000, 6.19232000000, 0, 0
3.09912000000, 83.80176000000, -3.09912000000, 9.29736000000, 80.70264000000, 6.19824000000, 0, 0
3.10208000000, 83.79584000000, -3.10208000000, 9.30624000000, 80.69376000000, 6.20416000000, 0, 0
3.10504000000, 83.78992000000, -3.10504000000, 9.31512000000, 80.68488000000, 6.21008000000, 0, 0
3.10800000000, 83.78400000000, -3.10800000000, 9.32400000000, 80.67600000000, 6.21600000000, 0, 0
3.11096000000, 83.77808000000, -3.11096000000, 9.33288000000, 80.66712000000, 6.22192000000, 0, 0
3.11392000000, 83.77216000000, -3.11392000000, 9.34176000000, 80.65824000000, 6.22784000000, 0, 0
3.11688000000, 83.76624000000, -3.11688000000, 9.35064000000, 80.64936000000, 6.23376000000, 0, 0
3.11984000000, 83.76032000000, -3.11984000000, 9.35952000000, 80.64048000000, 6.23968000000, 0, 0
3.12280000000, 83.75440000000, -3.12280000000, 9.36840000000, 80.63160000000, 6.24560000000, 0, 0
3.12576000000, 83.74848000000, -3.12576000000, 9.37728000000, 80.62272000000, 6.25152000000, 0, 0
3.12872000000, 83.74256000000, -3.12872000000, 9.38616000000, 80.61384000000, 6.25744000000, 0, 0
3.13168000000, 83.73664000000, -3.13168000000, 9.39504000000, 80.60496000000, 6.26336000000, 0, 0
3.13464000000, 83.73072000000, -3.13464000000, 9.40392000000, 80.59608000000, 6.26928000000, 0, 0
3.13760000000, 83.72480000000, -3.13760000000, 9.41280000000, 80.58720000000, 6.27520000000, 0, 0
3.14056000000, 83.71888000000, -3.14056000000, 9.42168000000, 80.57832000000, 6.28112000000, 0, 0
3.14352000000, 83.71296000000, -3.14352000000, 9.43056000000, 80.56944000000, 6.28704000000, 0, 0
3.14648000000, 83.70704000000, -3.14648000000, 9.43944000000, 80.56056000000, 6.29296000000, 0, 0
3.14944000000, 83.70112000000, -3.14944000000, 9.44832000000, 80.55168000000, 6.29888000000, 0, 0
3.15240000000, 83.69520000000, -3.15240000000, 9.45720000000, 80.54280000000, 6.30480000000, 0, 0
3.15536000000, 83.68928000000, -3.15536000000, 9.46608000000, 80.53392000000, 6.31072000000, 0, 0
3.15832000000, 83.68336000000, -3.15832000000, 9.47496000000, 80.52504000000, 6.31664000000, 0, 0
3.16128000000, 83.67744000000, -3.16128000000, 9.48384000000, 80.51616000000, 6.32256000000, 0, 0
3.16424000000, 83.67152000000, -3.16424000000, 9.49272000000, 80.50728000000, 6.32848000000, 0, 0
3.16720000000, 83.66560000000, -3.16720000000, 9.50160000000, 80.49840000000, 6.33440000000, 0, 0
3.17016000000, 83.65968000000, -3.17016000000, 9.51048000000, 80.48952000000, 6.34032000000, 0, 0
3.17312000000, 83.65376000000, -3.17312000000, 9.51936000000, 80.48064000000, 6.34624000000, 0, 0
3.17608000000, 83.64784000000, -3.17608000000, 9.52824000000, 80.47176000000, 6.35216000000, 0, 0
3.17904000000, 83.64192000000, -3.17904000000, 9.53712000000, 80.46288000000, 6.35808000000, 0, 0
3.18200000000, 83.63600000000, -3.18200000000, 9.54600000000, 80.45400000000, 6.36400000000, 0, 0
3.18496000000, 83.63008000000, -3.18496000000, 9.55488000000, 80.44512000000, 6.36992000000, 0, 0
3.18792000000, 83.62416000000, -3.18792000000, 9.56376000000, 80.43624000000, 6.37584000000, 0, 0
3.19088000000, 83.61824000000, -3.19088000000, 9.57264000000, 80.42736000000, 6.38176000000, 0, 0
3.19384000000, 83.61232000000, -3.19384000000, 9.58152000000, 80.41848000000, 6.38768000000, 0, 0
3.19680000000, 83.60640000000, -3.19680000000, 9.59040000000, 80.40960000000, 6.39360000000, 0, 0
3.19976000000, 83.60048000000, -3.19976000000, 9.59928000000, 80.40072000000, 6.39952000000, 0, 0
3.20272000000, 83.59456000000, -3.20272000000, 9.60816000000, 80.39184000000, 6.40544000000, 0, 0
3.20568000000, 83.58864000000, -3.20568000000, 9.61704000000, 80.38296000000, 6.41136000000, 0, 0
3.20864000000, 83.58272000000, -3.20864000000, 9.62592000000, 80.37408000000, 6.41728000000, 0, 0
3.21160000000, 83.57680000000, -3.21160000000, 9.63480000000, 80.36520000000, 6.42320000000, 0, 0
3.21456000000, 83.57088000000, -3.21456000000, 9.64368000000, 80.35632000000, 6.42912000000, 0, 0
3.21752000000, 83.56496000000, -3.21752000000, 9.65256000000, 80.34744000000, 6.43504000000, 0, 0
3.22048000000, 83.55904000000, -3.22048000000, 9.66144000000, 80.33856000000, 6.44096000000, 0, 0
3.22344000000, 83.55312000000, -3.22344000000, 9.67032000000, 80.32968000000, 6.44688000000, 0, 0
3.22640000000, 83.54720000000, -3.22640000000, 9.67920000000, 80.32080000000, 6.45280000000, 0, 0
3.22936000000, 83.54128000000, -3.22936000000, 9.68808000000, 80.31192000000, 6.45872000000, 0, 0
3.23232000000, 83.53536000000, -3.23232000000, 9.69696000000, 80.30304000000, 6.46464000000, 0, 0
3.23528000000, 83.52944000000, -3.23528000000, 9.70584000000, 80.29416000000, 6.47056000000, 0, 0
3.23824000000, 83.52352000000, -3.23824000000, 9.71472000000, 80.28528000000, 6.47648000000, 0, 0
3.24120000000, 83.51760000000, -3.24120000000, 9.72360000000, 80.27640000000, 6.48240000000, 0, 0
3.24416000000, 83.51168000000, -3.24416000000, 9.73248000000, 80.26752000000, 6.48832000000, 0, 0
3.24712000000, 83.50576000000, -3.24712000000, 9.74136000000, 80.25864000000, 6.49424000000, 0, 0
3.25008000000, 83.49984000000, -3.25008000000, 9.75024000000, 80.24976000000, 6.50016000000, 0, 0
3.25304000000, 83.49392000000, -3.25304000000, 9.75912000000, 80.24088000000, 6.50608000000, 0, 0
3.25600000000, 83.48800000000, -3.25600000000, 9.76800000000, 80.23200000000, 6.51200000000, 0, 0
3.25896000000, 83.48208000000, -3.25896000000, 9.77688000000, 80.22312000000, 6.51792000000, 0, 0
3.26192000000, 83.47616000000, -3.26192000000, 9.78576000000, 80.21424000000, 6.52384000000, 0, 0
3.26488000000, 83.47024000000, -3.26488000000, 9.79464000000, 80.20536000000, 6.52976000000, 0, 0
3.26784000000, 83.46432000000, -3.26784000000, 9.80352000000, 80.19648000000, 6.53568000000, 0, 0
3.27080000000, 83.45840000000, -3.27080000000, 9.81240000000, 80.18760000000, 6.54160000000, 0, 0
3.27376000000, 83.45248000000, -3.27376000000, 9.82128000000, 80.17872000000, 6.54752000000, 0, 0
3.27672000000, 83.44656000000, -3.27672000000, 9.83016000000, 80.16984000000, 6.55344000000, 0, 0
3.27968000000, 83.44064000000, -3.27968000000, 9.83904000000, 80.16096000000, 6.55936000000, 0, 0
3.28264000000, 83.43472000000, -3.28264000000, 9.84792000000, 80.15208000000, 6.56528000000, 0, 0
3.28560000000, 83.42880000000, -3.28560000000, 9.85680000000, 80.14320000000, 6.57120000000, 0, 0
3.28856000000, 83.42288000000, -3.28856000000, 9.86568000000, 80.13432000000, 6.57712000000, 0, 0
3.29152000000, 83.41696000000, -3.29152000000, 9.87456000000, 80.12544000000, 6.58304000000, 0, 0
3.29448000000, 83.41104000000, -3.29448000000, 9.88344000000, 80.11656000000, 6.58896000000, 0, 0
3.29744000000, 83.40512000000, -3.29744000000, 9.89232000000, 80.10768000000, 6.59488000000, 0, 0
3.30040000000, 83.39920000000, -3.30040000000, 9.90120000000, 80.09880000000, 6.60080000000, 0, 0
3.30336000000, 83.39328000000, -3.30336000000, 9.91008000000, 80.08992000000, 6.60672000000, 0, 0
3.30632000000, 83.38736000000, -3.30632000000, 9.91896000000, 80.08104000000, 6.61264000000, 0, 0
3.30928000000, 83.38144000000, -3.30928000000, 9.92784000000, 80.07216000000, 6.61856000000, 0, 0
3.31224000000, 83.37552000000, -3.31224000000, 9.93672000000, 80.06328000000, 6.62448000000, 0, 0
3.31520000000, 83.36960000000, -3.31520000000, 9.94560000000, 80.05440000000, 6.63040000000, 0, 0
3.31816000000, 83.36368000000, -3.31816000000, 9.95448000000, 80.04552000000, 6.63632000000, 0, 0
3.32112000000, 83.35776000000, -3.32112000000, 9.96336000000, 80.03664000000, 6.64224000000, 0, 0
3.32408000000, 83.35184000000, -3.32408000000, 9.97224000000, 80.02776000000, 6.64816000000, 0, 0
3.32704000000, 83.34592000000, -3.32704000000, 9.98112000000, 80.01888000000, 6.65408000000, 0, 0
3.33000000000, 83.34000000000, -3.33000000000, 9.99000000000, 80.01000000000, 6.66000000000, 0, 0
3.33296000000, 83.33408000000, -3.33296000000, 9.99888000000, 80.00112000000, 6.66592000000, 0, 0
3.33592000000, 83.32816000000, -3.33592000000, 10.00776000000, 79.99224000000, 6.67184000000, 0, 0
3.33888000000, 83.32224000000, -3.33888000000, 10.01664000000, 79.98336000000, 6.67776000000, 0, 0
3.34184000000, 83.31632000000, -3.34184000000, 10.02552000000, 79.97448000000, 6.68368000000, 0, 0
3.34480000000, 83.31040000000, -3.34480000000, 10.03440000000, 79.96560000000, 6.68960000000, 0, 0
3.34776000000, 83.30448000000, -3.34776000000, 10.04328000000, 79.95672000000, 6.69552000000, 0, 0
3.35072000000, 83.29856000000, -3.35072000000, 10.05216000000, 79.94784000000, 6.70144000000, 0, 0
3.35368000000, 83.29264000000, -3.35368000000, 10.06104000000, 79.93896000000, 6.70736000000, 0, 0
3.35664000000, 83.28672000000, -3.35664000000, 10.06992000000, 79.93008000000, 6.71328000000, 0, 0
3.35960000000, 83.28080000000, -3.35960000000, 10.07880000000, 79.92120000000, 6.71920000000, 0, 0
3.36256000000, 83.27488000000, -3.36256000000, 10.08768000000, 79.91232000000, 6.72512000000, 0, 0
3.36552000000, 83.26896000000, -3.36552000000, 10.09656000000, 79.90344000000, 6.73104000000, 0, 0
3.36848000000, 83.26304000000, -3.36848000000, 10.10544000000, 79.89456000000, 6.73696000000, 0, 0
3.37144000000, 83.25712000000, -3.37144000000, 10.11432000000, 79.88568000000, 6.74288000000, 0, 0
3.37440000000, 83.25120000000, -3.37440000000, 10.12320000000, 79.87680000000, 6.74880000000, 0, 0
3.37736000000, 83.24528000000, -3.37736000000, 10.13208000000, 79.86792000000, 6.75472000000, 0, 0
3.38032000000, 83.23936000000, -3.38032000000, 10.14096000000, 79.85904000000, 6.76064000000, 0, 0
3.38328000000, 83.23344000000, -3.38328000000, 10.14984000000, 79.85016000000, 6.76656000000, 0, 0
3.38624000000, 83.22752000000, -3.38624000000, 10.15872000000, 79.84128000000, 6.77248000000, 0, 0
3.38920000000, 83.22160000000, -3.38920000000, 10.16760000000, 79.83240000000, 6.77840000000, 0, 0
3.39216000000, 83.21568000000, -3.39216000000, 10.17648000000, 79.82352000000, 6.78432000000, 0, 0
3.39512000000, 83.20976000000, -3.39512000000, 10.18536000000, 79.81464000000, 6.79024000000, 0, 0
3.39808000000, 83.20384000000, -3.39808000000, 10.19424000000, 79.80576000000, 6.79616000000, 0, 0
3.40104000000, 83.19792000000, -3.40104000000, 10.20312000000, 79.79688000000, 6.80208000000, 0, 0
3.40400000000, 83.19200000000, -3.40400000000, 10.21200000000, 79.78800000000, 6.80800000000, 0, 0
3.40696000000, 83.18608000000, -3.40696000000, 10.22088000000, 79.77912000000, 6.81392000000, 0, 0
3.40992000000, 83.18016000000, -3.40992000000, 10.22976000000, 79.77024000000, 6.81984000000, 0, 0
3.41288000000, 83.17424000000, -3.41288000000, 10.23864000000, 79.76136000000, 6.82576000000, 0, 0
3.41584000000, 83.16832000000, -3.41584000000, 10.24752000000, 79.75248000000, 6.83168000000, 0, 0
3.41880000000, 83.16240000000, -3.41880000000, 10.25640000000, 79.74360000000, 6.83760000000, 0, 0
3.42176000000, 83.15648000000, -3.42176000000, 10.26528000000, 79.73472000000, 6.84352000000, 0, 0
3.42472000000, 83.15056000000, -3.42472000000, 10.27416000000, 79.72584000000, 6.84944000000, 0, 0
3.42768000000, 83.14464000000, -3.42768000000, 10.28304000000, 79.71696000000, 6.85536000000, 0, 0
3.43064000000, 83.13872000000, -3.43064000000, 10.29192000000, 79.70808000000, 6.86128000000, 0, 0
3.43360000000, 83.13280000000, -3.43360000000, 10.30080000000, 79.69920000000, 6.86720000000, 0, 0
3.43656000000, 83.12688000000, -3.43656000000, 10.30968000000, 79.69032000000, 6.87312000000, 0, 0
3.43952000000, 83.12096000000, -3.43952000000, 10.31856000000, 79.68144000000, 6.87904000000, 0, 0
3.44248000000, 83.11504000000, -3.44248000000, 10.32744000000, 79.67256000000, 6.88496000000, 0, 0
3.44544000000, 83.10912000000, -3.44544000000, 10.33632000000, 79.66368000000, 6.89088000000, 0, 0
3.44840000000, 83.10320000000, -3.44840000000, 10.34520000000, 79.65480000000, 6.89680000000, 0, 0
3.45136000000, 83.09728000000, -3.45136000000, 10.35408000000, 79.64592000000, 6.90272000000, 0, 0
3.45432000000, 83.09136000000, -3.45432000000, 10.36296000000, 79.63704000000, 6.90864000000, 0, 0
3.45728000000, 83.08544000000, -3.45728000000, 10.37184000000, 79.62816000000, 6.91456000000, 0, 0
3.46024000000, 83.07952000000, -3.46024000000, 10.38072000000, 79.61928000000, 6.92048000000, 0, 0
3.46320000000, 83.07360000000, -3.46320000000, 10.38960000000, 79.61040000000, 6.92640000000, 0, 0
3.46616000000, 83.06768000000, -3.46616000000, 10.39848000000, 79.60152000000, 6.93232000000, 0, 0
3.46912000000, 83.06176000000, -3.46912000000, 10.40736000000, 79.59264000000, 6.93824000000, 0, 0
3.47208000000, 83.05584000000, -3.47208000000, 10.41624000000, 79.58376000000, 6.94416000000, 0, 0
3.47504000000, 83.04992000000, -3.47504000000, 10.42512000000, 79.57488000000, 6.95008000000, 0, 0
3.47800000000, 83.04400000000, -3.47800000000, 10.43400000000, 79.56600000000, 6.95600000000, 0, 0
3.48096000000, 83.03808000000, -3.48096000000, 10.44288000000, 79.55712000000, 6.96192000000, 0, 0
3.48392000000, 83.03216000000, -3.48392000000, 10.45176000000, 79.54824000000, 6.96784000000, 0, 0
3.48688000000, 83.02624000000, -3.48688000000, 10.46064000000, 79.53936000000, 6.97376000000, 0, 0
3.48984000000, 83.02032000000, -3.48984000000, 10.46952000000, 79.53048000000, 6.97968000000, 0, 0
3.49280000000, 83.01440000000, -3.49280000000, 10.47840000000, 79.52160000000, 6.98560000000, 0, 0
3.49576000000, 83.00848000000, -3.49576000000, 10.48728000000, 79.51272000000, 6.99152000000, 0, 0
3.49872000000, 83.00256000000, -3.49872000000, 10.49616000000, 79.50384000000, 6.99744000000, 0, 0
3.50168000000, 82.99664000000, -3.50168000000, 10.50504000000, 79.49496000000, 7.00336000000, 0, 0
3.50464000000, 82.99072000000, -3.50464000000, 10.51392000000, 79.48608000000, 7.00928000000, 0, 0
3.50760000000, 82.98480000000, -3.50760000000, 10.52280000000, 79.47720000000, 7.01520000000, 0, 0
3.51056000000, 82.97888000000, -3.51056000000, 10.53168000000, 79.46832000000, 7.02112000000, 0, 0
3.51352000000, 82.97296000000, -3.51352000000, 10.54056000000, 79.45944000000, 7.02704000000, 0, 0
3.51648000000, 82.96704000000, -3.51648000000, 10.54944000000, 79.45056000000, 7.03296000000, 0, 0
3.51944000000, 82.96112000000, -3.51944000000, 10.55832000000, 79.44168000000, 7.03888000000, 0, 0
3.52240000000, 82.95520000000, -3.52240000000, 10.56720000000, 79.43280000000, 7.04480000000, 0, 0
3.52536000000, 82.94928000000, -3.52536000000, 10.57608000000, 79.42392000000, 7.05072000000, 0, 0
3.52832000000, 82.94336000000, -3.52832000000, 10.58496000000, 79.41504000000, 7.05664000000, 0, 0
3.53128000000, 82.93744000000, -3.53128000000, 10.59384000000, 79.40616000000, 7.06256000000, 0, 0
3.53424000000, 82.93152000000, -3.53424000000, 10.60272000000, 79.39728000000, 7.06848000000, 0, 0
3.53720000000, 82.92560000000, -3.53720000000, 10.61160000000, 79.38840000000, 7.07440000000, 0, 0
3.54016000000, 82.91968000000, -3.54016000000, 10.62048000000, 79.37952000000, 7.08032000000, 0, 0
3.54312000000, 82.91376000000, -3.54312000000, 10.62936000000, 79.37064000000, 7.08624000000, 0, 0
3.54608000000, 82.90784000000, -3.54608000000, 10.63824000000, 79.36176000000, 7.09216000000, 0, 0
3.54904000000, 82.90192000000, -3.54904000000, 10.64712000000, 79.35288000000, 7.09808000000, 0, 0
3.55200000000, 82.89600000000, -3.55200000000, 10.65600000000, 79.34400000000, 7.10400000000, 0, 0
3.55496000000, 82.89008000000, -3.55496000000, 10.66488000000, 79.33512000000, 7.10992000000, 0, 0
3.55792000000, 82.88416000000, -3.55792000000, 10.67376000000, 79.32624000000, 7.11584000000, 0, 0
3.56088000000, 82.87824000000, -3.56088000000, 10.68264000000, 79.31736000000, 7.12176000000, 0, 0
3.56384000000, 82.87232000000, -3.56384000000, 10.69152000000, 79.30848000000, 7.12768000000, 0, 0
3.56680000000, 82.86640000000, -3.56680000000, 10.70040000000, 79.29960000000, 7.13360000000, 0, 0
3.56976000000, 82.86048000000, -3.56976000000, 10.70928000000, 79.29072000000, 7.13952000000, 0, 0
3.57272000000, 82.85456000000, -3.57272000000, 10.71816000000, 79.28184000000, 7.14544000000, 0, 0
3.57568000000, 82.84864000000, -3.57568000000, 10.72704000000, 79.27296000000, 7.15136000000, 0, 0
3.57864000000, 82.84272000000, -3.57864000000, 10.73592000000, 79.26408000000, 7.15728000000, 0, 0
3.58160000000, 82.83680000000, -3.58160000000, 10.74480000000, 79.25520000000, 7.16320000000, 0, 0
3.58456000000, 82.83088000000, -3.58456000000, 10.75368000000, 79.24632000000, 7.16912000000, 0, 0
3.58752000000, 82.82496000000, -3.58752000000, 10.76256000000, 79.23744000000, 7.17504000000, 0, 0
3.59048000000, 82.81904000000, -3.59048000000, 10.77144000000, 79.22856000000, 7.18096000000, 0, 0
3.59344000000, 82.81312000000, -3.59344000000, 10.78032000000, 79.21968000000, 7.18688000000, 0, 0
3.59640000000, 82.80720000000, -3.59640000000, 10.78920000000, 79.21080000000, 7.19280000000, 0, 0
3.59936000000, 82.80128000000, -3.59936000000, 10.79808000000, 79.20192000000, 7.19872000000, 0, 0
3.60232000000, 82.79536000000, -3.60232000000, 10.80696000000, 79.19304000000, 7.20464000000, 0, 0
3.60528000000, 82.78944000000, -3.60528000000, 10.81584000000, 79.18416000000, 7.21056000000, 0, 0
3.60824000000, 82.78352000000, -3.60824000000, 10.82472000000, 79.17528000000, 7.21648000000, 0, 0
3.61120000000, 82.77760000000, -3.61120000000, 10.83360000000, 79.16640000000, 7.22240000000, 0, 0
3.61416000000, 82.77168000000, -3.61416000000, 10.84248000000, 79.15752000000, 7.22832000000, 0, 0
3.61712000000, 82.76576000000, -3.61712000000, 10.85136000000, 79.14864000000, 7.23424000000, 0, 0
3.62008000000, 82.75984000000, -3.62008000000, 10.86024000000, 79.13976000000, 7.24016000000, 0, 0
3.62304000000, 82.75392000000, -3.62304000000, 10.86912000000, 79.13088000000, 7.24608000000, 0, 0
3.62600000000, 82.74800000000, -3.62600000000, 10.87800000000, 79.12200000000, 7.25200000000, 0, 0
3.62896000000, 82.74208000000, -3.62896000000, 10.88688000000, 79.11312000000, 7.25792000000, 0, 0
3.63192000000, 82.73616000000, -3.63192000000, 10.89576000000, 79.10424000000, 7.26384000000, 0, 0
3.63488000000, 82.73024000000, -3.63488000000, 10.90464000000, 79.09536000000, 7.26976000000, 0, 0
3.63784000000, 82.72432000000, -3.63784000000, 10.91352000000, 79.08648000000, 7.27568000000, 0, 0
3.64080000000, 82.71840000000, -3.64080000000, 10.92240000000, 79.07760000000, 7.28160000000, 0, 0
3.64376000000, 82.71248000000, -3.64376000000, 10.93128000000, 79.06872000000, 7.28752000000, 0, 0
3.64672000000, 82.70656000000, -3.64672000000, 10.94016000000, 79.05984000000, 7.29344000000, 0, 0
3.64968000000, 82.70064000000, -3.64968000000, 10.94904000000, 79.05096000000, 7.29936000000, 0, 0
3.65264000000, 82.69472000000, -3.65264000000, 10.95792000000, 79.04208000000, 7.30528000000, 0, 0
3.65560000000, 82.68880000000, -3.65560000000, 10.96680000000, 79.03320000000, 7.31120000000, 0, 0
3.65856000000, 82.68288000000, -3.65856000000, 10.97568000000, 79.02432000000, 7.31712000000, 0, 0
3.66152000000, 82.67696000000, -3.66152000000, 10.98456000000, 79.01544000000, 7.32304000000, 0, 0
3.66448000000, 82.67104000000, -3.66448000000, 10.99344000000, 79.00656000000, 7.32896000000, 0, 0
3.66744000000, 82.66512000000, -3.66744000000, 11.00232000000, 78.99768000000, 7.33488000000, 0, 0
3.67040000000, 82.65920000000, -3.67040000000, 11.01120000000, 78.98880000000, 7.34080000000, 0, 0
3.67336000000, 82.65328000000, -3.67336000000, 11.02008000000, 78.97992000000, 7.34672000000, 0, 0
3.67632000000, 82.64736000000, -3.67632000000, 11.02896000000, 78.97104000000, 7.35264000000, 0, 0
3.67928000000, 82.64144000000, -3.67928000000, 11.03784000000, 78.96216000000, 7.35856000000, 0, 0
3.68224000000, 82.63552000000, -3.68224000000, 11.04672000000, 78.95328000000, 7.36448000000, 0, 0
3.68520000000, 82.62960000000, -3.68520000000, 11.05560000000, 78.94440000000, 7.37040000000, 0, 0
3.68816000000, 82.62368000000, -3.68816000000, 11.06448000000, 78.93552000000, 7.37632000000, 0, 0
3.69112000000, 82.61776000000, -3.69112000000, 11.07336000000, 78.92664000000, 7.38224000000, 0, 0
3.69408000000, 82.61184000000, -3.69408000000, 11.08224000000, 78.91776000000, 7.38816000000, 0, 0
3.69704000000, 82.60592000000, -3.69704000000, 11.09112000000, 78.90888000000, 7.39408000000, 0, 0
3.70000000000, 82.60000000000, -3.70000000000, 11.10000000000, 78.90000000000, 7.40000000000, 0, 0
3.70296000000, 82.59408000000, -3.70296000000, 11.10888000000, 78.89112000000, 7.40592000000, 0, 0
3.70592000000, 82.58816000000, -3.70592000000, 11.11776000000, 78.88224000000, 7.41184000000, 0, 0
3.70888000000, 82.58224000000, -3.70888000000, 11.12664000000, 78.87336000000, 7.41776000000, 0, 0
3.71184000000, 82.57632000000, -3.71184000000, 11.13552000000, 78.86448000000, 7.42368000000, 0, 0
3.71480000000, 82.57040000000, -3.71480000000, 11.14440000000, 78.85560000000, 7.42960000000, 0, 0
3.71776000000, 82.56448000000, -3.71776000000, 11.15328000000, 78.84672000000, 7.43552000000, 0, 0
3.72072000000, 82.55856000000, -3.72072000000, 11.16216000000, 78.83784000000, 7.44144000000, 0, 0
3.72368000000, 82.55264000000, -3.72368000000, 11.17104000000, 78.82896000000, 7.44736000000, 0, 0
3.72664000000, 82.54672000000, -3.72664000000, 11.17992000000, 78.82008000000, 7.45328000000, 0, 0
3.72960000000, 82.54080000000, -3.72960000000, 11.18880000000, 78.81120000000, 7.45920000000, 0, 0
3.73256000000, 82.53488000000, -3.73256000000, 11.19768000000, 78.80232000000, 7.46512000000, 0, 0
3.73552000000, 82.52896000000, -3.73552000000, 11.20656000000, 78.79344000000, 7.47104000000, 0, 0
3.73848000000, 82.52304000000, -3.73848000000, 11.21544000000, 78.78456000000, 7.47696000000, 0, 0
3.74144000000, 82.51712000000, -3.74144000000, 11.22432000000, 78.77568000000, 7.48288000000, 0, 0
3.74440000000, 82.51120000000, -3.74440000000, 11.23320000000, 78.76680000000, 7.48880000000, 0, 0
3.74736000000, 82.50528000000, -3.74736000000, 11.24208000000, 78.75792000000, 7.49472000000, 0, 0
3.75032000000, 82.49936000000, -3.75032000000, 11.25096000000, 78.74904000000, 7.50064000000, 0, 0
3.75328000000, 82.49344000000, -3.75328000000, 11.25984000000, 78.74016000000, 7.50656000000, 0, 0
3.75624000000, 82.48752000000, -3.75624000000, 11.26872000000, 78.73128000000, 7.51248000000, 0, 0
3.75920000000, 82.48160000000, -3.75920000000, 11.27760000000, 78.72240000000, 7.51840000000, 0, 0
3.76216000000, 82.47568000000, -3.76216000000, 11.28648000000, 78.71352000000, 7.52432000000, 0, 0
3.76512000000, 82.46976000000, -3.76512000000, 11.29536000000, 78.70464000000, 7.53024000000, 0, 0
3.76808000000, 82.46384000000, -3.76808000000, 11.30424000000, 78.69576000000, 7.53616000000, 0, 0
3.77104000000, 82.45792000000, -3.77104000000, 11.31312000000, 78.68688000000, 7.54208000000, 0, 0
3.77400000000, 82.45200000000, -3.77400000000, 11.32200000000, 78.67800000000, 7.54800000000, 0, 0
3.77696000000, 82.44608000000, -3.77696000000, 11.33088000000, 78.66912000000, 7.55392000000, 0, 0
3.77992000000, 82.44016000000, -3.77992000000, 11.33976000000, 78.66024000000, 7.55984000000, 0, 0
3.78288000000, 82.43424000000, -3.78288000000, 11.34864000000, 78.65136000000, 7.56576000000, 0, 0
3.78584000000, 82.42832000000, -3.78584000000, 11.35752000000, 78.64248000000, 7.57168000000, 0, 0
3.78880000000, 82.42240000000, -3.78880000000, 11.36640000000, 78.63360000000, 7.57760000000, 0, 0
3.79176000000, 82.41648000000, -3.79176000000, 11.37528000000, 78.62472000000, 7.58352000000, 0, 0
3.79472000000, 82.41056000000, -3.79472000000, 11.38416000000, 78.61584000000, 7.58944000000, 0, 0
3.79768000000, 82.40464000000, -3.79768000000, 11.39304000000, 78.60696000000, 7.59536000000, 0, 0
3.80064000000, 82.39872000000, -3.80064000000, 11.40192000000, 78.59808000000, 7.60128000000, 0, 0
3.80360000000, 82.39280000000, -3.80360000000, 11.41080000000, 78.58920000000, 7.60720000000, 0, 0
3.80656000000, 82.38688000000, -3.80656000000, 11.41968000000, 78.58032000000, 7.61312000000, 0, 0
3.80952000000, 82.38096000000, -3.80952000000, 11.42856000000, 78.57144000000, 7.61904000000, 0, 0
3.81248000000, 82.37504000000, -3.81248000000, 11.43744000000, 78.56256000000, 7.62496000000, 0, 0
3.81544000000, 82.36912000000, -3.81544000000, 11.44632000000, 78.55368000000, 7.63088000000, 0, 0
3.81840000000, 82.36320000000, -3.81840000000, 11.45520000000, 78.54480000000, 7.63680000000, 0, 0
3.82136000000, 82.35728000000, -3.82136000000, 11.46408000000, 78.53592000000, 7.64272000000, 0, 0
3.82432000000, 82.35136000000, -3.82432000000, 11.47296000000, 78.52704000000, 7.64864000000, 0, 0
3.82728000000, 82.34544000000, -3.82728000000, 11.48184000000, 78.51816000000, 7.65456000000, 0, 0
3.83024000000, 82.33952000000, -3.83024000000, 11.49072000000, 78.50928000000, 7.66048000000, 0, 0
3.83320000000, 82.33360000000, -3.83320000000, 11.49960000000, 78.50040000000, 7.66640000000, 0, 0
3.83616000000, 82.32768000000, -3.83616000000, 11.50848000000, 78.49152000000, 7.67232000000, 0, 0
3.83912000000, 82.32176000000, -3.83912000000, 11.51736000000, 78.48264000000, 7.67824000000, 0, 0
3.84208000000, 82.31584000000, -3.84208000000, 11.52624000000, 78.47376000000, 7.68416000000, 0, 0
3.84504000000, 82.30992000000, -3.84504000000, 11.53512000000, 78.46488000000, 7.69008000000, 0, 0
3.84800000000, 82.30400000000, -3.84800000000, 11.54400000000, 78.45600000000, 7.69600000000, 0, 0
3.85096000000, 82.29808000000, -3.85096000000, 11.55288000000, 78.44712000000, 7.70192000000, 0, 0
3.85392000000, 82.29216000000, -3.85392000000, 11.56176000000, 78.43824000000, 7.70784000000, 0, 0
3.85688000000, 82.28624000000, -3.85688000000, 11.57064000000, 78.42936000000, 7.71376000000, 0, 0
3.85984000000, 82.28032000000, -3.85984000000, 11.57952000000, 78.42048000000, 7.71968000000, 0, 0
3.86280000000, 82.27440000000, -3.86280000000, 11.58840000000, 78.41160000000, 7.72560000000, 0, 0
3.86576000000, 82.26848000000, -3.86576000000, 11.59728000000, 78.40272000000, 7.73152000000, 0, 0
3.86872000000, 82.26256000000, -3.86872000000, 11.60616000000, 78.39384000000, 7.73744000000, 0, 0
3.87168000000, 82.25664000000, -3.87168000000, 11.61504000000, 78.38496000000, 7.74336000000, 0, 0
3.87464000000, 82.25072000000, -3.87464000000, 11.62392000000, 78.37608000000, 7.74928000000, 0, 0
3.87760000000, 82.24480000000, -3.87760000000, 11.63280000000, 78.36720000000, 7.75520000000, 0, 0
3.88056000000, 82.23888000000, -3.88056000000, 11.64168000000, 78.35832000000, 7.76112000000, 0, 0
3.88352000000, 82.23296000000, -3.88352000000, 11.65056000000, 78.34944000000, 7.76704000000, 0, 0
3.88648000000, 82.22704000000, -3.88648000000, 11.65944000000, 78.34056000000, 7.77296000000, 0, 0
3.88944000000, 82.22112000000, -3.88944000000, 11.66832000000, 78.33168000000, 7.77888000000, 0, 0
3.89240000000, 82.21520000000, -3.89240000000, 11.67720000000, 78.32280000000, 7.78480000000, 0, 0
3.89536000000, 82.20928000000, -3.89536000000, 11.68608000000, 78.31392000000, 7.79072000000, 0, 0
3.89832000000, 82.20336000000, -3.89832000000, 11.69496000000, 78.30504000000, 7.79664000000, 0, 0
3.90128000000, 82.19744000000, -3.90128000000, 11.70384000000, 78.29616000000, 7.80256000000, 0, 0
3.90424000000, 82.19152000000, -3.90424000000, 11.71272000000, 78.28728000000, 7.80848000000, 0, 0
3.90720000000, 82.18560000000, -3.90720000000, 11.72160000000, 78.27840000000, 7.81440000000, 0, 0
3.91016000000, 82.17968000000, -3.91016000000, 11.73048000000, 78.26952000000, 7.82032000000, 0, 0
3.91312000000, 82.17376000000, -3.91312000000, 11.73936000000, 78.26064000000, 7.82624000000, 0, 0
3.91608000000, 82.16784000000, -3.91608000000, 11.74824000000, 78.25176000000, 7.83216000000, 0, 0
3.91904000000, 82.16192000000, -3.91904000000, 11.75712000000, 78.24288000000, 7.83808000000, 0, 0
3.92200000000, 82.15600000000, -3.92200000000, 11.76600000000, 78.23400000000, 7.84400000000, 0, 0
3.92496000000, 82.15008000000, -3.92496000000, 11.77488000000, 78.22512000000, 7.84992000000, 0, 0
3.92792000000, 82.14416000000, -3.92792000000, 11.78376000000, 78.21624000000, 7.85584000000, 0, 0
3.93088000000, 82.13824000000, -3.93088000000, 11.79264000000, 78.20736000000, 7.86176000000, 0, 0
3.93384000000, 82.13232000000, -3.93384000000, 11.80152000000, 78.19848000000, 7.86768000000, 0, 0
3.93680000000, 82.12640000000, -3.93680000000, 11.81040000000, 78.18960000000, 7.87360000000, 0, 0
3.93976000000, 82.12048000000, -3.93976000000, 11.81928000000, 78.18072000000, 7.87952000000, 0, 0
3.94272000000, 82.11456000000, -3.94272000000, 11.82816000000, 78.17184000000, 7.88544000000, 0, 0
3.94568000000, 82.10864000000, -3.94568000000, 11.83704000000, 78.16296000000, 7.89136000000, 0, 0
3.94864000000, 82.10272000000, -3.94864000000, 11.84592000000, 78.15408000000, 7.89728000000, 0, 0
3.95160000000, 82.09680000000, -3.95160000000, 11.85480000000, 78.14520000000, 7.90320000000, 0, 0
3.95456000000, 82.09088000000, -3.95456000000, 11.86368000000, 78.13632000000, 7.90912000000, 0, 0
3.95752000000, 82.08496000000, -3.95752000000, 11.87256000000, 78.12744000000, 7.91504000000, 0, 0
3.96048000000, 82.07904000000, -3.96048000000, 11.88144000000, 78.11856000000, 7.92096000000, 0, 0
3.96344000000, 82.07312000000, -3.96344000000, 11.89032000000, 78.10968000000, 7.92688000000, 0, 0
3.96640000000, 82.06720000000, -3.96640000000, 11.89920000000, 78.10080000000, 7.93280000000, 0, 0
3.96936000000, 82.06128000000, -3.96936000000, 11.90808000000, 78.09192000000, 7.93872000000, 0, 0
3.97232000000, 82.05536000000, -3.97232000000, 11.91696000000, 78.08304000000, 7.94464000000, 0, 0
3.97528000000, 82.04944000000, -3.97528000000, 11.92584000000, 78.07416000000, 7.95056000000, 0, 0
3.97824000000, 82.04352000000, -3.97824000000, 11.93472000000, 78.06528000000, 7.95648000000, 0, 0
3.98120000000, 82.03760000000, -3.98120000000, 11.94360000000, 78.05640000000, 7.96240000000, 0, 0
3.98416000000, 82.03168000000, -3.98416000000, 11.95248000000, 78.04752000000, 7.96832000000, 0, 0
3.98712000000, 82.02576000000, -3.98712000000, 11.96136000000, 78.03864000000, 7.97424000000, 0, 0
3.99008000000, 82.01984000000, -3.99008000000, 11.97024000000, 78.02976000000, 7.98016000000, 0, 0
3.99304000000, 82.01392000000, -3.99304000000, 11.97912000000, 78.02088000000, 7.98608000000, 0, 0
3.99600000000, 82.00800000000, -3.99600000000, 11.98800000000, 78.01200000000, 7.99200000000, 0, 0
3.99896000000, 82.00208000000, -3.99896000000, 11.99688000000, 78.00312000000, 7.99792000000, 0, 0
4.00192000000, 81.99616000000, -4.00192000000, 12.00576000000, 77.99424000000, 8.00384000000, 0, 0
4.00488000000, 81.99024000000, -4.00488000000, 12.01464000000, 77.98536000000, 8.00976000000, 0, 0
4.00784000000, 81.98432000000, -4.00784000000, 12.02352000000, 77.97648000000, 8.01568000000, 0, 0
4.01080000000, 81.97840000000, -4.01080000000, 12.03240000000, 77.96760000000, 8.02160000000, 0, 0
4.01376000000, 81.97248000000, -4.01376000000, 12.04128000000, 77.95872000000, 8.02752000000, 0, 0
4.01672000000, 81.96656000000, -4.01672000000, 12.05016000000, 77.94984000000, 8.03344000000, 0, 0
4.01968000000, 81.96064000000, -4.01968000000, 12.05904000000, 77.94096000000, 8.03936000000, 0, 0
4.02264000000, 81.95472000000, -4.02264000000, 12.06792000000, 77.93208000000, 8.04528000000, 0, 0
4.02560000000, 81.94880000000, -4.02560000000, 12.07680000000, 77.92320000000, 8.05120000000, 0, 0
4.02856000000, 81.94288000000, -4.02856000000, 12.08568000000, 77.91432000000, 8.05712000000, 0, 0
4.03152000000, 81.93696000000, -4.03152000000, 12.09456000000, 77.90544000000, 8.06304000000, 0, 0
4.03448000000, 81.93104000000, -4.03448000000, 12.10344000000, 77.89656000000, 8.06896000000, 0, 0
4.03744000000, 81.92512000000, -4.03744000000, 12.11232000000, 77.88768000000, 8.07488000000, 0, 0
4.04040000000, 81.91920000000, -4.04040000000, 12.12120000000, 77.87880000000, 8.08080000000, 0, 0
4.04336000000, 81.91328000000, -4.04336000000, 12.13008000000, 77.86992000000, 8.08672000000, 0, 0
4.04632000000, 81.90736000000, -4.04632000000, 12.13896000000, 77.86104000000, 8.09264000000, 0, 0
4.04928000000, 81.90144000000, -4.04928000000, 12.14784000000, 77.85216000000, 8.09856000000, 0, 0
4.05224000000, 81.89552000000, -4.05224000000, 12.15672000000, 77.84328000000, 8.10448000000, 0, 0
4.05520000000, 81.88960000000, -4.05520000000, 12.16560000000, 77.83440000000, 8.11040000000, 0, 0
4.05816000000, 81.88368000000, -4.05816000000, 12.17448000000, 77.82552000000, 8.11632000000, 0, 0
4.06112000000, 81.87776000000, -4.06112000000, 12.18336000000, 77.81664000000, 8.12224000000, 0, 0
4.06408000000, 81.87184000000, -4.06408000000, 12.19224000000, 77.80776000000, 8.12816000000, 0, 0
4.06704000000, 81.86592000000, -4.06704000000, 12.20112000000, 77.79888000000, 8.13408000000, 0, 0
4.07000000000, 81.86000000000, -4.07000000000, 12.21000000000, 77.79000000000, 8.14000000000, 0, 0
4.07296000000, 81.85408000000, -4.07296000000, 12.21888000000, 77.78112000000, 8.14592000000, 0, 0
4.07592000000, 81.84816000000, -4.07592000000, 12.22776000000, 77.77224000000, 8.15184000000, 0, 0
4.07888000000, 81.84224000000, -4.07888000000, 12.23664000000, 77.76336000000, 8.15776000000, 0, 0
4.08184000000, 81.83632000000, -4.08184000000, 12.24552000000, 77.75448000000, 8.16368000000, 0, 0
4.08480000000, 81.83040000000, -4.08480000000, 12.25440000000, 77.74560000000, 8.16960000000, 0, 0
4.08776000000, 81.82448000000, -4.08776000000, 12.26328000000, 77.73672000000, 8.17552000000, 0, 0
4.09072000000, 81.81856000000, -4.09072000000, 12.27216000000, 77.72784000000, 8.18144000000, 0, 0
4.09368000000, 81.81264000000, -4.09368000000, 12.28104000000, 77.71896000000, 8.18736000000, 0, 0
4.09664000000, 81.80672000000, -4.09664000000, 12.28992000000, 77.71008000000, 8.19328000000, 0, 0
4.09960000000, 81.80080000000, -4.09960000000, 12.29880000000, 77.70120000000, 8.19920000000, 0, 0
4.10256000000, 81.79488000000, -4.10256000000, 12.30768000000, 77.69232000000, 8.20512000000, 0, 0
4.10552000000, 81.78896000000, -4.10552000000, 12.31656000000, 77.68344000000, 8.21104000000, 0, 0
4.10848000000, 81.78304000000, -4.10848000000, 12.32544000000, 77.67456000000, 8.21696000000, 0, 0
4.11144000000, 81.77712000000, -4.11144000000, 12.33432000000, 77.66568000000, 8.22288000000, 0, 0
4.11440000000, 81.77120000000, -4.11440000000, 12.34320000000, 77.65680000000, 8.22880000000, 0, 0
4.11736000000, 81.76528000000, -4.11736000000, 12.35208000000, 77.64792000000, 8.23472000000, 0, 0
4.12032000000, 81.75936000000, -4.12032000000, 12.36096000000, 77.63904000000, 8.24064000000, 0, 0
4.12328000000, 81.75344000000, -4.12328000000, 12.36984000000, 77.63016000000, 8.24656000000, 0, 0
4.12624000000, 81.74752000000, -4.12624000000, 12.37872000000, 77.62128000000, 8.25248000000, 0, 0
4.12920000000, 81.74160000000, -4.12920000000, 12.38760000000, 77.61240000000, 8.25840000000, 0, 0
4.13216000000, 81.73568000000, -4.13216000000, 12.39648000000, 77.60352000000, 8.26432000000, 0, 0
4.13512000000, 81.72976000000, -4.13512000000, 12.40536000000, 77.59464000000, 8.27024000000, 0, 0
4.13808000000, 81.72384000000, -4.13808000000, 12.41424000000, 77.58576000000, 8.27616000000, 0, 0
4.14104000000, 81.71792000000, -4.14104000000, 12.42312000000, 77.57688000000, 8.28208000000, 0, 0
4.14400000000, 81.71200000000, -4.14400000000, 12.43200000000, 77.56800000000, 8.28800000000, 0, 0
4.14696000000, 81.70608000000, -4.14696000000, 12.44088000000, 77.55912000000, 8.29392000000, 0, 0
4.14992000000, 81.70016000000, -4.14992000000, 12.44976000000, 77.55024000000, 8.29984000000, 0, 0
4.15288000000, 81.69424000000, -4.15288000000, 12.45864000000, 77.54136000000, 8.30576000000, 0, 0
4.15584000000, 81.68832000000, -4.15584000000, 12.46752000000, 77.53248000000, 8.31168000000, 0, 0
4.15880000000, 81.68240000000, -4.15880000000, 12.47640000000, 77.52360000000, 8.31760000000, 0, 0
4.16176000000, 81.67648000000, -4.16176000000, 12.48528000000, 77.51472000000, 8.32352000000, 0, 0
4.16472000000, 81.67056000000, -4.16472000000, 12.49416000000, 77.50584000000, 8.32944000000, 0, 0
4.16768000000, 81.66464000000, -4.16768000000, 12.50304000000, 77.49696000000, 8.33536000000, 0, 0
4.17064000000, 81.65872000000, -4.17064000000, 12.51192000000, 77.48808000000, 8.34128000000, 0, 0
4.17360000000, 81.65280000000, -4.17360000000, 12.52080000000, 77.47920000000, 8.34720000000, 0, 0
4.17656000000, 81.64688000000, -4.17656000000, 12.52968000000, 77.47032000000, 8.35312000000, 0, 0
4.17952000000, 81.64096000000, -4.17952000000, 12.53856000000, 77.46144000000, 8.35904000000, 0, 0
4.18248000000, 81.63504000000, -4.18248000000, 12.54744000000, 77.45256000000, 8.36496000000, 0, 0
4.18544000000, 81.62912000000, -4.18544000000, 12.55632000000, 77.44368000000, 8.37088000000, 0, 0
4.18840000000, 81.62320000000, -4.18840000000, 12.56520000000, 77.43480000000, 8.37680000000, 0, 0
4.19136000000, 81.61728000000, -4.19136000000, 12.57408000000, 77.42592000000, 8.38272000000, 0, 0
4.19432000000, 81.61136000000, -4.19432000000, 12.58296000000, 77.41704000000, 8.38864000000, 0, 0
4.19728000000, 81.60544000000, -4.19728000000, 12.59184000000, 77.40816000000, 8.39456000000, 0, 0
4.20024000000, 81.59952000000, -4.20024000000, 12.60072000000, 77.39928000000, 8.40048000000, 0, 0
4.20320000000, 81.59360000000, -4.20320000000, 12.60960000000, 77.39040000000, 8.40640000000, 0, 0
4.20616000000, 81.58768000000, -4.20616000000, 12.61848000000, 77.38152000000, 8.41232000000, 0, 0
4.20912000000, 81.58176000000, -4.20912000000, 12.62736000000, 77.37264000000, 8.41824000000, 0, 0
4.21208000000, 81.57584000000, -4.21208000000, 12.63624000000, 77.36376000000, 8.42416000000, 0, 0
4.21504000000, 81.56992000000, -4.21504000000, 12.64512000000, 77.35488000000, 8.43008000000, 0, 0
4.21800000000, 81.56400000000, -4.21800000000, 12.65400000000, 77.34600000000, 8.43600000000, 0, 0
4.22096000000, 81.55808000000, -4.22096000000, 12.66288000000, 77.33712000000, 8.44192000000, 0, 0
4.22392000000, 81.55216000000, -4.22392000000, 12.67176000000, 77.32824000000, 8.44784000000, 0, 0
4.22688000000, 81.54624000000, -4.22688000000, 12.68064000000, 77.31936000000, 8.45376000000, 0, 0
4.22984000000, 81.54032000000, -4.22984000000, 12.68952000000, 77.31048000000, 8.45968000000, 0, 0
4.23280000000, 81.53440000000, -4.23280000000, 12.69840000000, 77.30160000000, 8.46560000000, 0, 0
4.23576000000, 81.52848000000, -4.23576000000, 12.70728000000, 77.29272000000, 8.47152000000, 0, 0
4.23872000000, 81.52256000000, -4.23872000000, 12.71616000000, 77.28384000000, 8.47744000000, 0, 0
4.24168000000, 81.51664000000, -4.24168000000, 12.72504000000, 77.27496000000, 8.48336000000, 0, 0
4.24464000000, 81.51072000000, -4.24464000000, 12.73392000000, 77.26608000000, 8.48928000000, 0, 0
4.24760000000, 81.50480000000, -4.24760000000, 12.74280000000, 77.25720000000, 8.49520000000, 0, 0
4.25056000000, 81.49888000000, -4.25056000000, 12.75168000000, 77.24832000000, 8.50112000000, 0, 0
4.25352000000, 81.49296000000, -4.25352000000, 12.76056000000, 77.23944000000, 8.50704000000, 0, 0
4.25648000000, 81.48704000000, -4.25648000000, 12.76944000000, 77.23056000000, 8.51296000000, 0, 0
4.25944000000, 81.48112000000, -4.25944000000, 12.77832000000, 77.22168000000, 8.51888000000, 0, 0
4.26240000000, 81.47520000000, -4.26240000000, 12.78720000000, 77.21280000000, 8.52480000000, 0, 0
4.26536000000, 81.46928000000, -4.26536000000, 12.79608000000, 77.20392000000, 8.53072000000, 0, 0
4.26832000000, 81.46336000000, -4.26832000000, 12.80496000000, 77.19504000000, 8.53664000000, 0, 0
4.27128000000, 81.45744000000, -4.27128000000, 12.81384000000, 77.18616000000, 8.54256000000, 0, 0
4.27424000000, 81.45152000000, -4.27424000000, 12.82272000000, 77.17728000000, 8.54848000000, 0, 0
4.27720000000, 81.44560000000, -4.27720000000, 12.83160000000, 77.16840000000, 8.55440000000, 0, 0
4.28016000000, 81.43968000000, -4.28016000000, 12.84048000000, 77.15952000000, 8.56032000000, 0, 0
4.28312000000, 81.43376000000, -4.28312000000, 12.84936000000, 77.15064000000, 8.56624000000, 0, 0
4.28608000000, 81.42784000000, -4.28608000000, 12.85824000000, 77.14176000000, 8.57216000000, 0, 0
4.28904000000, 81.42192000000, -4.28904000000, 12.86712000000, 77.13288000000, 8.57808000000, 0, 0
4.29200000000, 81.41600000000, -4.29200000000, 12.87600000000, 77.12400000000, 8.58400000000, 0, 0
4.29496000000, 81.41008000000, -4.29496000000, 12.88488000000, 77.11512000000, 8.58992000000, 0, 0
4.29792000000, 81.40416000000, -4.29792000000, 12.89376000000, 77.10624000000, 8.59584000000, 0, 0
4.30088000000, 81.39824000000, -4.30088000000, 12.90264000000, 77.09736000000, 8.60176000000, 0, 0
4.30384000000, 81.39232000000, -4.30384000000, 12.91152000000, 77.08848000000, 8.60768000000, 0, 0
4.30680000000, 81.38640000000, -4.30680000000, 12.92040000000, 77.07960000000, 8.61360000000, 0, 0
4.30976000000, 81.38048000000, -4.30976000000, 12.92928000000, 77.07072000000, 8.61952000000, 0, 0
4.31272000000, 81.37456000000, -4.31272000000, 12.93816000000, 77.06184000000, 8.62544000000, 0, 0
4.31568000000, 81.36864000000, -4.31568000000, 12.94704000000, 77.05296000000, 8.63136000000, 0, 0
4.31864000000, 81.36272000000, -4.31864000000, 12.95592000000, 77.04408000000, 8.63728000000, 0, 0
4.32160000000, 81.35680000000, -4.32160000000, 12.96480000000, 77.03520000000, 8.64320000000, 0, 0
4.32456000000, 81.35088000000, -4.32456000000, 12.97368000000, 77.02632000000, 8.64912000000, 0, 0
4.32752000000, 81.34496000000, -4.32752000000, 12.98256000000, 77.01744000000, 8.65504000000, 0, 0
4.33048000000, 81.33904000000, -4.33048000000, 12.99144000000, 77.00856000000, 8.66096000000, 0, 0
4.33344000000, 81.33312000000, -4.33344000000, 13.00032000000, 76.99968000000, 8.66688000000, 0, 0
4.33640000000, 81.32720000000, -4.33640000000, 13.00920000000, 76.99080000000, 8.67280000000, 0, 0
4.33936000000, 81.32128000000, -4.33936000000, 13.01808000000, 76.98192000000, 8.67872000000, 0, 0
4.34232000000, 81.31536000000, -4.34232000000, 13.02696000000, 76.97304000000, 8.68464000000, 0, 0
4.34528000000, 81.30944000000, -4.34528000000, 13.03584000000, 76.96416000000, 8.69056000000, 0, 0
4.34824000000, 81.30352000000, -4.34824000000, 13.04472000000, 76.95528000000, 8.69648000000, 0, 0
4.35120000000, 81.29760000000, -4.35120000000, 13.05360000000, 76.94640000000, 8.70240000000, 0, 0
4.35416000000, 81.29168000000, -4.35416000000, 13.06248000000, 76.93752000000, 8.70832000000, 0, 0
4.35712000000, 81.28576000000, -4.35712000000, 13.07136000000, 76.92864000000, 8.71424000000, 0, 0
4.36008000000, 81.27984000000, -4.36008000000, 13.08024000000, 76.91976000000, 8.72016000000, 0, 0
4.36304000000, 81.27392000000, -4.36304000000, 13.08912000000, 76.91088000000, 8.72608000000, 0, 0
4.36600000000, 81.26800000000, -4.36600000000, 13.09800000000, 76.90200000000, 8.73200000000, 0, 0
4.36896000000, 81.26208000000, -4.36896000000, 13.10688000000, 76.89312000000, 8.73792000000, 0, 0
4.37192000000, 81.25616000000, -4.37192000000, 13.11576000000, 76.88424000000, 8.74384000000, 0, 0
4.37488000000, 81.25024000000, -4.37488000000, 13.12464000000, 76.87536000000, 8.74976000000, 0, 0
4.37784000000, 81.24432000000, -4.37784000000, 13.13352000000, 76.86648000000, 8.75568000000, 0, 0
4.38080000000, 81.23840000000, -4.38080000000, 13.14240000000, 76.85760000000, 8.76160000000, 0, 0
4.38376000000, 81.23248000000, -4.38376000000, 13.15128000000, 76.84872000000, 8.76752000000, 0, 0
4.38672000000, 81.22656000000, -4.38672000000, 13.16016000000, 76.83984000000, 8.77344000000, 0, 0
4.38968000000, 81.22064000000, -4.38968000000, 13.16904000000, 76.83096000000, 8.77936000000, 0, 0
4.39264000000, 81.21472000000, -4.39264000000, 13.17792000000, 76.82208000000, 8.78528000000, 0, 0
4.39560000000, 81.20880000000, -4.39560000000, 13.18680000000, 76.81320000000, 8.79120000000, 0, 0
4.39856000000, 81.20288000000, -4.39856000000, 13.19568000000, 76.80432000000, 8.79712000000, 0, 0
4.40152000000, 81.19696000000, -4.40152000000, 13.20456000000, 76.79544000000, 8.80304000000, 0, 0
4.40448000000, 81.19104000000, -4.40448000000, 13.21344000000, 76.78656000000, 8.80896000000, 0, 0
4.40744000000, 81.18512000000, -4.40744000000, 13.22232000000, 76.77768000000, 8.81488000000, 0, 0
4.41040000000, 81.17920000000, -4.41040000000, 13.23120000000, 76.76880000000, 8.82080000000, 0, 0
4.41336000000, 81.17328000000, -4.41336000000, 13.24008000000, 76.75992000000, 8.82672000000, 0, 0
4.41632000000, 81.16736000000, -4.41632000000, 13.24896000000, 76.75104000000, 8.83264000000, 0, 0
4.41928000000, 81.16144000000, -4.41928000000, 13.25784000000, 76.74216000000, 8.83856000000, 0, 0
4.42224000000, 81.15552000000, -4.42224000000, 13.26672000000, 76.73328000000, 8.84448000000, 0, 0
4.42520000000, 81.14960000000, -4.42520000000, 13.27560000000, 76.72440000000, 8.85040000000, 0, 0
4.42816000000, 81.14368000000, -4.42816000000, 13.28448000000, 76.71552000000, 8.85632000000, 0, 0
4.43112000000, 81.13776000000, -4.43112000000, 13.29336000000, 76.70664000000, 8.86224000000, 0, 0
4.43408000000, 81.13184000000, -4.43408000000, 13.30224000000, 76.69776000000, 8.86816000000, 0, 0
4.43704000000, 81.12592000000, -4.43704000000, 13.31112000000, 76.68888000000, 8.87408000000, 0, 0
4.44000000000, 81.12000000000, -4.44000000000, 13.32000000000, 76.68000000000, 8.88000000000, 0, 0
4.44296000000, 81.11408000000, -4.44296000000, 13.32888000000, 76.67112000000, 8.88592000000, 0, 0
4.44592000000, 81.10816000000, -4.44592000000, 13.33776000000, 76.66224000000, 8.89184000000, 0, 0
4.44888000000, 81.10224000000, -4.44888000000, 13.34664000000, 76.65336000000, 8.89776000000, 0, 0
4.45184000000, 81.09632000000, -4.45184000000, 13.35552000000, 76.64448000000, 8.90368000000, 0, 0
4.45480000000, 81.09040000000, -4.45480000000, 13.36440000000, 76.63560000000, 8.90960000000, 0, 0
4.45776000000, 81.08448000000, -4.45776000000, 13.37328000000, 76.62672000000, 8.91552000000, 0, 0
4.46072000000, 81.07856000000, -4.46072000000, 13.38216000000, 76.61784000000, 8.92144000000, 0, 0
4.46368000000, 81.07264000000, -4.46368000000, 13.39104000000, 76.60896000000, 8.92736000000, 0, 0
4.46664000000, 81.06672000000, -4.46664000000, 13.39992000000, 76.60008000000, 8.93328000000, 0, 0
4.46960000000, 81.06080000000, -4.46960000000, 13.40880000000, 76.59120000000, 8.93920000000, 0, 0
4.47256000000, 81.05488000000, -4.47256000000, 13.41768000000, 76.58232000000, 8.94512000000, 0, 0
4.47552000000, 81.04896000000, -4.47552000000, 13.42656000000, 76.57344000000, 8.95104000000, 0, 0
4.47848000000, 81.04304000000, -4.47848000000, 13.43544000000, 76.56456000000, 8.95696000000, 0, 0
4.48144000000, 81.03712000000, -4.48144000000, 13.44432000000, 76.55568000000, 8.96288000000, 0, 0
4.48440000000, 81.03120000000, -4.48440000000, 13.45320000000, 76.54680000000, 8.96880000000, 0, 0
4.48736000000, 81.02528000000, -4.48736000000, 13.46208000000, 76.53792000000, 8.97472000000, 0, 0
4.49032000000, 81.01936000000, -4.49032000000, 13.47096000000, 76.52904000000, 8.98064000000, 0, 0
4.49328000000, 81.01344000000, -4.49328000000, 13.47984000000, 76.52016000000, 8.98656000000, 0, 0
4.49624000000, 81.00752000000, -4.49624000000, 13.48872000000, 76.51128000000, 8.99248000000, 0, 0
4.49920000000, 81.00160000000, -4.49920000000, 13.49760000000, 76.50240000000, 8.99840000000, 0, 0
4.50216000000, 80.99568000000, -4.50216000000, 13.50648000000, 76.49352000000, 9.00432000000, 0, 0
4.50512000000, 80.98976000000, -4.50512000000, 13.51536000000, 76.48464000000, 9.01024000000, 0, 0
4.50808000000, 80.98384000000, -4.50808000000, 13.52424000000, 76.47576000000, 9.01616000000, 0, 0
4.51104000000, 80.97792000000, -4.51104000000, 13.53312000000, 76.46688000000, 9.02208000000, 0, 0
4.51400000000, 80.97200000000, -4.51400000000, 13.54200000000, 76.45800000000, 9.02800000000, 0, 0
4.51696000000, 80.96608000000, -4.51696000000, 13.55088000000, 76.44912000000, 9.03392000000, 0, 0
4.51992000000, 80.96016000000, -4.51992000000, 13.55976000000, 76.44024000000, 9.03984000000, 0, 0
4.52288000000, 80.95424000000, -4.52288000000, 13.56864000000, 76.43136000000, 9.04576000000, 0, 0
4.52584000000, 80.94832000000, -4.52584000000, 13.57752000000, 76.42248000000, 9.05168000000, 0, 0
4.52880000000, 80.94240000000, -4.52880000000, 13.58640000000, 76.41360000000, 9.05760000000, 0, 0
4.53176000000, 80.93648000000, -4.53176000000, 13.59528000000, 76.40472000000, 9.06352000000, 0, 0
4.53472000000, 80.93056000000, -4.53472000000, 13.60416000000, 76.39584000000, 9.06944000000, 0, 0
4.53768000000, 80.92464000000, -4.53768000000, 13.61304000000, 76.38696000000, 9.07536000000, 0, 0
4.54064000000, 80.91872000000, -4.54064000000, 13.62192000000, 76.37808000000, 9.08128000000, 0, 0
4.54360000000, 80.91280000000, -4.54360000000, 13.63080000000, 76.36920000000, 9.08720000000, 0, 0
4.54656000000, 80.90688000000, -4.54656000000, 13.63968000000, 76.36032000000, 9.09312000000, 0, 0
4.54952000000, 80.90096000000, -4.54952000000, 13.64856000000, 76.35144000000, 9.09904000000, 0, 0
4.55248000000, 80.89504000000, -4.55248000000, 13.65744000000, 76.34256000000, 9.10496000000, 0, 0
4.55544000000, 80.88912000000, -4.55544000000, 13.66632000000, 76.33368000000, 9.11088000000, 0, 0
4.55840000000, 80.88320000000, -4.55840000000, 13.67520000000, 76.32480000000, 9.11680000000, 0, 0
4.56136000000, 80.87728000000, -4.56136000000, 13.68408000000, 76.31592000000, 9.12272000000, 0, 0
4.56432000000, 80.87136000000, -4.56432000000, 13.69296000000, 76.30704000000, 9.12864000000, 0, 0
4.56728000000, 80.86544000000, -4.56728000000, 13.70184000000, 76.29816000000, 9.13456000000, 0, 0
4.57024000000, 80.85952000000, -4.57024000000, 13.71072000000, 76.28928000000, 9.14048000000, 0, 0
4.57320000000, 80.85360000000, -4.57320000000, 13.71960000000, 76.28040000000, 9.14640000000, 0, 0
4.57616000000, 80.84768000000, -4.57616000000, 13.72848000000, 76.27152000000, 9.15232000000, 0, 0
4.57912000000, 80.84176000000, -4.57912000000, 13.73736000000, 76.26264000000, 9.15824000000, 0, 0
4.58208000000, 80.83584000000, -4.58208000000, 13.74624000000, 76.25376000000, 9.16416000000, 0, 0
4.58504000000, 80.82992000000, -4.58504000000, 13.75512000000, 76.24488000000, 9.17008000000, 0, 0
4.58800000000, 80.82400000000, -4.58800000000, 13.76400000000, 76.23600000000, 9.17600000000, 0, 0
4.59096000000, 80.81808000000, -4.59096000000, 13.77288000000, 76.22712000000, 9.18192000000, 0, 0
4.59392000000, 80.81216000000, -4.59392000000, 13.78176000000, 76.21824000000, 9.18784000000, 0, 0
4.59688000000, 80.80624000000, -4.59688000000, 13.79064000000, 76.20936000000, 9.19376000000, 0, 0
4.59984000000, 80.80032000000, -4.59984000000, 13.79952000000, 76.20048000000, 9.19968000000, 0, 0
4.60280000000, 80.79440000000, -4.60280000000, 13.80840000000, 76.19160000000, 9.20560000000, 0, 0
4.60576000000, 80.78848000000, -4.60576000000, 13.81728000000, 76.18272000000, 9.21152000000, 0, 0
4.60872000000, 80.78256000000, -4.60872000000, 13.82616000000, 76.17384000000, 9.21744000000, 0, 0
4.61168000000, 80.77664000000, -4.61168000000, 13.83504000000, 76.16496000000, 9.22336000000, 0, 0
4.61464000000, 80.77072000000, -4.61464000000, 13.84392000000, 76.15608000000, 9.22928000000, 0, 0
4.61760000000, 80.76480000000, -4.61760000000, 13.85280000000, 76.14720000000, 9.23520000000, 0, 0
4.62056000000, 80.75888000000, -4.62056000000, 13.86168000000, 76.13832000000, 9.24112000000, 0, 0
4.62352000000, 80.75296000000, -4.62352000000, 13.87056000000, 76.12944000000, 9.24704000000, 0, 0
4.62648000000, 80.74704000000, -4.62648000000, 13.87944000000, 76.12056000000, 9.25296000000, 0, 0
4.62944000000, 80.74112000000, -4.62944000000, 13.88832000000, 76.11168000000, 9.25888000000, 0, 0
4.63240000000, 80.73520000000, -4.63240000000, 13.89720000000, 76.10280000000, 9.26480000000, 0, 0
4.63536000000, 80.72928000000, -4.63536000000, 13.90608000000, 76.09392000000, 9.27072000000, 0, 0
4.63832000000, 80.72336000000, -4.63832000000, 13.91496000000, 76.08504000000, 9.27664000000, 0, 0
4.64128000000, 80.71744000000, -4.64128000000, 13.92384000000, 76.07616000000, 9.28256000000, 0, 0
4.64424000000, 80.71152000000, -4.64424000000, 13.93272000000, 76.06728000000, 9.28848000000, 0, 0
4.64720000000, 80.70560000000, -4.64720000000, 13.94160000000, 76.05840000000, 9.29440000000, 0, 0
4.65016000000, 80.69968000000, -4.65016000000, 13.95048000000, 76.04952000000, 9.30032000000, 0, 0
4.65312000000, 80.69376000000, -4.65312000000, 13.95936000000, 76.04064000000, 9.30624000000, 0, 0
4.65608000000, 80.68784000000, -4.65608000000, 13.96824000000, 76.03176000000, 9.31216000000, 0, 0
4.65904000000, 80.68192000000, -4.65904000000, 13.97712000000, 76.02288000000, 9.31808000000, 0, 0
4.66200000000, 80.67600000000, -4.66200000000, 13.98600000000, 76.01400000000, 9.32400000000, 0, 0
4.66496000000, 80.67008000000, -4.66496000000, 13.99488000000, 76.00512000000, 9.32992000000, 0, 0
4.66792000000, 80.66416000000, -4.66792000000, 14.00376000000, 75.99624000000, 9.33584000000, 0, 0
4.67088000000, 80.65824000000, -4.67088000000, 14.01264000000, 75.98736000000, 9.34176000000, 0, 0
4.67384000000, 80.65232000000, -4.67384000000, 14.02152000000, 75.97848000000, 9.34768000000, 0, 0
4.67680000000, 80.64640000000, -4.67680000000, 14.03040000000, 75.96960000000, 9.35360000000, 0, 0
4.67976000000, 80.64048000000, -4.67976000000, 14.03928000000, 75.96072000000, 9.35952000000, 0, 0
4.68272000000, 80.63456000000, -4.68272000000, 14.04816000000, 75.95184000000, 9.36544000000, 0, 0
4.68568000000, 80.62864000000, -4.68568000000, 14.05704000000, 75.94296000000, 9.37136000000, 0, 0
4.68864000000, 80.62272000000, -4.68864000000, 14.06592000000, 75.93408000000, 9.37728000000, 0, 0
4.69160000000, 80.61680000000, -4.69160000000, 14.07480000000, 75.92520000000, 9.38320000000, 0, 0
4.69456000000, 80.61088000000, -4.69456000000, 14.08368000000, 75.91632000000, 9.38912000000, 0, 0
4.69752000000, 80.60496000000, -4.69752000000, 14.09256000000, 75.90744000000, 9.39504000000, 0, 0
4.70048000000, 80.59904000000, -4.70048000000, 14.10144000000, 75.89856000000, 9.40096000000, 0, 0
4.70344000000, 80.59312000000, -4.70344000000, 14.11032000000, 75.88968000000, 9.40688000000, 0, 0
4.70640000000, 80.58720000000, -4.70640000000, 14.11920000000, 75.88080000000, 9.41280000000, 0, 0
4.70936000000, 80.58128000000, -4.70936000000, 14.12808000000, 75.87192000000, 9.41872000000, 0, 0
4.71232000000, 80.57536000000, -4.71232000000, 14.13696000000, 75.86304000000, 9.42464000000, 0, 0
4.71528000000, 80.56944000000, -4.71528000000, 14.14584000000, 75.85416000000, 9.43056000000, 0, 0
4.71824000000, 80.56352000000, -4.71824000000, 14.15472000000, 75.84528000000, 9.43648000000, 0, 0
4.72120000000, 80.55760000000, -4.72120000000, 14.16360000000, 75.83640000000, 9.44240000000, 0, 0
4.72416000000, 80.55168000000, -4.72416000000, 14.17248000000, 75.82752000000, 9.44832000000, 0, 0
4.72712000000, 80.54576000000, -4.72712000000, 14.18136000000, 75.81864000000, 9.45424000000, 0, 0
4.73008000000, 80.53984000000, -4.73008000000, 14.19024000000, 75.80976000000, 9.46016000000, 0, 0
4.73304000000, 80.53392000000, -4.73304000000, 14.19912000000, 75.80088000000, 9.46608000000, 0, 0
4.73600000000, 80.52800000000, -4.73600000000, 14.20800000000, 75.79200000000, 9.47200000000, 0, 0
4.73896000000, 80.52208000000, -4.73896000000, 14.21688000000, 75.78312000000, 9.47792000000, 0, 0
4.74192000000, 80.51616000000, -4.74192000000, 14.22576000000, 75.77424000000, 9.48384000000, 0, 0
4.74488000000, 80.51024000000, -4.74488000000, 14.23464000000, 75.76536000000, 9.48976000000, 0, 0
4.74784000000, 80.50432000000, -4.74784000000, 14.24352000000, 75.75648000000, 9.49568000000, 0, 0
4.75080000000, 80.49840000000, -4.75080000000, 14.25240000000, 75.74760000000, 9.50160000000, 0, 0
4.75376000000, 80.49248000000, -4.75376000000, 14.26128000000, 75.73872000000, 9.50752000000, 0, 0
4.75672000000, 80.48656000000, -4.75672000000, 14.27016000000, 75.72984000000, 9.51344000000, 0, 0
4.75968000000, 80.48064000000, -4.75968000000, 14.27904000000, 75.72096000000, 9.51936000000, 0, 0
4.76264000000, 80.47472000000, -4.76264000000, 14.28792000000, 75.71208000000, 9.52528000000, 0, 0
4.76560000000, 80.46880000000, -4.76560000000, 14.29680000000, 75.70320000000, 9.53120000000, 0, 0
4.76856000000, 80.46288000000, -4.76856000000, 14.30568000000, 75.69432000000, 9.53712000000, 0, 0
4.77152000000, 80.45696000000, -4.77152000000, 14.31456000000, 75.68544000000, 9.54304000000, 0, 0
4.77448000000, 80.45104000000, -4.77448000000, 14.32344000000, 75.67656000000, 9.54896000000, 0, 0
4.77744000000, 80.44512000000, -4.77744000000, 14.33232000000, 75.66768000000, 9.55488000000, 0, 0
4.78040000000, 80.43920000000, -4.78040000000, 14.34120000000, 75.65880000000, 9.56080000000, 0, 0
4.78336000000, 80.43328000000, -4.78336000000, 14.35008000000, 75.64992000000, 9.56672000000, 0, 0
4.78632000000, 80.42736000000, -4.78632000000, 14.35896000000, 75.64104000000, 9.57264000000, 0, 0
4.78928000000, 80.42144000000, -4.78928000000, 14.36784000000, 75.63216000000, 9.57856000000, 0, 0
4.79224000000, 80.41552000000, -4.79224000000, 14.37672000000, 75.62328000000, 9.58448000000, 0, 0
4.79520000000, 80.40960000000, -4.79520000000, 14.38560000000, 75.61440000000, 9.59040000000, 0, 0
4.79816000000, 80.40368000000, -4.79816000000, 14.39448000000, 75.60552000000, 9.59632000000, 0, 0
4.80112000000, 80.39776000000, -4.80112000000, 14.40336000000, 75.59664000000, 9.60224000000, 0, 0
4.80408000000, 80.39184000000, -4.80408000000, 14.41224000000, 75.58776000000, 9.60816000000, 0, 0
4.80704000000, 80.38592000000, -4.80704000000, 14.42112000000, 75.57888000000, 9.61408000000, 0, 0
4.81000000000, 80.38000000000, -4.81000000000, 14.43000000000, 75.57000000000, 9.62000000000, 0, 0
4.81296000000, 80.37408000000, -4.81296000000, 14.43888000000, 75.56112000000, 9.62592000000, 0, 0
4.81592000000, 80.36816000000, -4.81592000000, 14.44776000000, 75.55224000000, 9.63184000000, 0, 0
4.81888000000, 80.36224000000, -4.81888000000, 14.45664000000, 75.54336000000, 9.63776000000, 0, 0
4.82184000000, 80.35632000000, -4.82184000000, 14.46552000000, 75.53448000000, 9.64368000000, 0, 0
4.82480000000, 80.35040000000, -4.82480000000, 14.47440000000, 75.52560000000, 9.64960000000, 0, 0
4.82776000000, 80.34448000000, -4.82776000000, 14.48328000000, 75.51672000000, 9.65552000000, 0, 0
4.83072000000, 80.33856000000, -4.83072000000, 14.49216000000, 75.50784000000, 9.66144000000, 0, 0
4.83368000000, 80.33264000000, -4.83368000000, 14.50104000000, 75.49896000000, 9.66736000000, 0, 0
4.83664000000, 80.32672000000, -4.83664000000, 14.50992000000, 75.49008000000, 9.67328000000, 0, 0
4.83960000000, 80.32080000000, -4.83960000000, 14.51880000000, 75.48120000000, 9.67920000000, 0, 0
4.84256000000, 80.31488000000, -4.84256000000, 14.52768000000, 75.47232000000, 9.68512000000, 0, 0
4.84552000000, 80.30896000000, -4.84552000000, 14.53656000000, 75.46344000000, 9.69104000000, 0, 0
4.84848000000, 80.30304000000, -4.84848000000, 14.54544000000, 75.45456000000, 9.69696000000, 0, 0
4.85144000000, 80.29712000000, -4.85144000000, 14.55432000000, 75.44568000000, 9.70288000000, 0, 0
4.85440000000, 80.29120000000, -4.85440000000, 14.56320000000, 75.43680000000, 9.70880000000, 0, 0
4.85736000000, 80.28528000000, -4.85736000000, 14.57208000000, 75.42792000000, 9.71472000000, 0, 0
4.86032000000, 80.27936000000, -4.86032000000, 14.58096000000, 75.41904000000, 9.72064000000, 0, 0
4.86328000000, 80.27344000000, -4.86328000000, 14.58984000000, 75.41016000000, 9.72656000000, 0, 0
4.86624000000, 80.26752000000, -4.86624000000, 14.59872000000, 75.40128000000, 9.73248000000, 0, 0
4.86920000000, 80.26160000000, -4.86920000000, 14.60760000000, 75.39240000000, 9.73840000000, 0, 0
4.87216000000, 80.25568000000, -4.87216000000, 14.61648000000, 75.38352000000, 9.74432000000, 0, 0
4.87512000000, 80.24976000000, -4.87512000000, 14.62536000000, 75.37464000000, 9.75024000000, 0, 0
4.87808000000, 80.24384000000, -4.87808000000, 14.63424000000, 75.36576000000, 9.75616000000, 0, 0
4.88104000000, 80.23792000000, -4.88104000000, 14.64312000000, 75.35688000000, 9.76208000000, 0, 0
4.88400000000, 80.23200000000, -4.88400000000, 14.65200000000, 75.34800000000, 9.76800000000, 0, 0
4.88696000000, 80.22608000000, -4.88696000000, 14.66088000000, 75.33912000000, 9.77392000000, 0, 0
4.88992000000, 80.22016000000, -4.88992000000, 14.66976000000, 75.33024000000, 9.77984000000, 0, 0
4.89288000000, 80.21424000000, -4.89288000000, 14.67864000000, 75.32136000000, 9.78576000000, 0, 0
4.89584000000, 80.20832000000, -4.89584000000, 14.68752000000, 75.31248000000, 9.79168000000, 0, 0
4.89880000000, 80.20240000000, -4.89880000000, 14.69640000000, 75.30360000000, 9.79760000000, 0, 0
4.90176000000, 80.19648000000, -4.90176000000, 14.70528000000, 75.29472000000, 9.80352000000, 0, 0
4.90472000000, 80.19056000000, -4.90472000000, 14.71416000000, 75.28584000000, 9.80944000000, 0, 0
4.90768000000, 80.18464000000, -4.90768000000, 14.72304000000, 75.27696000000, 9.81536000000, 0, 0
4.91064000000, 80.17872000000, -4.91064000000, 14.73192000000, 75.26808000000, 9.82128000000, 0, 0
4.91360000000, 80.17280000000, -4.91360000000, 14.74080000000, 75.25920000000, 9.82720000000, 0, 0
4.91656000000, 80.16688000000, -4.91656000000, 14.74968000000, 75.25032000000, 9.83312000000, 0, 0
4.91952000000, 80.16096000000, -4.91952000000, 14.75856000000, 75.24144000000, 9.83904000000, 0, 0
4.92248000000, 80.15504000000, -4.92248000000, 14.76744000000, 75.23256000000, 9.84496000000, 0, 0
4.92544000000, 80.14912000000, -4.92544000000, 14.77632000000, 75.22368000000, 9.85088000000, 0, 0
4.92840000000, 80.14320000000, -4.92840000000, 14.78520000000, 75.21480000000, 9.85680000000, 0, 0
4.93136000000, 80.13728000000, -4.93136000000, 14.79408000000, 75.20592000000, 9.86272000000, 0, 0
4.93432000000, 80.13136000000, -4.93432000000, 14.80296000000, 75.19704000000, 9.86864000000, 0, 0
4.93728000000, 80.12544000000, -4.93728000000, 14.81184000000, 75.18816000000, 9.87456000000, 0, 0
4.94024000000, 80.11952000000, -4.94024000000, 14.82072000000, 75.17928000000, 9.88048000000, 0, 0
4.94320000000, 80.11360000000, -4.94320000000, 14.82960000000, 75.17040000000, 9.88640000000, 0, 0
4.94616000000, 80.10768000000, -4.94616000000, 14.83848000000, 75.16152000000, 9.89232000000, 0, 0
4.94912000000, 80.10176000000, -4.94912000000, 14.84736000000, 75.15264000000, 9.89824000000, 0, 0
4.95208000000, 80.09584000000, -4.95208000000, 14.85624000000, 75.14376000000, 9.90416000000, 0, 0
4.95504000000, 80.08992000000, -4.95504000000, 14.86512000000, 75.13488000000, 9.91008000000, 0, 0
4.95800000000, 80.08400000000, -4.95800000000, 14.87400000000, 75.12600000000, 9.91600000000, 0, 0
4.96096000000, 80.07808000000, -4.96096000000, 14.88288000000, 75.11712000000, 9.92192000000, 0, 0
4.96392000000, 80.07216000000, -4.96392000000, 14.89176000000, 75.10824000000, 9.92784000000, 0, 0
4.96688000000, 80.06624000000, -4.96688000000, 14.90064000000, 75.09936000000, 9.93376000000, 0, 0
4.96984000000, 80.06032000000, -4.96984000000, 14.90952000000, 75.09048000000, 9.93968000000, 0, 0
4.97280000000, 80.05440000000, -4.97280000000, 14.91840000000, 75.08160000000, 9.94560000000, 0, 0
4.97576000000, 80.04848000000, -4.97576000000, 14.92728000000, 75.07272000000, 9.95152000000, 0, 0
4.97872000000, 80.04256000000, -4.97872000000, 14.93616000000, 75.06384000000, 9.95744000000, 0, 0
4.98168000000, 80.03664000000, -4.98168000000, 14.94504000000, 75.05496000000, 9.96336000000, 0, 0
4.98464000000, 80.03072000000, -4.98464000000, 14.95392000000, 75.04608000000, 9.96928000000, 0, 0
4.98760000000, 80.02480000000, -4.98760000000, 14.96280000000, 75.03720000000, 9.97520000000, 0, 0
4.99056000000, 80.01888000000, -4.99056000000, 14.97168000000, 75.02832000000, 9.98112000000, 0, 0
4.99352000000, 80.01296000000, -4.99352000000, 14.98056000000, 75.01944000000, 9.98704000000, 0, 0
4.99648000000, 80.00704000000, -4.99648000000, 14.98944000000, 75.01056000000, 9.99296000000, 0, 0
4.99944000000, 80.00112000000, -4.99944000000, 14.99832000000, 75.00168000000, 9.99888000000, 0, 0
5.00240000000, 79.99520000000, -5.00240000000, 15.00720000000, 74.99280000000, 10.00480000000, 0, 0
5.00536000000, 79.98928000000, -5.00536000000, 15.01608000000, 74.98392000000, 10.01072000000, 0, 0
5.00832000000, 79.98336000000, -5.00832000000, 15.02496000000, 74.97504000000, 10.01664000000, 0, 0
5.01128000000, 79.97744000000, -5.01128000000, 15.03384000000, 74.96616000000, 10.02256000000, 0, 0
5.01424000000, 79.97152000000, -5.01424000000, 15.04272000000, 74.95728000000, 10.02848000000, 0, 0
5.01720000000, 79.96560000000, -5.01720000000, 15.05160000000, 74.94840000000, 10.03440000000, 0, 0
5.02016000000, 79.95968000000, -5.02016000000, 15.06048000000, 74.93952000000, 10.04032000000, 0, 0
5.02312000000, 79.95376000000, -5.02312000000, 15.06936000000, 74.93064000000, 10.04624000000, 0, 0
5.02608000000, 79.94784000000, -5.02608000000, 15.07824000000, 74.92176000000, 10.05216000000, 0, 0
5.02904000000, 79.94192000000, -5.02904000000, 15.08712000000, 74.91288000000, 10.05808000000, 0, 0
5.03200000000, 79.93600000000, -5.03200000000, 15.09600000000, 74.90400000000, 10.06400000000, 0, 0
5.03496000000, 79.93008000000, -5.03496000000, 15.10488000000, 74.89512000000, 10.06992000000, 0, 0
5.03792000000, 79.92416000000, -5.03792000000, 15.11376000000, 74.88624000000, 10.07584000000, 0, 0
5.04088000000, 79.91824000000, -5.04088000000, 15.12264000000, 74.87736000000, 10.08176000000, 0, 0
5.04384000000, 79.91232000000, -5.04384000000, 15.13152000000, 74.86848000000, 10.08768000000, 0, 0
5.04680000000, 79.90640000000, -5.04680000000, 15.14040000000, 74.85960000000, 10.09360000000, 0, 0
5.04976000000, 79.90048000000, -5.04976000000, 15.14928000000, 74.85072000000, 10.09952000000, 0, 0
5.05272000000, 79.89456000000, -5.05272000000, 15.15816000000, 74.84184000000, 10.10544000000, 0, 0
5.05568000000, 79.88864000000, -5.05568000000, 15.16704000000, 74.83296000000, 10.11136000000, 0, 0
5.05864000000, 79.88272000000, -5.05864000000, 15.17592000000, 74.82408000000, 10.11728000000, 0, 0
5.06160000000, 79.87680000000, -5.06160000000, 15.18480000000, 74.81520000000, 10.12320000000, 0, 0
5.06456000000, 79.87088000000, -5.06456000000, 15.19368000000, 74.80632000000, 10.12912000000, 0, 0
5.06752000000, 79.86496000000, -5.06752000000, 15.20256000000, 74.79744000000, 10.13504000000, 0, 0
5.07048000000, 79.85904000000, -5.07048000000, 15.21144000000, 74.78856000000, 10.14096000000, 0, 0
5.07344000000, 79.85312000000, -5.07344000000, 15.22032000000, 74.77968000000, 10.14688000000, 0, 0
5.07640000000, 79.84720000000, -5.07640000000, 15.22920000000, 74.77080000000, 10.15280000000, 0, 0
5.07936000000, 79.84128000000, -5.07936000000, 15.23808000000, 74.76192000000, 10.15872000000, 0, 0
5.08232000000, 79.83536000000, -5.08232000000, 15.24696000000, 74.75304000000, 10.16464000000, 0, 0
5.08528000000, 79.82944000000, -5.08528000000, 15.25584000000, 74.74416000000, 10.17056000000, 0, 0
5.08824000000, 79.82352000000, -5.08824000000, 15.26472000000, 74.73528000000, 10.17648000000, 0, 0
5.09120000000, 79.81760000000, -5.09120000000, 15.27360000000, 74.72640000000, 10.18240000000, 0, 0
5.09416000000, 79.81168000000, -5.09416000000, 15.28248000000, 74.71752000000, 10.18832000000, 0, 0
5.09712000000, 79.80576000000, -5.09712000000, 15.29136000000, 74.70864000000, 10.19424000000, 0, 0
5.10008000000, 79.79984000000, -5.10008000000, 15.30024000000, 74.69976000000, 10.20016000000, 0, 0
5.10304000000, 79.79392000000, -5.10304000000, 15.30912000000, 74.69088000000, 10.20608000000, 0, 0
5.10600000000, 79.78800000000, -5.10600000000, 15.31800000000, 74.68200000000, 10.21200000000, 0, 0
5.10896000000, 79.78208000000, -5.10896000000, 15.32688000000, 74.67312000000, 10.21792000000, 0, 0
5.11192000000, 79.77616000000, -5.11192000000, 15.33576000000, 74.66424000000, 10.22384000000, 0, 0
5.11488000000, 79.77024000000, -5.11488000000, 15.34464000000, 74.65536000000, 10.22976000000, 0, 0
5.11784000000, 79.76432000000, -5.11784000000, 15.35352000000, 74.64648000000, 10.23568000000, 0, 0
5.12080000000, 79.75840000000, -5.12080000000, 15.36240000000, 74.63760000000, 10.24160000000, 0, 0
5.12376000000, 79.75248000000, -5.12376000000, 15.37128000000, 74.62872000000, 10.24752000000, 0, 0
5.12672000000, 79.74656000000, -5.12672000000, 15.38016000000, 74.61984000000, 10.25344000000, 0, 0
5.12968000000, 79.74064000000, -5.12968000000, 15.38904000000, 74.61096000000, 10.25936000000, 0, 0
5.13264000000, 79.73472000000, -5.13264000000, 15.39792000000, 74.60208000000, 10.26528000000, 0, 0
5.13560000000, 79.72880000000, -5.13560000000, 15.40680000000, 74.59320000000, 10.27120000000, 0, 0
5.13856000000, 79.72288000000, -5.13856000000, 15.41568000000, 74.58432000000, 10.27712000000, 0, 0
5.14152000000, 79.71696000000, -5.14152000000, 15.42456000000, 74.57544000000, 10.28304000000, 0, 0
5.14448000000, 79.71104000000, -5.14448000000, 15.43344000000, 74.56656000000, 10.28896000000, 0, 0
5.14744000000, 79.70512000000, -5.14744000000, 15.44232000000, 74.55768000000, 10.29488000000, 0, 0
5.15040000000, 79.69920000000, -5.15040000000, 15.45120000000, 74.54880000000, 10.30080000000, 0, 0
5.15336000000, 79.69328000000, -5.15336000000, 15.46008000000, 74.53992000000, 10.30672000000, 0, 0
5.15632000000, 79.68736000000, -5.15632000000, 15.46896000000, 74.53104000000, 10.31264000000, 0, 0
5.15928000000, 79.68144000000, -5.15928000000, 15.47784000000, 74.52216000000, 10.31856000000, 0, 0
5.16224000000, 79.67552000000, -5.16224000000, 15.48672000000, 74.51328000000, 10.32448000000, 0, 0
5.16520000000, 79.66960000000, -5.16520000000, 15.49560000000, 74.50440000000, 10.33040000000, 0, 0
5.16816000000, 79.66368000000, -5.16816000000, 15.50448000000, 74.49552000000, 10.33632000000, 0, 0
5.17112000000, 79.65776000000, -5.17112000000, 15.51336000000, 74.48664000000, 10.34224000000, 0, 0
5.17408000000, 79.65184000000, -5.17408000000, 15.52224000000, 74.47776000000, 10.34816000000, 0, 0
5.17704000000, 79.64592000000, -5.17704000000, 15.53112000000, 74.46888000000, 10.35408000000, 0, 0
5.18000000000, 79.64000000000, -5.18000000000, 15.54000000000, 74.46000000000, 10.36000000000, 0, 0
5.18296000000, 79.63408000000, -5.18296000000, 15.54888000000, 74.45112000000, 10.36592000000, 0, 0
5.18592000000, 79.62816000000, -5.18592000000, 15.55776000000, 74.44224000000, 10.37184000000, 0, 0
5.18888000000, 79.62224000000, -5.18888000000, 15.56664000000, 74.43336000000, 10.37776000000, 0, 0
5.19184000000, 79.61632000000, -5.19184000000, 15.57552000000, 74.42448000000, 10.38368000000, 0, 0
5.19480000000, 79.61040000000, -5.19480000000, 15.58440000000, 74.41560000000, 10.38960000000, 0, 0
5.19776000000, 79.60448000000, -5.19776000000, 15.59328000000, 74.40672000000, 10.39552000000, 0, 0
5.20072000000, 79.59856000000, -5.20072000000, 15.60216000000, 74.39784000000, 10.40144000000, 0, 0
5.20368000000, 79.59264000000, -5.20368000000, 15.61104000000, 74.38896000000, 10.40736000000, 0, 0
5.20664000000, 79.58672000000, -5.20664000000, 15.61992000000, 74.38008000000, 10.41328000000, 0, 0
5.20960000000, 79.58080000000, -5.20960000000, 15.62880000000, 74.37120000000, 10.41920000000, 0, 0
5.21256000000, 79.57488000000, -5.21256000000, 15.63768000000, 74.36232000000, 10.42512000000, 0, 0
5.21552000000, 79.56896000000, -5.21552000000, 15.64656000000, 74.35344000000, 10.43104000000, 0, 0
5.21848000000, 79.56304000000, -5.21848000000, 15.65544000000, 74.34456000000, 10.43696000000, 0, 0
5.22144000000, 79.55712000000, -5.22144000000, 15.66432000000, 74.33568000000, 10.44288000000, 0, 0
5.22440000000, 79.55120000000, -5.22440000000, 15.67320000000, 74.32680000000, 10.44880000000, 0, 0
5.22736000000, 79.54528000000, -5.22736000000, 15.68208000000, 74.31792000000, 10.45472000000, 0, 0
5.23032000000, 79.53936000000, -5.23032000000, 15.69096000000, 74.30904000000, 10.46064000000, 0, 0
5.23328000000, 79.53344000000, -5.23328000000, 15.69984000000, 74.30016000000, 10.46656000000, 0, 0
5.23624000000, 79.52752000000, -5.23624000000, 15.70872000000, 74.29128000000, 10.47248000000, 0, 0
5.23920000000, 79.52160000000, -5.23920000000, 15.71760000000, 74.28240000000, 10.47840000000, 0, 0
5.24216000000, 79.51568000000, -5.24216000000, 15.72648000000, 74.27352000000, 10.48432000000, 0, 0
5.24512000000, 79.50976000000, -5.24512000000, 15.73536000000, 74.26464000000, 10.49024000000, 0, 0
5.24808000000, 79.50384000000, -5.24808000000, 15.74424000000, 74.25576000000, 10.49616000000, 0, 0
5.25104000000, 79.49792000000, -5.25104000000, 15.75312000000, 74.24688000000, 10.50208000000, 0, 0
5.25400000000, 79.49200000000, -5.25400000000, 15.76200000000, 74.23800000000, 10.50800000000, 0, 0
5.25696000000, 79.48608000000, -5.25696000000, 15.77088000000, 74.22912000000, 10.51392000000, 0, 0
5.25992000000, 79.48016000000, -5.25992000000, 15.77976000000, 74.22024000000, 10.51984000000, 0, 0
5.26288000000, 79.47424000000, -5.26288000000, 15.78864000000, 74.21136000000, 10.52576000000, 0, 0
5.26584000000, 79.46832000000, -5.26584000000, 15.79752000000, 74.20248000000, 10.53168000000, 0, 0
5.26880000000, 79.46240000000, -5.26880000000, 15.80640000000, 74.19360000000, 10.53760000000, 0, 0
5.27176000000, 79.45648000000, -5.27176000000, 15.81528000000, 74.18472000000, 10.54352000000, 0, 0
5.27472000000, 79.45056000000, -5.27472000000, 15.82416000000, 74.17584000000, 10.54944000000, 0, 0
5.27768000000, 79.44464000000, -5.27768000000, 15.83304000000, 74.16696000000, 10.55536000000, 0, 0
5.28064000000, 79.43872000000, -5.28064000000, 15.84192000000, 74.15808000000, 10.56128000000, 0, 0
5.28360000000, 79.43280000000, -5.28360000000, 15.85080000000, 74.14920000000, 10.56720000000, 0, 0
5.28656000000, 79.42688000000, -5.28656000000, 15.85968000000, 74.14032000000, 10.57312000000, 0, 0
5.28952000000, 79.42096000000, -5.28952000000, 15.86856000000, 74.13144000000, 10.57904000000, 0, 0
5.29248000000, 79.41504000000, -5.29248000000, 15.87744000000, 74.12256000000, 10.58496000000, 0, 0
5.29544000000, 79.40912000000, -5.29544000000, 15.88632000000, 74.11368000000, 10.59088000000, 0, 0
5.29840000000, 79.40320000000, -5.29840000000, 15.89520000000, 74.10480000000, 10.59680000000, 0, 0
5.30136000000, 79.39728000000, -5.30136000000, 15.90408000000, 74.09592000000, 10.60272000000, 0, 0
5.30432000000, 79.39136000000, -5.30432000000, 15.91296000000, 74.08704000000, 10.60864000000, 0, 0
5.30728000000, 79.38544000000, -5.30728000000, 15.92184000000, 74.07816000000, 10.61456000000, 0, 0
5.31024000000, 79.37952000000, -5.31024000000, 15.93072000000, 74.06928000000, 10.62048000000, 0, 0
5.31320000000, 79.37360000000, -5.31320000000, 15.93960000000, 74.06040000000, 10.62640000000, 0, 0
5.31616000000, 79.36768000000, -5.31616000000, 15.94848000000, 74.05152000000, 10.63232000000, 0, 0
5.31912000000, 79.36176000000, -5.31912000000, 15.95736000000, 74.04264000000, 10.63824000000, 0, 0
5.32208000000, 79.35584000000, -5.32208000000, 15.96624000000, 74.03376000000, 10.64416000000, 0, 0
5.32504000000, 79.34992000000, -5.32504000000, 15.97512000000, 74.02488000000, 10.65008000000, 0, 0
5.32800000000, 79.34400000000, -5.32800000000, 15.98400000000, 74.01600000000, 10.65600000000, 0, 0
5.33096000000, 79.33808000000, -5.33096000000, 15.99288000000, 74.00712000000, 10.66192000000, 0, 0
5.33392000000, 79.33216000000, -5.33392000000, 16.00176000000, 73.99824000000, 10.66784000000, 0, 0
5.33688000000, 79.32624000000, -5.33688000000, 16.01064000000, 73.98936000000, 10.67376000000, 0, 0
5.33984000000, 79.32032000000, -5.33984000000, 16.01952000000, 73.98048000000, 10.67968000000, 0, 0
5.34280000000, 79.31440000000, -5.34280000000, 16.02840000000, 73.97160000000, 10.68560000000, 0, 0
5.34576000000, 79.30848000000, -5.34576000000, 16.03728000000, 73.96272000000, 10.69152000000, 0, 0
5.34872000000, 79.30256000000, -5.34872000000, 16.04616000000, 73.95384000000, 10.69744000000, 0, 0
5.35168000000, 79.29664000000, -5.35168000000, 16.05504000000, 73.94496000000, 10.70336000000, 0, 0
5.35464000000, 79.29072000000, -5.35464000000, 16.06392000000, 73.93608000000, 10.70928000000, 0, 0
5.35760000000, 79.28480000000, -5.35760000000, 16.07280000000, 73.92720000000, 10.71520000000, 0, 0
5.36056000000, 79.27888000000, -5.36056000000, 16.08168000000, 73.91832000000, 10.72112000000, 0, 0
5.36352000000, 79.27296000000, -5.36352000000, 16.09056000000, 73.90944000000, 10.72704000000, 0, 0
5.36648000000, 79.26704000000, -5.36648000000, 16.09944000000, 73.90056000000, 10.73296000000, 0, 0
5.36944000000, 79.26112000000, -5.36944000000, 16.10832000000, 73.89168000000, 10.73888000000, 0, 0
5.37240000000, 79.25520000000, -5.37240000000, 16.11720000000, 73.88280000000, 10.74480000000, 0, 0
5.37536000000, 79.24928000000, -5.37536000000, 16.12608000000, 73.87392000000, 10.75072000000, 0, 0
5.37832000000, 79.24336000000, -5.37832000000, 16.13496000000, 73.86504000000, 10.75664000000, 0, 0
5.38128000000, 79.23744000000, -5.38128000000, 16.14384000000, 73.85616000000, 10.76256000000, 0, 0
5.38424000000, 79.23152000000, -5.38424000000, 16.15272000000, 73.84728000000, 10.76848000000, 0, 0
5.38720000000, 79.22560000000, -5.38720000000, 16.16160000000, 73.83840000000, 10.77440000000, 0, 0
5.39016000000, 79.21968000000, -5.39016000000, 16.17048000000, 73.82952000000, 10.78032000000, 0, 0
5.39312000000, 79.21376000000, -5.39312000000, 16.17936000000, 73.82064000000, 10.78624000000, 0, 0
5.39608000000, 79.20784000000, -5.39608000000, 16.18824000000, 73.81176000000, 10.79216000000, 0, 0
5.39904000000, 79.20192000000, -5.39904000000, 16.19712000000, 73.80288000000, 10.79808000000, 0, 0
5.40200000000, 79.19600000000, -5.40200000000, 16.20600000000, 73.79400000000, 10.80400000000, 0, 0
5.40496000000, 79.19008000000, -5.40496000000, 16.21488000000, 73.78512000000, 10.80992000000, 0, 0
5.40792000000, 79.18416000000, -5.40792000000, 16.22376000000, 73.77624000000, 10.81584000000, 0, 0
5.41088000000, 79.17824000000, -5.41088000000, 16.23264000000, 73.76736000000, 10.82176000000, 0, 0
5.41384000000, 79.17232000000, -5.41384000000, 16.24152000000, 73.75848000000, 10.82768000000, 0, 0
5.41680000000, 79.16640000000, -5.41680000000, 16.25040000000, 73.74960000000, 10.83360000000, 0, 0
5.41976000000, 79.16048000000, -5.41976000000, 16.25928000000, 73.74072000000, 10.83952000000, 0, 0
5.42272000000, 79.15456000000, -5.42272000000, 16.26816000000, 73.73184000000, 10.84544000000, 0, 0
5.42568000000, 79.14864000000, -5.42568000000, 16.27704000000, 73.72296000000, 10.85136000000, 0, 0
5.42864000000, 79.14272000000, -5.42864000000, 16.28592000000, 73.71408000000, 10.85728000000, 0, 0
5.43160000000, 79.13680000000, -5.43160000000, 16.29480000000, 73.70520000000, 10.86320000000, 0, 0
5.43456000000, 79.13088000000, -5.43456000000, 16.30368000000, 73.69632000000, 10.86912000000, 0, 0
5.43752000000, 79.12496000000, -5.43752000000, 16.31256000000, 73.68744000000, 10.87504000000, 0, 0
5.44048000000, 79.11904000000, -5.44048000000, 16.32144000000, 73.67856000000, 10.88096000000, 0, 0
5.44344000000, 79.11312000000, -5.44344000000, 16.33032000000, 73.66968000000, 10.88688000000, 0, 0
5.44640000000, 79.10720000000, -5.44640000000, 16.33920000000, 73.66080000000, 10.89280000000, 0, 0
5.44936000000, 79.10128000000, -5.44936000000, 16.34808000000, 73.65192000000, 10.89872000000, 0, 0
5.45232000000, 79.09536000000, -5.45232000000, 16.35696000000, 73.64304000000, 10.90464000000, 0, 0
5.45528000000, 79.08944000000, -5.45528000000, 16.36584000000, 73.63416000000, 10.91056000000, 0, 0
5.45824000000, 79.08352000000, -5.45824000000, 16.37472000000, 73.62528000000, 10.91648000000, 0, 0
5.46120000000, 79.07760000000, -5.46120000000, 16.38360000000, 73.61640000000, 10.92240000000, 0, 0
5.46416000000, 79.07168000000, -5.46416000000, 16.39248000000, 73.60752000000, 10.92832000000, 0, 0
5.46712000000, 79.06576000000, -5.46712000000, 16.40136000000, 73.59864000000, 10.93424000000, 0, 0
5.47008000000, 79.05984000000, -5.47008000000, 16.41024000000, 73.58976000000, 10.94016000000, 0, 0
5.47304000000, 79.05392000000, -5.47304000000, 16.41912000000, 73.58088000000, 10.94608000000, 0, 0
5.47600000000, 79.04800000000, -5.47600000000, 16.42800000000, 73.57200000000, 10.95200000000, 0, 0
5.47896000000, 79.04208000000, -5.47896000000, 16.43688000000, 73.56312000000, 10.95792000000, 0, 0
5.48192000000, 79.03616000000, -5.48192000000, 16.44576000000, 73.55424000000, 10.96384000000, 0, 0
5.48488000000, 79.03024000000, -5.48488000000, 16.45464000000, 73.54536000000, 10.96976000000, 0, 0
5.48784000000, 79.02432000000, -5.48784000000, 16.46352000000, 73.53648000000, 10.97568000000, 0, 0
5.49080000000, 79.01840000000, -5.49080000000, 16.47240000000, 73.52760000000, 10.98160000000, 0, 0
5.49376000000, 79.01248000000, -5.49376000000, 16.48128000000, 73.51872000000, 10.98752000000, 0, 0
5.49672000000, 79.00656000000, -5.49672000000, 16.49016000000, 73.50984000000, 10.99344000000, 0, 0
5.49968000000, 79.00064000000, -5.49968000000, 16.49904000000, 73.50096000000, 10.99936000000, 0, 0
5.50264000000, 78.99472000000, -5.50264000000, 16.50792000000, 73.49208000000, 11.00528000000, 0, 0
5.50560000000, 78.98880000000, -5.50560000000, 16.51680000000, 73.48320000000, 11.01120000000, 0, 0
5.50856000000, 78.98288000000, -5.50856000000, 16.52568000000, 73.47432000000, 11.01712000000, 0, 0
5.51152000000, 78.97696000000, -5.51152000000, 16.53456000000, 73.46544000000, 11.02304000000, 0, 0
5.51448000000, 78.97104000000, -5.51448000000, 16.54344000000, 73.45656000000, 11.02896000000, 0, 0
5.51744000000, 78.96512000000, -5.51744000000, 16.55232000000, 73.44768000000, 11.03488000000, 0, 0
5.52040000000, 78.95920000000, -5.52040000000, 16.56120000000, 73.43880000000, 11.04080000000, 0, 0
5.52336000000, 78.95328000000, -5.52336000000, 16.57008000000, 73.42992000000, 11.04672000000, 0, 0
5.52632000000, 78.94736000000, -5.52632000000, 16.57896000000, 73.42104000000, 11.05264000000, 0, 0
5.52928000000, 78.94144000000, -5.52928000000, 16.58784000000, 73.41216000000, 11.05856000000, 0, 0
5.53224000000, 78.93552000000, -5.53224000000, 16.59672000000, 73.40328000000, 11.06448000000, 0, 0
5.53520000000, 78.92960000000, -5.53520000000, 16.60560000000, 73.39440000000, 11.07040000000, 0, 0
5.53816000000, 78.92368000000, -5.53816000000, 16.61448000000, 73.38552000000, 11.07632000000, 0, 0
5.54112000000, 78.91776000000, -5.54112000000, 16.62336000000, 73.37664000000, 11.08224000000, 0, 0
5.54408000000, 78.91184000000, -5.54408000000, 16.63224000000, 73.36776000000, 11.08816000000, 0, 0
5.54704000000, 78.90592000000, -5.54704000000, 16.64112000000, 73.35888000000, 11.09408000000, 0, 0
5.55000000000, 78.90000000000, -5.55000000000, 16.65000000000, 73.35000000000, 11.10000000000, 0, 0
5.55296000000, 78.89408000000, -5.55296000000, 16.65888000000, 73.34112000000, 11.10592000000, 0, 0
5.55592000000, 78.88816000000, -5.55592000000, 16.66776000000, 73.33224000000, 11.11184000000, 0, 0
5.55888000000, 78.88224000000, -5.55888000000, 16.67664000000, 73.32336000000, 11.11776000000, 0, 0
5.56184000000, 78.87632000000, -5.56184000000, 16.68552000000, 73.31448000000, 11.12368000000, 0, 0
5.56480000000, 78.87040000000, -5.56480000000, 16.69440000000, 73.30560000000, 11.12960000000, 0, 0
5.56776000000, 78.86448000000, -5.56776000000, 16.70328000000, 73.29672000000, 11.13552000000, 0, 0
5.57072000000, 78.85856000000, -5.57072000000, 16.71216000000, 73.28784000000, 11.14144000000, 0, 0
5.57368000000, 78.85264000000, -5.57368000000, 16.72104000000, 73.27896000000, 11.14736000000, 0, 0
5.57664000000, 78.84672000000, -5.57664000000, 16.72992000000, 73.27008000000, 11.15328000000, 0, 0
5.57960000000, 78.84080000000, -5.57960000000, 16.73880000000, 73.26120000000, 11.15920000000, 0, 0
5.58256000000, 78.83488000000, -5.58256000000, 16.74768000000, 73.25232000000, 11.16512000000, 0, 0
5.58552000000, 78.82896000000, -5.58552000000, 16.75656000000, 73.24344000000, 11.17104000000, 0, 0
5.58848000000, 78.82304000000, -5.58848000000, 16.76544000000, 73.23456000000, 11.17696000000, 0, 0
5.59144000000, 78.81712000000, -5.59144000000, 16.77432000000, 73.22568000000, 11.18288000000, 0, 0
5.59440000000, 78.81120000000, -5.59440000000, 16.78320000000, 73.21680000000, 11.18880000000, 0, 0
5.59736000000, 78.80528000000, -5.59736000000, 16.79208000000, 73.20792000000, 11.19472000000, 0, 0
5.60032000000, 78.79936000000, -5.60032000000, 16.80096000000, 73.19904000000, 11.20064000000, 0, 0
5.60328000000, 78.79344000000, -5.60328000000, 16.80984000000, 73.19016000000, 11.20656000000, 0, 0
5.60624000000, 78.78752000000, -5.60624000000, 16.81872000000, 73.18128000000, 11.21248000000, 0, 0
5.60920000000, 78.78160000000, -5.60920000000, 16.82760000000, 73.17240000000, 11.21840000000, 0, 0
5.61216000000, 78.77568000000, -5.61216000000, 16.83648000000, 73.16352000000, 11.22432000000, 0, 0
5.61512000000, 78.76976000000, -5.61512000000, 16.84536000000, 73.15464000000, 11.23024000000, 0, 0
5.61808000000, 78.76384000000, -5.61808000000, 16.85424000000, 73.14576000000, 11.23616000000, 0, 0
5.62104000000, 78.75792000000, -5.62104000000, 16.86312000000, 73.13688000000, 11.24208000000, 0, 0
5.62400000000, 78.75200000000, -5.62400000000, 16.87200000000, 73.12800000000, 11.24800000000, 0, 0
5.62696000000, 78.74608000000, -5.62696000000, 16.88088000000, 73.11912000000, 11.25392000000, 0, 0
5.62992000000, 78.74016000000, -5.62992000000, 16.88976000000, 73.11024000000, 11.25984000000, 0, 0
5.63288000000, 78.73424000000, -5.63288000000, 16.89864000000, 73.10136000000, 11.26576000000, 0, 0
5.63584000000, 78.72832000000, -5.63584000000, 16.90752000000, 73.09248000000, 11.27168000000, 0, 0
5.63880000000, 78.72240000000, -5.63880000000, 16.91640000000, 73.08360000000, 11.27760000000, 0, 0
5.64176000000, 78.71648000000, -5.64176000000, 16.92528000000, 73.07472000000, 11.28352000000, 0, 0
5.64472000000, 78.71056000000, -5.64472000000, 16.93416000000, 73.06584000000, 11.28944000000, 0, 0
5.64768000000, 78.70464000000, -5.64768000000, 16.94304000000, 73.05696000000, 11.29536000000, 0, 0
5.65064000000, 78.69872000000, -5.65064000000, 16.95192000000, 73.04808000000, 11.30128000000, 0, 0
5.65360000000, 78.69280000000, -5.65360000000, 16.96080000000, 73.03920000000, 11.30720000000, 0, 0
5.65656000000, 78.68688000000, -5.65656000000, 16.96968000000, 73.03032000000, 11.31312000000, 0, 0
5.65952000000, 78.68096000000, -5.65952000000, 16.97856000000, 73.02144000000, 11.31904000000, 0, 0
5.66248000000, 78.67504000000, -5.66248000000, 16.98744000000, 73.01256000000, 11.32496000000, 0, 0
5.66544000000, 78.66912000000, -5.66544000000, 16.99632000000, 73.00368000000, 11.33088000000, 0, 0
5.66840000000, 78.66320000000, -5.66840000000, 17.00520000000, 72.99480000000, 11.33680000000, 0, 0
5.67136000000, 78.65728000000, -5.67136000000, 17.01408000000, 72.98592000000, 11.34272000000, 0, 0
5.67432000000, 78.65136000000, -5.67432000000, 17.02296000000, 72.97704000000, 11.34864000000, 0, 0
5.67728000000, 78.64544000000, -5.67728000000, 17.03184000000, 72.96816000000, 11.35456000000, 0, 0
5.68024000000, 78.63952000000, -5.68024000000, 17.04072000000, 72.95928000000, 11.36048000000, 0, 0
5.68320000000, 78.63360000000, -5.68320000000, 17.04960000000, 72.95040000000, 11.36640000000, 0, 0
5.68616000000, 78.62768000000, -5.68616000000, 17.05848000000, 72.94152000000, 11.37232000000, 0, 0
5.68912000000, 78.62176000000, -5.68912000000, 17.06736000000, 72.93264000000, 11.37824000000, 0, 0
5.69208000000, 78.61584000000, -5.69208000000, 17.07624000000, 72.92376000000, 11.38416000000, 0, 0
5.69504000000, 78.60992000000, -5.69504000000, 17.08512000000, 72.91488000000, 11.39008000000, 0, 0
5.69800000000, 78.60400000000, -5.69800000000, 17.09400000000, 72.90600000000, 11.39600000000, 0, 0
5.70096000000, 78.59808000000, -5.70096000000, 17.10288000000, 72.89712000000, 11.40192000000, 0, 0
5.70392000000, 78.59216000000, -5.70392000000, 17.11176000000, 72.88824000000, 11.40784000000, 0, 0
5.70688000000, 78.58624000000, -5.70688000000, 17.12064000000, 72.87936000000, 11.41376000000, 0, 0
5.70984000000, 78.58032000000, -5.70984000000, 17.12952000000, 72.87048000000, 11.41968000000, 0, 0
5.71280000000, 78.57440000000, -5.71280000000, 17.13840000000, 72.86160000000, 11.42560000000, 0, 0
5.71576000000, 78.56848000000, -5.71576000000, 17.14728000000, 72.85272000000, 11.43152000000, 0, 0
5.71872000000, 78.56256000000, -5.71872000000, 17.15616000000, 72.84384000000, 11.43744000000, 0, 0
5.72168000000, 78.55664000000, -5.72168000000, 17.16504000000, 72.83496000000, 11.44336000000, 0, 0
5.72464000000, 78.55072000000, -5.72464000000, 17.17392000000, 72.82608000000, 11.44928000000, 0, 0
5.72760000000, 78.54480000000, -5.72760000000, 17.18280000000, 72.81720000000, 11.45520000000, 0, 0
5.73056000000, 78.53888000000, -5.73056000000, 17.19168000000, 72.80832000000, 11.46112000000, 0, 0
5.73352000000, 78.53296000000, -5.73352000000, 17.20056000000, 72.79944000000, 11.46704000000, 0, 0
5.73648000000, 78.52704000000, -5.73648000000, 17.20944000000, 72.79056000000, 11.47296000000, 0, 0
5.73944000000, 78.52112000000, -5.73944000000, 17.21832000000, 72.78168000000, 11.47888000000, 0, 0
5.74240000000, 78.51520000000, -5.74240000000, 17.22720000000, 72.77280000000, 11.48480000000, 0, 0
5.74536000000, 78.50928000000, -5.74536000000, 17.23608000000, 72.76392000000, 11.49072000000, 0, 0
5.74832000000, 78.50336000000, -5.74832000000, 17.24496000000, 72.75504000000, 11.49664000000, 0, 0
5.75128000000, 78.49744000000, -5.75128000000, 17.25384000000, 72.74616000000, 11.50256000000, 0, 0
5.75424000000, 78.49152000000, -5.75424000000, 17.26272000000, 72.73728000000, 11.50848000000, 0, 0
5.75720000000, 78.48560000000, -5.75720000000, 17.27160000000, 72.72840000000, 11.51440000000, 0, 0
5.76016000000, 78.47968000000, -5.76016000000, 17.28048000000, 72.71952000000, 11.52032000000, 0, 0
5.76312000000, 78.47376000000, -5.76312000000, 17.28936000000, 72.71064000000, 11.52624000000, 0, 0
5.76608000000, 78.46784000000, -5.76608000000, 17.29824000000, 72.70176000000, 11.53216000000, 0, 0
5.76904000000, 78.46192000000, -5.76904000000, 17.30712000000, 72.69288000000, 11.53808000000, 0, 0
5.77200000000, 78.45600000000, -5.77200000000, 17.31600000000, 72.68400000000, 11.54400000000, 0, 0
5.77496000000, 78.45008000000, -5.77496000000, 17.32488000000, 72.67512000000, 11.54992000000, 0, 0
5.77792000000, 78.44416000000, -5.77792000000, 17.33376000000, 72.66624000000, 11.55584000000, 0, 0
5.78088000000, 78.43824000000, -5.78088000000, 17.34264000000, 72.65736000000, 11.56176000000, 0, 0
5.78384000000, 78.43232000000, -5.78384000000, 17.35152000000, 72.64848000000, 11.56768000000, 0, 0
5.78680000000, 78.42640000000, -5.78680000000, 17.36040000000, 72.63960000000, 11.57360000000, 0, 0
5.78976000000, 78.42048000000, -5.78976000000, 17.36928000000, 72.63072000000, 11.57952000000, 0, 0
5.79272000000, 78.41456000000, -5.79272000000, 17.37816000000, 72.62184000000, 11.58544000000, 0, 0
5.79568000000, 78.40864000000, -5.79568000000, 17.38704000000, 72.61296000000, 11.59136000000, 0, 0
5.79864000000, 78.40272000000, -5.79864000000, 17.39592000000, 72.60408000000, 11.59728000000, 0, 0
5.80160000000, 78.39680000000, -5.80160000000, 17.40480000000, 72.59520000000, 11.60320000000, 0, 0
5.80456000000, 78.39088000000, -5.80456000000, 17.41368000000, 72.58632000000, 11.60912000000, 0, 0
5.80752000000, 78.38496000000, -5.80752000000, 17.42256000000, 72.57744000000, 11.61504000000, 0, 0
5.81048000000, 78.37904000000, -5.81048000000, 17.43144000000, 72.56856000000, 11.62096000000, 0, 0
5.81344000000, 78.37312000000, -5.81344000000, 17.44032000000, 72.55968000000, 11.62688000000, 0, 0
5.81640000000, 78.36720000000, -5.81640000000, 17.44920000000, 72.55080000000, 11.63280000000, 0, 0
5.81936000000, 78.36128000000, -5.81936000000, 17.45808000000, 72.54192000000, 11.63872000000, 0, 0
5.82232000000, 78.35536000000, -5.82232000000, 17.46696000000, 72.53304000000, 11.64464000000, 0, 0
5.82528000000, 78.34944000000, -5.82528000000, 17.47584000000, 72.52416000000, 11.65056000000, 0, 0
5.82824000000, 78.34352000000, -5.82824000000, 17.48472000000, 72.51528000000, 11.65648000000, 0, 0
5.83120000000, 78.33760000000, -5.83120000000, 17.49360000000, 72.50640000000, 11.66240000000, 0, 0
5.83416000000, 78.33168000000, -5.83416000000, 17.50248000000, 72.49752000000, 11.66832000000, 0, 0
5.83712000000, 78.32576000000, -5.83712000000, 17.51136000000, 72.48864000000, 11.67424000000, 0, 0
5.84008000000, 78.31984000000, -5.84008000000, 17.52024000000, 72.47976000000, 11.68016000000, 0, 0
5.84304000000, 78.31392000000, -5.84304000000, 17.52912000000, 72.47088000000, 11.68608000000, 0, 0
5.84600000000, 78.30800000000, -5.84600000000, 17.53800000000, 72.46200000000, 11.69200000000, 0, 0
5.84896000000, 78.30208000000, -5.84896000000, 17.54688000000, 72.45312000000, 11.69792000000, 0, 0
5.85192000000, 78.29616000000, -5.85192000000, 17.55576000000, 72.44424000000, 11.70384000000, 0, 0
5.85488000000, 78.29024000000, -5.85488000000, 17.56464000000, 72.43536000000, 11.70976000000, 0, 0
5.85784000000, 78.28432000000, -5.85784000000, 17.57352000000, 72.42648000000, 11.71568000000, 0, 0
5.86080000000, 78.27840000000, -5.86080000000, 17.58240000000, 72.41760000000, 11.72160000000, 0, 0
5.86376000000, 78.27248000000, -5.86376000000, 17.59128000000, 72.40872000000, 11.72752000000, 0, 0
5.86672000000, 78.26656000000, -5.86672000000, 17.60016000000, 72.39984000000, 11.73344000000, 0, 0
5.86968000000, 78.26064000000, -5.86968000000, 17.60904000000, 72.39096000000, 11.73936000000, 0, 0
5.87264000000, 78.25472000000, -5.87264000000, 17.61792000000, 72.38208000000, 11.74528000000, 0, 0
5.87560000000, 78.24880000000, -5.87560000000, 17.62680000000, 72.37320000000, 11.75120000000, 0, 0
5.87856000000, 78.24288000000, -5.87856000000, 17.63568000000, 72.36432000000, 11.75712000000, 0, 0
5.88152000000, 78.23696000000, -5.88152000000, 17.64456000000, 72.35544000000, 11.76304000000, 0, 0
5.88448000000, 78.23104000000, -5.88448000000, 17.65344000000, 72.34656000000, 11.76896000000, 0, 0
5.88744000000, 78.22512000000, -5.88744000000, 17.66232000000, 72.33768000000, 11.77488000000, 0, 0
5.89040000000, 78.21920000000, -5.89040000000, 17.67120000000, 72.32880000000, 11.78080000000, 0, 0
5.89336000000, 78.21328000000, -5.89336000000, 17.68008000000, 72.31992000000, 11.78672000000, 0, 0
5.89632000000, 78.20736000000, -5.89632000000, 17.68896000000, 72.31104000000, 11.79264000000, 0, 0
5.89928000000, 78.20144000000, -5.89928000000, 17.69784000000, 72.30216000000, 11.79856000000, 0, 0
5.90224000000, 78.19552000000, -5.90224000000, 17.70672000000, 72.29328000000, 11.80448000000, 0, 0
5.90520000000, 78.18960000000, -5.90520000000, 17.71560000000, 72.28440000000, 11.81040000000, 0, 0
5.90816000000, 78.18368000000, -5.90816000000, 17.72448000000, 72.27552000000, 11.81632000000, 0, 0
5.91112000000, 78.17776000000, -5.91112000000, 17.73336000000, 72.26664000000, 11.82224000000, 0, 0
5.91408000000, 78.17184000000, -5.91408000000, 17.74224000000, 72.25776000000, 11.82816000000, 0, 0
5.91704000000, 78.16592000000, -5.91704000000, 17.75112000000, 72.24888000000, 11.83408000000, 0, 0
5.92000000000, 78.16000000000, -5.92000000000, 17.76000000000, 72.24000000000, 11.84000000000, 0, 0
5.92296000000, 78.15408000000, -5.92296000000, 17.76888000000, 72.23112000000, 11.84592000000, 0, 0
5.92592000000, 78.14816000000, -5.92592000000, 17.77776000000, 72.22224000000, 11.85184000000, 0, 0
5.92888000000, 78.14224000000, -5.92888000000, 17.78664000000, 72.21336000000, 11.85776000000, 0, 0
5.93184000000, 78.13632000000, -5.93184000000, 17.79552000000, 72.20448000000, 11.86368000000, 0, 0
5.93480000000, 78.13040000000, -5.93480000000, 17.80440000000, 72.19560000000, 11.86960000000, 0, 0
5.93776000000, 78.12448000000, -5.93776000000, 17.81328000000, 72.18672000000, 11.87552000000, 0, 0
5.94072000000, 78.11856000000, -5.94072000000, 17.82216000000, 72.17784000000, 11.88144000000, 0, 0
5.94368000000, 78.11264000000, -5.94368000000, 17.83104000000, 72.16896000000, 11.88736000000, 0, 0
5.94664000000, 78.10672000000, -5.94664000000, 17.83992000000, 72.16008000000, 11.89328000000, 0, 0
5.94960000000, 78.10080000000, -5.94960000000, 17.84880000000, 72.15120000000, 11.89920000000, 0, 0
5.95256000000, 78.09488000000, -5.95256000000, 17.85768000000, 72.14232000000, 11.90512000000, 0, 0
5.95552000000, 78.08896000000, -5.95552000000, 17.86656000000, 72.13344000000, 11.91104000000, 0, 0
5.95848000000, 78.08304000000, -5.95848000000, 17.87544000000, 72.12456000000, 11.91696000000, 0, 0
5.96144000000, 78.07712000000, -5.96144000000, 17.88432000000, 72.11568000000, 11.92288000000, 0, 0
5.96440000000, 78.07120000000, -5.96440000000, 17.89320000000, 72.10680000000, 11.92880000000, 0, 0
5.96736000000, 78.06528000000, -5.96736000000, 17.90208000000, 72.09792000000, 11.93472000000, 0, 0
5.97032000000, 78.05936000000, -5.97032000000, 17.91096000000, 72.08904000000, 11.94064000000, 0, 0
5.97328000000, 78.05344000000, -5.97328000000, 17.91984000000, 72.08016000000, 11.94656000000, 0, 0
5.97624000000, 78.04752000000, -5.97624000000, 17.92872000000, 72.07128000000, 11.95248000000, 0, 0
5.97920000000, 78.04160000000, -5.97920000000, 17.93760000000, 72.06240000000, 11.95840000000, 0, 0
5.98216000000, 78.03568000000, -5.98216000000, 17.94648000000, 72.05352000000, 11.96432000000, 0, 0
5.98512000000, 78.02976000000, -5.98512000000, 17.95536000000, 72.04464000000, 11.97024000000, 0, 0
5.98808000000, 78.02384000000, -5.98808000000, 17.96424000000, 72.03576000000, 11.97616000000, 0, 0
5.99104000000, 78.01792000000, -5.99104000000, 17.97312000000, 72.02688000000, 11.98208000000, 0, 0
5.99400000000, 78.01200000000, -5.99400000000, 17.98200000000, 72.01800000000, 11.98800000000, 0, 0
5.99696000000, 78.00608000000, -5.99696000000, 17.99088000000, 72.00912000000, 11.99392000000, 0, 0
5.99992000000, 78.00016000000, -5.99992000000, 17.99976000000, 72.00024000000, 11.99984000000, 0, 0
6.00288000000, 77.99424000000, -6.00288000000, 18.00864000000, 71.99136000000, 12.00576000000, 0, 0
6.00584000000, 77.98832000000, -6.00584000000, 18.01752000000, 71.98248000000, 12.01168000000, 0, 0
6.00880000000, 77.98240000000, -6.00880000000, 18.02640000000, 71.97360000000, 12.01760000000, 0, 0
6.01176000000, 77.97648000000, -6.01176000000, 18.03528000000, 71.96472000000, 12.02352000000, 0, 0
6.01472000000, 77.97056000000, -6.01472000000, 18.04416000000, 71.95584000000, 12.02944000000, 0, 0
6.01768000000, 77.96464000000, -6.01768000000, 18.05304000000, 71.94696000000, 12.03536000000, 0, 0
6.02064000000, 77.95872000000, -6.02064000000, 18.06192000000, 71.93808000000, 12.04128000000, 0, 0
6.02360000000, 77.95280000000, -6.02360000000, 18.07080000000, 71.92920000000, 12.04720000000, 0, 0
6.02656000000, 77.94688000000, -6.02656000000, 18.07968000000, 71.92032000000, 12.05312000000, 0, 0
6.02952000000, 77.94096000000, -6.02952000000, 18.08856000000, 71.91144000000, 12.05904000000, 0, 0
6.03248000000, 77.93504000000, -6.03248000000, 18.09744000000, 71.90256000000, 12.06496000000, 0, 0
6.03544000000, 77.92912000000, -6.03544000000, 18.10632000000, 71.89368000000, 12.07088000000, 0, 0
6.03840000000, 77.92320000000, -6.03840000000, 18.11520000000, 71.88480000000, 12.07680000000, 0, 0
6.04136000000, 77.91728000000, -6.04136000000, 18.12408000000, 71.87592000000, 12.08272000000, 0, 0
6.04432000000, 77.91136000000, -6.04432000000, 18.13296000000, 71.86704000000, 12.08864000000, 0, 0
6.04728000000, 77.90544000000, -6.04728000000, 18.14184000000, 71.85816000000, 12.09456000000, 0, 0
6.05024000000, 77.89952000000, -6.05024000000, 18.15072000000, 71.84928000000, 12.10048000000, 0, 0
6.05320000000, 77.89360000000, -6.05320000000, 18.15960000000, 71.84040000000, 12.10640000000, 0, 0
6.05616000000, 77.88768000000, -6.05616000000, 18.16848000000, 71.83152000000, 12.11232000000, 0, 0
6.05912000000, 77.88176000000, -6.05912000000, 18.17736000000, 71.82264000000, 12.11824000000, 0, 0
6.06208000000, 77.87584000000, -6.06208000000, 18.18624000000, 71.81376000000, 12.12416000000, 0, 0
6.06504000000, 77.86992000000, -6.06504000000, 18.19512000000, 71.80488000000, 12.13008000000, 0, 0
6.06800000000, 77.86400000000, -6.06800000000, 18.20400000000, 71.79600000000, 12.13600000000, 0, 0
6.07096000000, 77.85808000000, -6.07096000000, 18.21288000000, 71.78712000000, 12.14192000000, 0, 0
6.07392000000, 77.85216000000, -6.07392000000, 18.22176000000, 71.77824000000, 12.14784000000, 0, 0
6.07688000000, 77.84624000000, -6.07688000000, 18.23064000000, 71.76936000000, 12.15376000000, 0, 0
6.07984000000, 77.84032000000, -6.07984000000, 18.23952000000, 71.76048000000, 12.15968000000, 0, 0
6.08280000000, 77.83440000000, -6.08280000000, 18.24840000000, 71.75160000000, 12.16560000000, 0, 0
6.08576000000, 77.82848000000, -6.08576000000, 18.25728000000, 71.74272000000, 12.17152000000, 0, 0
6.08872000000, 77.82256000000, -6.08872000000, 18.26616000000, 71.73384000000, 12.17744000000, 0, 0
6.09168000000, 77.81664000000, -6.09168000000, 18.27504000000, 71.72496000000, 12.18336000000, 0, 0
6.09464000000, 77.81072000000, -6.09464000000, 18.28392000000, 71.71608000000, 12.18928000000, 0, 0
6.09760000000, 77.80480000000, -6.09760000000, 18.29280000000, 71.70720000000, 12.19520000000, 0, 0
6.10056000000, 77.79888000000, -6.10056000000, 18.30168000000, 71.69832000000, 12.20112000000, 0, 0
6.10352000000, 77.79296000000, -6.10352000000, 18.31056000000, 71.68944000000, 12.20704000000, 0, 0
6.10648000000, 77.78704000000, -6.10648000000, 18.31944000000, 71.68056000000, 12.21296000000, 0, 0
6.10944000000, 77.78112000000, -6.10944000000, 18.32832000000, 71.67168000000, 12.21888000000, 0, 0
6.11240000000, 77.77520000000, -6.11240000000, 18.33720000000, 71.66280000000, 12.22480000000, 0, 0
6.11536000000, 77.76928000000, -6.11536000000, 18.34608000000, 71.65392000000, 12.23072000000, 0, 0
6.11832000000, 77.76336000000, -6.11832000000, 18.35496000000, 71.64504000000, 12.23664000000, 0, 0
6.12128000000, 77.75744000000, -6.12128000000, 18.36384000000, 71.63616000000, 12.24256000000, 0, 0
6.12424000000, 77.75152000000, -6.12424000000, 18.37272000000, 71.62728000000, 12.24848000000, 0, 0
6.12720000000, 77.74560000000, -6.12720000000, 18.38160000000, 71.61840000000, 12.25440000000, 0, 0
6.13016000000, 77.73968000000, -6.13016000000, 18.39048000000, 71.60952000000, 12.26032000000, 0, 0
6.13312000000, 77.73376000000, -6.13312000000, 18.39936000000, 71.60064000000, 12.26624000000, 0, 0
6.13608000000, 77.72784000000, -6.13608000000, 18.40824000000, 71.59176000000, 12.27216000000, 0, 0
6.13904000000, 77.72192000000, -6.13904000000, 18.41712000000, 71.58288000000, 12.27808000000, 0, 0
6.14200000000, 77.71600000000, -6.14200000000, 18.42600000000, 71.57400000000, 12.28400000000, 0, 0
6.14496000000, 77.71008000000, -6.14496000000, 18.43488000000, 71.56512000000, 12.28992000000, 0, 0
6.14792000000, 77.70416000000, -6.14792000000, 18.44376000000, 71.55624000000, 12.29584000000, 0, 0
6.15088000000, 77.69824000000, -6.15088000000, 18.45264000000, 71.54736000000, 12.30176000000, 0, 0
6.15384000000, 77.69232000000, -6.15384000000, 18.46152000000, 71.53848000000, 12.30768000000, 0, 0
6.15680000000, 77.68640000000, -6.15680000000, 18.47040000000, 71.52960000000, 12.31360000000, 0, 0
6.15976000000, 77.68048000000, -6.15976000000, 18.47928000000, 71.52072000000, 12.31952000000, 0, 0
6.16272000000, 77.67456000000, -6.16272000000, 18.48816000000, 71.51184000000, 12.32544000000, 0, 0
6.16568000000, 77.66864000000, -6.16568000000, 18.49704000000, 71.50296000000, 12.33136000000, 0, 0
6.16864000000, 77.66272000000, -6.16864000000, 18.50592000000, 71.49408000000, 12.33728000000, 0, 0
6.17160000000, 77.65680000000, -6.17160000000, 18.51480000000, 71.48520000000, 12.34320000000, 0, 0
6.17456000000, 77.65088000000, -6.17456000000, 18.52368000000, 71.47632000000, 12.34912000000, 0, 0
6.17752000000, 77.64496000000, -6.17752000000, 18.53256000000, 71.46744000000, 12.35504000000, 0, 0
6.18048000000, 77.63904000000, -6.18048000000, 18.54144000000, 71.45856000000, 12.36096000000, 0, 0
6.18344000000, 77.63312000000, -6.18344000000, 18.55032000000, 71.44968000000, 12.36688000000, 0, 0
6.18640000000, 77.62720000000, -6.18640000000, 18.55920000000, 71.44080000000, 12.37280000000, 0, 0
6.18936000000, 77.62128000000, -6.18936000000, 18.56808000000, 71.43192000000, 12.37872000000, 0, 0
6.19232000000, 77.61536000000, -6.19232000000, 18.57696000000, 71.42304000000, 12.38464000000, 0, 0
6.19528000000, 77.60944000000, -6.19528000000, 18.58584000000, 71.41416000000, 12.39056000000, 0, 0
6.19824000000, 77.60352000000, -6.19824000000, 18.59472000000, 71.40528000000, 12.39648000000, 0, 0
6.20120000000, 77.59760000000, -6.20120000000, 18.60360000000, 71.39640000000, 12.40240000000, 0, 0
6.20416000000, 77.59168000000, -6.20416000000, 18.61248000000, 71.38752000000, 12.40832000000, 0, 0
6.20712000000, 77.58576000000, -6.20712000000, 18.62136000000, 71.37864000000, 12.41424000000, 0, 0
6.21008000000, 77.57984000000, -6.21008000000, 18.63024000000, 71.36976000000, 12.42016000000, 0, 0
6.21304000000, 77.57392000000, -6.21304000000, 18.63912000000, 71.36088000000, 12.42608000000, 0, 0
6.21600000000, 77.56800000000, -6.21600000000, 18.64800000000, 71.35200000000, 12.43200000000, 0, 0
6.21896000000, 77.56208000000, -6.21896000000, 18.65688000000, 71.34312000000, 12.43792000000, 0, 0
6.22192000000, 77.55616000000, -6.22192000000, 18.66576000000, 71.33424000000, 12.44384000000, 0, 0
6.22488000000, 77.55024000000, -6.22488000000, 18.67464000000, 71.32536000000, 12.44976000000, 0, 0
6.22784000000, 77.54432000000, -6.22784000000, 18.68352000000, 71.31648000000, 12.45568000000, 0, 0
6.23080000000, 77.53840000000, -6.23080000000, 18.69240000000, 71.30760000000, 12.46160000000, 0, 0
6.23376000000, 77.53248000000, -6.23376000000, 18.70128000000, 71.29872000000, 12.46752000000, 0, 0
6.23672000000, 77.52656000000, -6.23672000000, 18.71016000000, 71.28984000000, 12.47344000000, 0, 0
6.23968000000, 77.52064000000, -6.23968000000, 18.71904000000, 71.28096000000, 12.47936000000, 0, 0
6.24264000000, 77.51472000000, -6.24264000000, 18.72792000000, 71.27208000000, 12.48528000000, 0, 0
6.24560000000, 77.50880000000, -6.24560000000, 18.73680000000, 71.26320000000, 12.49120000000, 0, 0
6.24856000000, 77.50288000000, -6.24856000000, 18.74568000000, 71.25432000000, 12.49712000000, 0, 0
6.25152000000, 77.49696000000, -6.25152000000, 18.75456000000, 71.24544000000, 12.50304000000, 0, 0
6.25448000000, 77.49104000000, -6.25448000000, 18.76344000000, 71.23656000000, 12.50896000000, 0, 0
6.25744000000, 77.48512000000, -6.25744000000, 18.77232000000, 71.22768000000, 12.51488000000, 0, 0
6.26040000000, 77.47920000000, -6.26040000000, 18.78120000000, 71.21880000000, 12.52080000000, 0, 0
6.26336000000, 77.47328000000, -6.26336000000, 18.79008000000, 71.20992000000, 12.52672000000, 0, 0
6.26632000000, 77.46736000000, -6.26632000000, 18.79896000000, 71.20104000000, 12.53264000000, 0, 0
6.26928000000, 77.46144000000, -6.26928000000, 18.80784000000, 71.19216000000, 12.53856000000, 0, 0
6.27224000000, 77.45552000000, -6.27224000000, 18.81672000000, 71.18328000000, 12.54448000000, 0, 0
6.27520000000, 77.44960000000, -6.27520000000, 18.82560000000, 71.17440000000, 12.55040000000, 0, 0
6.27816000000, 77.44368000000, -6.27816000000, 18.83448000000, 71.16552000000, 12.55632000000, 0, 0
6.28112000000, 77.43776000000, -6.28112000000, 18.84336000000, 71.15664000000, 12.56224000000, 0, 0
6.28408000000, 77.43184000000, -6.28408000000, 18.85224000000, 71.14776000000, 12.56816000000, 0, 0
6.28704000000, 77.42592000000, -6.28704000000, 18.86112000000, 71.13888000000, 12.57408000000, 0, 0
6.29000000000, 77.42000000000, -6.29000000000, 18.87000000000, 71.13000000000, 12.58000000000, 0, 0
6.29296000000, 77.41408000000, -6.29296000000, 18.87888000000, 71.12112000000, 12.58592000000, 0, 0
6.29592000000, 77.40816000000, -6.29592000000, 18.88776000000, 71.11224000000, 12.59184000000, 0, 0
6.29888000000, 77.40224000000, -6.29888000000, 18.89664000000, 71.10336000000, 12.59776000000, 0, 0
6.30184000000, 77.39632000000, -6.30184000000, 18.90552000000, 71.09448000000, 12.60368000000, 0, 0
6.30480000000, 77.39040000000, -6.30480000000, 18.91440000000, 71.08560000000, 12.60960000000, 0, 0
6.30776000000, 77.38448000000, -6.30776000000, 18.92328000000, 71.07672000000, 12.61552000000, 0, 0
6.31072000000, 77.37856000000, -6.31072000000, 18.93216000000, 71.06784000000, 12.62144000000, 0, 0
6.31368000000, 77.37264000000, -6.31368000000, 18.94104000000, 71.05896000000, 12.62736000000, 0, 0
6.31664000000, 77.36672000000, -6.31664000000, 18.94992000000, 71.05008000000, 12.63328000000, 0, 0
6.31960000000, 77.36080000000, -6.31960000000, 18.95880000000, 71.04120000000, 12.63920000000, 0, 0
6.32256000000, 77.35488000000, -6.32256000000, 18.96768000000, 71.03232000000, 12.64512000000, 0, 0
6.32552000000, 77.34896000000, -6.32552000000, 18.97656000000, 71.02344000000, 12.65104000000, 0, 0
6.32848000000, 77.34304000000, -6.32848000000, 18.98544000000, 71.01456000000, 12.65696000000, 0, 0
6.33144000000, 77.33712000000, -6.33144000000, 18.99432000000, 71.00568000000, 12.66288000000, 0, 0
6.33440000000, 77.33120000000, -6.33440000000, 19.00320000000, 70.99680000000, 12.66880000000, 0, 0
6.33736000000, 77.32528000000, -6.33736000000, 19.01208000000, 70.98792000000, 12.67472000000, 0, 0
6.34032000000, 77.31936000000, -6.34032000000, 19.02096000000, 70.97904000000, 12.68064000000, 0, 0
6.34328000000, 77.31344000000, -6.34328000000, 19.02984000000, 70.97016000000, 12.68656000000, 0, 0
6.34624000000, 77.30752000000, -6.34624000000, 19.03872000000, 70.96128000000, 12.69248000000, 0, 0
6.34920000000, 77.30160000000, -6.34920000000, 19.04760000000, 70.95240000000, 12.69840000000, 0, 0
6.35216000000, 77.29568000000, -6.35216000000, 19.05648000000, 70.94352000000, 12.70432000000, 0, 0
6.35512000000, 77.28976000000, -6.35512000000, 19.06536000000, 70.93464000000, 12.71024000000, 0, 0
6.35808000000, 77.28384000000, -6.35808000000, 19.07424000000, 70.92576000000, 12.71616000000, 0, 0
6.36104000000, 77.27792000000, -6.36104000000, 19.08312000000, 70.91688000000, 12.72208000000, 0, 0
6.36400000000, 77.27200000000, -6.36400000000, 19.09200000000, 70.90800000000, 12.72800000000, 0, 0
6.36696000000, 77.26608000000, -6.36696000000, 19.10088000000, 70.89912000000, 12.73392000000, 0, 0
6.36992000000, 77.26016000000, -6.36992000000, 19.10976000000, 70.89024000000, 12.73984000000, 0, 0
6.37288000000, 77.25424000000, -6.37288000000, 19.11864000000, 70.88136000000, 12.74576000000, 0, 0
6.37584000000, 77.24832000000, -6.37584000000, 19.12752000000, 70.87248000000, 12.75168000000, 0, 0
6.37880000000, 77.24240000000, -6.37880000000, 19.13640000000, 70.86360000000, 12.75760000000, 0, 0
6.38176000000, 77.23648000000, -6.38176000000, 19.14528000000, 70.85472000000, 12.76352000000, 0, 0
6.38472000000, 77.23056000000, -6.38472000000, 19.15416000000, 70.84584000000, 12.76944000000, 0, 0
6.38768000000, 77.22464000000, -6.38768000000, 19.16304000000, 70.83696000000, 12.77536000000, 0, 0
6.39064000000, 77.21872000000, -6.39064000000, 19.17192000000, 70.82808000000, 12.78128000000, 0, 0
6.39360000000, 77.21280000000, -6.39360000000, 19.18080000000, 70.81920000000, 12.78720000000, 0, 0
6.39656000000, 77.20688000000, -6.39656000000, 19.18968000000, 70.81032000000, 12.79312000000, 0, 0
6.39952000000, 77.20096000000, -6.39952000000, 19.19856000000, 70.80144000000, 12.79904000000, 0, 0
6.40248000000, 77.19504000000, -6.40248000000, 19.20744000000, 70.79256000000, 12.80496000000, 0, 0
6.40544000000, 77.18912000000, -6.40544000000, 19.21632000000, 70.78368000000, 12.81088000000, 0, 0
6.40840000000, 77.18320000000, -6.40840000000, 19.22520000000, 70.77480000000, 12.81680000000, 0, 0
6.41136000000, 77.17728000000, -6.41136000000, 19.23408000000, 70.76592000000, 12.82272000000, 0, 0
6.41432000000, 77.17136000000, -6.41432000000, 19.24296000000, 70.75704000000, 12.82864000000, 0, 0
6.41728000000, 77.16544000000, -6.41728000000, 19.25184000000, 70.74816000000, 12.83456000000, 0, 0
6.42024000000, 77.15952000000, -6.42024000000, 19.26072000000, 70.73928000000, 12.84048000000, 0, 0
6.42320000000, 77.15360000000, -6.42320000000, 19.26960000000, 70.73040000000, 12.84640000000, 0, 0
6.42616000000, 77.14768000000, -6.42616000000, 19.27848000000, 70.72152000000, 12.85232000000, 0, 0
6.42912000000, 77.14176000000, -6.42912000000, 19.28736000000, 70.71264000000, 12.85824000000, 0, 0
6.43208000000, 77.13584000000, -6.43208000000, 19.29624000000, 70.70376000000, 12.86416000000, 0, 0
6.43504000000, 77.12992000000, -6.43504000000, 19.30512000000, 70.69488000000, 12.87008000000, 0, 0
6.43800000000, 77.12400000000, -6.43800000000, 19.31400000000, 70.68600000000, 12.87600000000, 0, 0
6.44096000000, 77.11808000000, -6.44096000000, 19.32288000000, 70.67712000000, 12.88192000000, 0, 0
6.44392000000, 77.11216000000, -6.44392000000, 19.33176000000, 70.66824000000, 12.88784000000, 0, 0
6.44688000000, 77.10624000000, -6.44688000000, 19.34064000000, 70.65936000000, 12.89376000000, 0, 0
6.44984000000, 77.10032000000, -6.44984000000, 19.34952000000, 70.65048000000, 12.89968000000, 0, 0
6.45280000000, 77.09440000000, -6.45280000000, 19.35840000000, 70.64160000000, 12.90560000000, 0, 0
6.45576000000, 77.08848000000, -6.45576000000, 19.36728000000, 70.63272000000, 12.91152000000, 0, 0
6.45872000000, 77.08256000000, -6.45872000000, 19.37616000000, 70.62384000000, 12.91744000000, 0, 0
6.46168000000, 77.07664000000, -6.46168000000, 19.38504000000, 70.61496000000, 12.92336000000, 0, 0
6.46464000000, 77.07072000000, -6.46464000000, 19.39392000000, 70.60608000000, 12.92928000000, 0, 0
6.46760000000, 77.06480000000, -6.46760000000, 19.40280000000, 70.59720000000, 12.93520000000, 0, 0
6.47056000000, 77.05888000000, -6.47056000000, 19.41168000000, 70.58832000000, 12.94112000000, 0, 0
6.47352000000, 77.05296000000, -6.47352000000, 19.42056000000, 70.57944000000, 12.94704000000, 0, 0
6.47648000000, 77.04704000000, -6.47648000000, 19.42944000000, 70.57056000000, 12.95296000000, 0, 0
6.47944000000, 77.04112000000, -6.47944000000, 19.43832000000, 70.56168000000, 12.95888000000, 0, 0
6.48240000000, 77.03520000000, -6.48240000000, 19.44720000000, 70.55280000000, 12.96480000000, 0, 0
6.48536000000, 77.02928000000, -6.48536000000, 19.45608000000, 70.54392000000, 12.97072000000, 0, 0
6.48832000000, 77.02336000000, -6.48832000000, 19.46496000000, 70.53504000000, 12.97664000000, 0, 0
6.49128000000, 77.01744000000, -6.49128000000, 19.47384000000, 70.52616000000, 12.98256000000, 0, 0
6.49424000000, 77.01152000000, -6.49424000000, 19.48272000000, 70.51728000000, 12.98848000000, 0, 0
6.49720000000, 77.00560000000, -6.49720000000, 19.49160000000, 70.50840000000, 12.99440000000, 0, 0
6.50016000000, 76.99968000000, -6.50016000000, 19.50048000000, 70.49952000000, 13.00032000000, 0, 0
6.50312000000, 76.99376000000, -6.50312000000, 19.50936000000, 70.49064000000, 13.00624000000, 0, 0
6.50608000000, 76.98784000000, -6.50608000000, 19.51824000000, 70.48176000000, 13.01216000000, 0, 0
6.50904000000, 76.98192000000, -6.50904000000, 19.52712000000, 70.47288000000, 13.01808000000, 0, 0
6.51200000000, 76.97600000000, -6.51200000000, 19.53600000000, 70.46400000000, 13.02400000000, 0, 0
6.51496000000, 76.97008000000, -6.51496000000, 19.54488000000, 70.45512000000, 13.02992000000, 0, 0
6.51792000000, 76.96416000000, -6.51792000000, 19.55376000000, 70.44624000000, 13.03584000000, 0, 0
6.52088000000, 76.95824000000, -6.52088000000, 19.56264000000, 70.43736000000, 13.04176000000, 0, 0
6.52384000000, 76.95232000000, -6.52384000000, 19.57152000000, 70.42848000000, 13.04768000000, 0, 0
6.52680000000, 76.94640000000, -6.52680000000, 19.58040000000, 70.41960000000, 13.05360000000, 0, 0
6.52976000000, 76.94048000000, -6.52976000000, 19.58928000000, 70.41072000000, 13.05952000000, 0, 0
6.53272000000, 76.93456000000, -6.53272000000, 19.59816000000, 70.40184000000, 13.06544000000, 0, 0
6.53568000000, 76.92864000000, -6.53568000000, 19.60704000000, 70.39296000000, 13.07136000000, 0, 0
6.53864000000, 76.92272000000, -6.53864000000, 19.61592000000, 70.38408000000, 13.07728000000, 0, 0
6.54160000000, 76.91680000000, -6.54160000000, 19.62480000000, 70.37520000000, 13.08320000000, 0, 0
6.54456000000, 76.91088000000, -6.54456000000, 19.63368000000, 70.36632000000, 13.08912000000, 0, 0
6.54752000000, 76.90496000000, -6.54752000000, 19.64256000000, 70.35744000000, 13.09504000000, 0, 0
6.55048000000, 76.89904000000, -6.55048000000, 19.65144000000, 70.34856000000, 13.10096000000, 0, 0
6.55344000000, 76.89312000000, -6.55344000000, 19.66032000000, 70.33968000000, 13.10688000000, 0, 0
6.55640000000, 76.88720000000, -6.55640000000, 19.66920000000, 70.33080000000, 13.11280000000, 0, 0
6.55936000000, 76.88128000000, -6.55936000000, 19.67808000000, 70.32192000000, 13.11872000000, 0, 0
6.56232000000, 76.87536000000, -6.56232000000, 19.68696000000, 70.31304000000, 13.12464000000, 0, 0
6.56528000000, 76.86944000000, -6.56528000000, 19.69584000000, 70.30416000000, 13.13056000000, 0, 0
6.56824000000, 76.86352000000, -6.56824000000, 19.70472000000, 70.29528000000, 13.13648000000, 0, 0
6.57120000000, 76.85760000000, -6.57120000000, 19.71360000000, 70.28640000000, 13.14240000000, 0, 0
6.57416000000, 76.85168000000, -6.57416000000, 19.72248000000, 70.27752000000, 13.14832000000, 0, 0
6.57712000000, 76.84576000000, -6.57712000000, 19.73136000000, 70.26864000000, 13.15424000000, 0, 0
6.58008000000, 76.83984000000, -6.58008000000, 19.74024000000, 70.25976000000, 13.16016000000, 0, 0
6.58304000000, 76.83392000000, -6.58304000000, 19.74912000000, 70.25088000000, 13.16608000000, 0, 0
6.58600000000, 76.82800000000, -6.58600000000, 19.75800000000, 70.24200000000, 13.17200000000, 0, 0
6.58896000000, 76.82208000000, -6.58896000000, 19.76688000000, 70.23312000000, 13.17792000000, 0, 0
6.59192000000, 76.81616000000, -6.59192000000, 19.77576000000, 70.22424000000, 13.18384000000, 0, 0
6.59488000000, 76.81024000000, -6.59488000000, 19.78464000000, 70.21536000000, 13.18976000000, 0, 0
6.59784000000, 76.80432000000, -6.59784000000, 19.79352000000, 70.20648000000, 13.19568000000, 0, 0
6.60080000000, 76.79840000000, -6.60080000000, 19.80240000000, 70.19760000000, 13.20160000000, 0, 0
6.60376000000, 76.79248000000, -6.60376000000, 19.81128000000, 70.18872000000, 13.20752000000, 0, 0
6.60672000000, 76.78656000000, -6.60672000000, 19.82016000000, 70.17984000000, 13.21344000000, 0, 0
6.60968000000, 76.78064000000, -6.60968000000, 19.82904000000, 70.17096000000, 13.21936000000, 0, 0
6.61264000000, 76.77472000000, -6.61264000000, 19.83792000000, 70.16208000000, 13.22528000000, 0, 0
6.61560000000, 76.76880000000, -6.61560000000, 19.84680000000, 70.15320000000, 13.23120000000, 0, 0
6.61856000000, 76.76288000000, -6.61856000000, 19.85568000000, 70.14432000000, 13.23712000000, 0, 0
6.62152000000, 76.75696000000, -6.62152000000, 19.86456000000, 70.13544000000, 13.24304000000, 0, 0
6.62448000000, 76.75104000000, -6.62448000000, 19.87344000000, 70.12656000000, 13.24896000000, 0, 0
6.62744000000, 76.74512000000, -6.62744000000, 19.88232000000, 70.11768000000, 13.25488000000, 0, 0
6.63040000000, 76.73920000000, -6.63040000000, 19.89120000000, 70.10880000000, 13.26080000000, 0, 0
6.63336000000, 76.73328000000, -6.63336000000, 19.90008000000, 70.09992000000, 13.26672000000, 0, 0
6.63632000000, 76.72736000000, -6.63632000000, 19.90896000000, 70.09104000000, 13.27264000000, 0, 0
6.63928000000, 76.72144000000, -6.63928000000, 19.91784000000, 70.08216000000, 13.27856000000, 0, 0
6.64224000000, 76.71552000000, -6.64224000000, 19.92672000000, 70.07328000000, 13.28448000000, 0, 0
6.64520000000, 76.70960000000, -6.64520000000, 19.93560000000, 70.06440000000, 13.29040000000, 0, 0
6.64816000000, 76.70368000000, -6.64816000000, 19.94448000000, 70.05552000000, 13.29632000000, 0, 0
6.65112000000, 76.69776000000, -6.65112000000, 19.95336000000, 70.04664000000, 13.30224000000, 0, 0
6.65408000000, 76.69184000000, -6.65408000000, 19.96224000000, 70.03776000000, 13.30816000000, 0, 0
6.65704000000, 76.68592000000, -6.65704000000, 19.97112000000, 70.02888000000, 13.31408000000, 0, 0
6.66000000000, 76.68000000000, -6.66000000000, 19.98000000000, 70.02000000000, 13.32000000000, 0, 0
6.66296000000, 76.67408000000, -6.66296000000, 19.98888000000, 70.01112000000, 13.32592000000, 0, 0
6.66592000000, 76.66816000000, -6.66592000000, 19.99776000000, 70.00224000000, 13.33184000000, 0, 0
6.66888000000, 76.66224000000, -6.66888000000, 20.00664000000, 69.99336000000, 13.33776000000, 0, 0
6.67184000000, 76.65632000000, -6.67184000000, 20.01552000000, 69.98448000000, 13.34368000000, 0, 0
6.67480000000, 76.65040000000, -6.67480000000, 20.02440000000, 69.97560000000, 13.34960000000, 0, 0
6.67776000000, 76.64448000000, -6.67776000000, 20.03328000000, 69.96672000000, 13.35552000000, 0, 0
6.68072000000, 76.63856000000, -6.68072000000, 20.04216000000, 69.95784000000, 13.36144000000, 0, 0
6.68368000000, 76.63264000000, -6.68368000000, 20.05104000000, 69.94896000000, 13.36736000000, 0, 0
6.68664000000, 76.62672000000, -6.68664000000, 20.05992000000, 69.94008000000, 13.37328000000, 0, 0
6.68960000000, 76.62080000000, -6.68960000000, 20.06880000000, 69.93120000000, 13.37920000000, 0, 0
6.69256000000, 76.61488000000, -6.69256000000, 20.07768000000, 69.92232000000, 13.38512000000, 0, 0
6.69552000000, 76.60896000000, -6.69552000000, 20.08656000000, 69.91344000000, 13.39104000000, 0, 0
6.69848000000, 76.60304000000, -6.69848000000, 20.09544000000, 69.90456000000, 13.39696000000, 0, 0
6.70144000000, 76.59712000000, -6.70144000000, 20.10432000000, 69.89568000000, 13.40288000000, 0, 0
6.70440000000, 76.59120000000, -6.70440000000, 20.11320000000, 69.88680000000, 13.40880000000, 0, 0
6.70736000000, 76.58528000000, -6.70736000000, 20.12208000000, 69.87792000000, 13.41472000000, 0, 0
6.71032000000, 76.57936000000, -6.71032000000, 20.13096000000, 69.86904000000, 13.42064000000, 0, 0
6.71328000000, 76.57344000000, -6.71328000000, 20.13984000000, 69.86016000000, 13.42656000000, 0, 0
6.71624000000, 76.56752000000, -6.71624000000, 20.14872000000, 69.85128000000, 13.43248000000, 0, 0
6.71920000000, 76.56160000000, -6.71920000000, 20.15760000000, 69.84240000000, 13.43840000000, 0, 0
6.72216000000, 76.55568000000, -6.72216000000, 20.16648000000, 69.83352000000, 13.44432000000, 0, 0
6.72512000000, 76.54976000000, -6.72512000000, 20.17536000000, 69.82464000000, 13.45024000000, 0, 0
6.72808000000, 76.54384000000, -6.72808000000, 20.18424000000, 69.81576000000, 13.45616000000, 0, 0
6.73104000000, 76.53792000000, -6.73104000000, 20.19312000000, 69.80688000000, 13.46208000000, 0, 0
6.73400000000, 76.53200000000, -6.73400000000, 20.20200000000, 69.79800000000, 13.46800000000, 0, 0
6.73696000000, 76.52608000000, -6.73696000000, 20.21088000000, 69.78912000000, 13.47392000000, 0, 0
6.73992000000, 76.52016000000, -6.73992000000, 20.21976000000, 69.78024000000, 13.47984000000, 0, 0
6.74288000000, 76.51424000000, -6.74288000000, 20.22864000000, 69.77136000000, 13.48576000000, 0, 0
6.74584000000, 76.50832000000, -6.74584000000, 20.23752000000, 69.76248000000, 13.49168000000, 0, 0
6.74880000000, 76.50240000000, -6.74880000000, 20.24640000000, 69.75360000000, 13.49760000000, 0, 0
6.75176000000, 76.49648000000, -6.75176000000, 20.25528000000, 69.74472000000, 13.50352000000, 0, 0
6.75472000000, 76.49056000000, -6.75472000000, 20.26416000000, 69.73584000000, 13.50944000000, 0, 0
6.75768000000, 76.48464000000, -6.75768000000, 20.27304000000, 69.72696000000, 13.51536000000, 0, 0
6.76064000000, 76.47872000000, -6.76064000000, 20.28192000000, 69.71808000000, 13.52128000000, 0, 0
6.76360000000, 76.47280000000, -6.76360000000, 20.29080000000, 69.70920000000, 13.52720000000, 0, 0
6.76656000000, 76.46688000000, -6.76656000000, 20.29968000000, 69.70032000000, 13.53312000000, 0, 0
6.76952000000, 76.46096000000, -6.76952000000, 20.30856000000, 69.69144000000, 13.53904000000, 0, 0
6.77248000000, 76.45504000000, -6.77248000000, 20.31744000000, 69.68256000000, 13.54496000000, 0, 0
6.77544000000, 76.44912000000, -6.77544000000, 20.32632000000, 69.67368000000, 13.55088000000, 0, 0
6.77840000000, 76.44320000000, -6.77840000000, 20.33520000000, 69.66480000000, 13.55680000000, 0, 0
6.78136000000, 76.43728000000, -6.78136000000, 20.34408000000, 69.65592000000, 13.56272000000, 0, 0
6.78432000000, 76.43136000000, -6.78432000000, 20.35296000000, 69.64704000000, 13.56864000000, 0, 0
6.78728000000, 76.42544000000, -6.78728000000, 20.36184000000, 69.63816000000, 13.57456000000, 0, 0
6.79024000000, 76.41952000000, -6.79024000000, 20.37072000000, 69.62928000000, 13.58048000000, 0, 0
6.79320000000, 76.41360000000, -6.79320000000, 20.37960000000, 69.62040000000, 13.58640000000, 0, 0
6.79616000000, 76.40768000000, -6.79616000000, 20.38848000000, 69.61152000000, 13.59232000000, 0, 0
6.79912000000, 76.40176000000, -6.79912000000, 20.39736000000, 69.60264000000, 13.59824000000, 0, 0
6.80208000000, 76.39584000000, -6.80208000000, 20.40624000000, 69.59376000000, 13.60416000000, 0, 0
6.80504000000, 76.38992000000, -6.80504000000, 20.41512000000, 69.58488000000, 13.61008000000, 0, 0
6.80800000000, 76.38400000000, -6.80800000000, 20.42400000000, 69.57600000000, 13.61600000000, 0, 0
6.81096000000, 76.37808000000, -6.81096000000, 20.43288000000, 69.56712000000, 13.62192000000, 0, 0
6.81392000000, 76.37216000000, -6.81392000000, 20.44176000000, 69.55824000000, 13.62784000000, 0, 0
6.81688000000, 76.36624000000, -6.81688000000, 20.45064000000, 69.54936000000, 13.63376000000, 0, 0
6.81984000000, 76.36032000000, -6.81984000000, 20.45952000000, 69.54048000000, 13.63968000000, 0, 0
6.82280000000, 76.35440000000, -6.82280000000, 20.46840000000, 69.53160000000, 13.64560000000, 0, 0
6.82576000000, 76.34848000000, -6.82576000000, 20.47728000000, 69.52272000000, 13.65152000000, 0, 0
6.82872000000, 76.34256000000, -6.82872000000, 20.48616000000, 69.51384000000, 13.65744000000, 0, 0
6.83168000000, 76.33664000000, -6.83168000000, 20.49504000000, 69.50496000000, 13.66336000000, 0, 0
6.83464000000, 76.33072000000, -6.83464000000, 20.50392000000, 69.49608000000, 13.66928000000, 0, 0
6.83760000000, 76.32480000000, -6.83760000000, 20.51280000000, 69.48720000000, 13.67520000000, 0, 0
6.84056000000, 76.31888000000, -6.84056000000, 20.52168000000, 69.47832000000, 13.68112000000, 0, 0
6.84352000000, 76.31296000000, -6.84352000000, 20.53056000000, 69.46944000000, 13.68704000000, 0, 0
6.84648000000, 76.30704000000, -6.84648000000, 20.53944000000, 69.46056000000, 13.69296000000, 0, 0
6.84944000000, 76.30112000000, -6.84944000000, 20.54832000000, 69.45168000000, 13.69888000000, 0, 0
6.85240000000, 76.29520000000, -6.85240000000, 20.55720000000, 69.44280000000, 13.70480000000, 0, 0
6.85536000000, 76.28928000000, -6.85536000000, 20.56608000000, 69.43392000000, 13.71072000000, 0, 0
6.85832000000, 76.28336000000, -6.85832000000, 20.57496000000, 69.42504000000, 13.71664000000, 0, 0
6.86128000000, 76.27744000000, -6.86128000000, 20.58384000000, 69.41616000000, 13.72256000000, 0, 0
6.86424000000, 76.27152000000, -6.86424000000, 20.59272000000, 69.40728000000, 13.72848000000, 0, 0
6.86720000000, 76.26560000000, -6.86720000000, 20.60160000000, 69.39840000000, 13.73440000000, 0, 0
6.87016000000, 76.25968000000, -6.87016000000, 20.61048000000, 69.38952000000, 13.74032000000, 0, 0
6.87312000000, 76.25376000000, -6.87312000000, 20.61936000000, 69.38064000000, 13.74624000000, 0, 0
6.87608000000, 76.24784000000, -6.87608000000, 20.62824000000, 69.37176000000, 13.75216000000, 0, 0
6.87904000000, 76.24192000000, -6.87904000000, 20.63712000000, 69.36288000000, 13.75808000000, 0, 0
6.88200000000, 76.23600000000, -6.88200000000, 20.64600000000, 69.35400000000, 13.76400000000, 0, 0
6.88496000000, 76.23008000000, -6.88496000000, 20.65488000000, 69.34512000000, 13.76992000000, 0, 0
6.88792000000, 76.22416000000, -6.88792000000, 20.66376000000, 69.33624000000, 13.77584000000, 0, 0
6.89088000000, 76.21824000000, -6.89088000000, 20.67264000000, 69.32736000000, 13.78176000000, 0, 0
6.89384000000, 76.21232000000, -6.89384000000, 20.68152000000, 69.31848000000, 13.78768000000, 0, 0
6.89680000000, 76.20640000000, -6.89680000000, 20.69040000000, 69.30960000000, 13.79360000000, 0, 0
6.89976000000, 76.20048000000, -6.89976000000, 20.69928000000, 69.30072000000, 13.79952000000, 0, 0
6.90272000000, 76.19456000000, -6.90272000000, 20.70816000000, 69.29184000000, 13.80544000000, 0, 0
6.90568000000, 76.18864000000, -6.90568000000, 20.71704000000, 69.28296000000, 13.81136000000, 0, 0
6.90864000000, 76.18272000000, -6.90864000000, 20.72592000000, 69.27408000000, 13.81728000000, 0, 0
6.91160000000, 76.17680000000, -6.91160000000, 20.73480000000, 69.26520000000, 13.82320000000, 0, 0
6.91456000000, 76.17088000000, -6.91456000000, 20.74368000000, 69.25632000000, 13.82912000000, 0, 0
6.91752000000, 76.16496000000, -6.91752000000, 20.75256000000, 69.24744000000, 13.83504000000, 0, 0
6.92048000000, 76.15904000000, -6.92048000000, 20.76144000000, 69.23856000000, 13.84096000000, 0, 0
6.92344000000, 76.15312000000, -6.92344000000, 20.77032000000, 69.22968000000, 13.84688000000, 0, 0
6.92640000000, 76.14720000000, -6.92640000000, 20.77920000000, 69.22080000000, 13.85280000000, 0, 0
6.92936000000, 76.14128000000, -6.92936000000, 20.78808000000, 69.21192000000, 13.85872000000, 0, 0
6.93232000000, 76.13536000000, -6.93232000000, 20.79696000000, 69.20304000000, 13.86464000000, 0, 0
6.93528000000, 76.12944000000, -6.93528000000, 20.80584000000, 69.19416000000, 13.87056000000, 0, 0
6.93824000000, 76.12352000000, -6.93824000000, 20.81472000000, 69.18528000000, 13.87648000000, 0, 0
6.94120000000, 76.11760000000, -6.94120000000, 20.82360000000, 69.17640000000, 13.88240000000, 0, 0
6.94416000000, 76.11168000000, -6.94416000000, 20.83248000000, 69.16752000000, 13.88832000000, 0, 0
6.94712000000, 76.10576000000, -6.94712000000, 20.84136000000, 69.15864000000, 13.89424000000, 0, 0
6.95008000000, 76.09984000000, -6.95008000000, 20.85024000000, 69.14976000000, 13.90016000000, 0, 0
6.95304000000, 76.09392000000, -6.95304000000, 20.85912000000, 69.14088000000, 13.90608000000, 0, 0
6.95600000000, 76.08800000000, -6.95600000000, 20.86800000000, 69.13200000000, 13.91200000000, 0, 0
6.95896000000, 76.08208000000, -6.95896000000, 20.87688000000, 69.12312000000, 13.91792000000, 0, 0
6.96192000000, 76.07616000000, -6.96192000000, 20.88576000000, 69.11424000000, 13.92384000000, 0, 0
6.96488000000, 76.07024000000, -6.96488000000, 20.89464000000, 69.10536000000, 13.92976000000, 0, 0
6.96784000000, 76.06432000000, -6.96784000000, 20.90352000000, 69.09648000000, 13.93568000000, 0, 0
6.97080000000, 76.05840000000, -6.97080000000, 20.91240000000, 69.08760000000, 13.94160000000, 0, 0
6.97376000000, 76.05248000000, -6.97376000000, 20.92128000000, 69.07872000000, 13.94752000000, 0, 0
6.97672000000, 76.04656000000, -6.97672000000, 20.93016000000, 69.06984000000, 13.95344000000, 0, 0
6.97968000000, 76.04064000000, -6.97968000000, 20.93904000000, 69.06096000000, 13.95936000000, 0, 0
6.98264000000, 76.03472000000, -6.98264000000, 20.94792000000, 69.05208000000, 13.96528000000, 0, 0
6.98560000000, 76.02880000000, -6.98560000000, 20.95680000000, 69.04320000000, 13.97120000000, 0, 0
6.98856000000, 76.02288000000, -6.98856000000, 20.96568000000, 69.03432000000, 13.97712000000, 0, 0
6.99152000000, 76.01696000000, -6.99152000000, 20.97456000000, 69.02544000000, 13.98304000000, 0, 0
6.99448000000, 76.01104000000, -6.99448000000, 20.98344000000, 69.01656000000, 13.98896000000, 0, 0
6.99744000000, 76.00512000000, -6.99744000000, 20.99232000000, 69.00768000000, 13.99488000000, 0, 0
7.00040000000, 75.99920000000, -7.00040000000, 21.00120000000, 68.99880000000, 14.00080000000, 0, 0
7.00336000000, 75.99328000000, -7.00336000000, 21.01008000000, 68.98992000000, 14.00672000000, 0, 0
7.00632000000, 75.98736000000, -7.00632000000, 21.01896000000, 68.98104000000, 14.01264000000, 0, 0
7.00928000000, 75.98144000000, -7.00928000000, 21.02784000000, 68.97216000000, 14.01856000000, 0, 0
7.01224000000, 75.97552000000, -7.01224000000, 21.03672000000, 68.96328000000, 14.02448000000, 0, 0
7.01520000000, 75.96960000000, -7.01520000000, 21.04560000000, 68.95440000000, 14.03040000000, 0, 0
7.01816000000, 75.96368000000, -7.01816000000, 21.05448000000, 68.94552000000, 14.03632000000, 0, 0
7.02112000000, 75.95776000000, -7.02112000000, 21.06336000000, 68.93664000000, 14.04224000000, 0, 0
7.02408000000, 75.95184000000, -7.02408000000, 21.07224000000, 68.92776000000, 14.04816000000, 0, 0
7.02704000000, 75.94592000000, -7.02704000000, 21.08112000000, 68.91888000000, 14.05408000000, 0, 0
7.03000000000, 75.94000000000, -7.03000000000, 21.09000000000, 68.91000000000, 14.06000000000, 0, 0
7.03296000000, 75.93408000000, -7.03296000000, 21.09888000000, 68.90112000000, 14.06592000000, 0, 0
7.03592000000, 75.92816000000, -7.03592000000, 21.10776000000, 68.89224000000, 14.07184000000, 0, 0
7.03888000000, 75.92224000000, -7.03888000000, 21.11664000000, 68.88336000000, 14.07776000000, 0, 0
7.04184000000, 75.91632000000, -7.04184000000, 21.12552000000, 68.87448000000, 14.08368000000, 0, 0
7.04480000000, 75.91040000000, -7.04480000000, 21.13440000000, 68.86560000000, 14.08960000000, 0, 0
7.04776000000, 75.90448000000, -7.04776000000, 21.14328000000, 68.85672000000, 14.09552000000, 0, 0
7.05072000000, 75.89856000000, -7.05072000000, 21.15216000000, 68.84784000000, 14.10144000000, 0, 0
7.05368000000, 75.89264000000, -7.05368000000, 21.16104000000, 68.83896000000, 14.10736000000, 0, 0
7.05664000000, 75.88672000000, -7.05664000000, 21.16992000000, 68.83008000000, 14.11328000000, 0, 0
7.05960000000, 75.88080000000, -7.05960000000, 21.17880000000, 68.82120000000, 14.11920000000, 0, 0
7.06256000000, 75.87488000000, -7.06256000000, 21.18768000000, 68.81232000000, 14.12512000000, 0, 0
7.06552000000, 75.86896000000, -7.06552000000, 21.19656000000, 68.80344000000, 14.13104000000, 0, 0
7.06848000000, 75.86304000000, -7.06848000000, 21.20544000000, 68.79456000000, 14.13696000000, 0, 0
7.07144000000, 75.85712000000, -7.07144000000, 21.21432000000, 68.78568000000, 14.14288000000, 0, 0
7.07440000000, 75.85120000000, -7.07440000000, 21.22320000000, 68.77680000000, 14.14880000000, 0, 0
7.07736000000, 75.84528000000, -7.07736000000, 21.23208000000, 68.76792000000, 14.15472000000, 0, 0
7.08032000000, 75.83936000000, -7.08032000000, 21.24096000000, 68.75904000000, 14.16064000000, 0, 0
7.08328000000, 75.83344000000, -7.08328000000, 21.24984000000, 68.75016000000, 14.16656000000, 0, 0
7.08624000000, 75.82752000000, -7.08624000000, 21.25872000000, 68.74128000000, 14.17248000000, 0, 0
7.08920000000, 75.82160000000, -7.08920000000, 21.26760000000, 68.73240000000, 14.17840000000, 0, 0
7.09216000000, 75.81568000000, -7.09216000000, 21.27648000000, 68.72352000000, 14.18432000000, 0, 0
7.09512000000, 75.80976000000, -7.09512000000, 21.28536000000, 68.71464000000, 14.19024000000, 0, 0
7.09808000000, 75.80384000000, -7.09808000000, 21.29424000000, 68.70576000000, 14.19616000000, 0, 0
7.10104000000, 75.79792000000, -7.10104000000, 21.30312000000, 68.69688000000, 14.20208000000, 0, 0
7.10400000000, 75.79200000000, -7.10400000000, 21.31200000000, 68.68800000000, 14.20800000000, 0, 0
7.10696000000, 75.78608000000, -7.10696000000, 21.32088000000, 68.67912000000, 14.21392000000, 0, 0
7.10992000000, 75.78016000000, -7.10992000000, 21.32976000000, 68.67024000000, 14.21984000000, 0, 0
7.11288000000, 75.77424000000, -7.11288000000, 21.33864000000, 68.66136000000, 14.22576000000, 0, 0
7.11584000000, 75.76832000000, -7.11584000000, 21.34752000000, 68.65248000000, 14.23168000000, 0, 0
7.11880000000, 75.76240000000, -7.11880000000, 21.35640000000, 68.64360000000, 14.23760000000, 0, 0
7.12176000000, 75.75648000000, -7.12176000000, 21.36528000000, 68.63472000000, 14.24352000000, 0, 0
7.12472000000, 75.75056000000, -7.12472000000, 21.37416000000, 68.62584000000, 14.24944000000, 0, 0
7.12768000000, 75.74464000000, -7.12768000000, 21.38304000000, 68.61696000000, 14.25536000000, 0, 0
7.13064000000, 75.73872000000, -7.13064000000, 21.39192000000, 68.60808000000, 14.26128000000, 0, 0
7.13360000000, 75.73280000000, -7.13360000000, 21.40080000000, 68.59920000000, 14.26720000000, 0, 0
7.13656000000, 75.72688000000, -7.13656000000, 21.40968000000, 68.59032000000, 14.27312000000, 0, 0
7.13952000000, 75.72096000000, -7.13952000000, 21.41856000000, 68.58144000000, 14.27904000000, 0, 0
7.14248000000, 75.71504000000, -7.14248000000, 21.42744000000, 68.57256000000, 14.28496000000, 0, 0
7.14544000000, 75.70912000000, -7.14544000000, 21.43632000000, 68.56368000000, 14.29088000000, 0, 0
7.14840000000, 75.70320000000, -7.14840000000, 21.44520000000, 68.55480000000, 14.29680000000, 0, 0
7.15136000000, 75.69728000000, -7.15136000000, 21.45408000000, 68.54592000000, 14.30272000000, 0, 0
7.15432000000, 75.69136000000, -7.15432000000, 21.46296000000, 68.53704000000, 14.30864000000, 0, 0
7.15728000000, 75.68544000000, -7.15728000000, 21.47184000000, 68.52816000000, 14.31456000000, 0, 0
7.16024000000, 75.67952000000, -7.16024000000, 21.48072000000, 68.51928000000, 14.32048000000, 0, 0
7.16320000000, 75.67360000000, -7.16320000000, 21.48960000000, 68.51040000000, 14.32640000000, 0, 0
7.16616000000, 75.66768000000, -7.16616000000, 21.49848000000, 68.50152000000, 14.33232000000, 0, 0
7.16912000000, 75.66176000000, -7.16912000000, 21.50736000000, 68.49264000000, 14.33824000000, 0, 0
7.17208000000, 75.65584000000, -7.17208000000, 21.51624000000, 68.48376000000, 14.34416000000, 0, 0
7.17504000000, 75.64992000000, -7.17504000000, 21.52512000000, 68.47488000000, 14.35008000000, 0, 0
7.17800000000, 75.64400000000, -7.17800000000, 21.53400000000, 68.46600000000, 14.35600000000, 0, 0
7.18096000000, 75.63808000000, -7.18096000000, 21.54288000000, 68.45712000000, 14.36192000000, 0, 0
7.18392000000, 75.63216000000, -7.18392000000, 21.55176000000, 68.44824000000, 14.36784000000, 0, 0
7.18688000000, 75.62624000000, -7.18688000000, 21.56064000000, 68.43936000000, 14.37376000000, 0, 0
7.18984000000, 75.62032000000, -7.18984000000, 21.56952000000, 68.43048000000, 14.37968000000, 0, 0
7.19280000000, 75.61440000000, -7.19280000000, 21.57840000000, 68.42160000000, 14.38560000000, 0, 0
7.19576000000, 75.60848000000, -7.19576000000, 21.58728000000, 68.41272000000, 14.39152000000, 0, 0
7.19872000000, 75.60256000000, -7.19872000000, 21.59616000000, 68.40384000000, 14.39744000000, 0, 0
7.20168000000, 75.59664000000, -7.20168000000, 21.60504000000, 68.39496000000, 14.40336000000, 0, 0
7.20464000000, 75.59072000000, -7.20464000000, 21.61392000000, 68.38608000000, 14.40928000000, 0, 0
7.20760000000, 75.58480000000, -7.20760000000, 21.62280000000, 68.37720000000, 14.41520000000, 0, 0
7.21056000000, 75.57888000000, -7.21056000000, 21.63168000000, 68.36832000000, 14.42112000000, 0, 0
7.21352000000, 75.57296000000, -7.21352000000, 21.64056000000, 68.35944000000, 14.42704000000, 0, 0
7.21648000000, 75.56704000000, -7.21648000000, 21.64944000000, 68.35056000000, 14.43296000000, 0, 0
7.21944000000, 75.56112000000, -7.21944000000, 21.65832000000, 68.34168000000, 14.43888000000, 0, 0
7.22240000000, 75.55520000000, -7.22240000000, 21.66720000000, 68.33280000000, 14.44480000000, 0, 0
7.22536000000, 75.54928000000, -7.22536000000, 21.67608000000, 68.32392000000, 14.45072000000, 0, 0
7.22832000000, 75.54336000000, -7.22832000000, 21.68496000000, 68.31504000000, 14.45664000000, 0, 0
7.23128000000, 75.53744000000, -7.23128000000, 21.69384000000, 68.30616000000, 14.46256000000, 0, 0
7.23424000000, 75.53152000000, -7.23424000000, 21.70272000000, 68.29728000000, 14.46848000000, 0, 0
7.23720000000, 75.52560000000, -7.23720000000, 21.71160000000, 68.28840000000, 14.47440000000, 0, 0
7.24016000000, 75.51968000000, -7.24016000000, 21.72048000000, 68.27952000000, 14.48032000000, 0, 0
7.24312000000, 75.51376000000, -7.24312000000, 21.72936000000, 68.27064000000, 14.48624000000, 0, 0
7.24608000000, 75.50784000000, -7.24608000000, 21.73824000000, 68.26176000000, 14.49216000000, 0, 0
7.24904000000, 75.50192000000, -7.24904000000, 21.74712000000, 68.25288000000, 14.49808000000, 0, 0
7.25200000000, 75.49600000000, -7.25200000000, 21.75600000000, 68.24400000000, 14.50400000000, 0, 0
7.25496000000, 75.49008000000, -7.25496000000, 21.76488000000, 68.23512000000, 14.50992000000, 0, 0
7.25792000000, 75.48416000000, -7.25792000000, 21.77376000000, 68.22624000000, 14.51584000000, 0, 0
7.26088000000, 75.47824000000, -7.26088000000, 21.78264000000, 68.21736000000, 14.52176000000, 0, 0
7.26384000000, 75.47232000000, -7.26384000000, 21.79152000000, 68.20848000000, 14.52768000000, 0, 0
7.26680000000, 75.46640000000, -7.26680000000, 21.80040000000, 68.19960000000, 14.53360000000, 0, 0
7.26976000000, 75.46048000000, -7.26976000000, 21.80928000000, 68.19072000000, 14.53952000000, 0, 0
7.27272000000, 75.45456000000, -7.27272000000, 21.81816000000, 68.18184000000, 14.54544000000, 0, 0
7.27568000000, 75.44864000000, -7.27568000000, 21.82704000000, 68.17296000000, 14.55136000000, 0, 0
7.27864000000, 75.44272000000, -7.27864000000, 21.83592000000, 68.16408000000, 14.55728000000, 0, 0
7.28160000000, 75.43680000000, -7.28160000000, 21.84480000000, 68.15520000000, 14.56320000000, 0, 0
7.28456000000, 75.43088000000, -7.28456000000, 21.85368000000, 68.14632000000, 14.56912000000, 0, 0
7.28752000000, 75.42496000000, -7.28752000000, 21.86256000000, 68.13744000000, 14.57504000000, 0, 0
7.29048000000, 75.41904000000, -7.29048000000, 21.87144000000, 68.12856000000, 14.58096000000, 0, 0
7.29344000000, 75.41312000000, -7.29344000000, 21.88032000000, 68.11968000000, 14.58688000000, 0, 0
7.29640000000, 75.40720000000, -7.29640000000, 21.88920000000, 68.11080000000, 14.59280000000, 0, 0
7.29936000000, 75.40128000000, -7.29936000000, 21.89808000000, 68.10192000000, 14.59872000000, 0, 0
7.30232000000, 75.39536000000, -7.30232000000, 21.90696000000, 68.09304000000, 14.60464000000, 0, 0
7.30528000000, 75.38944000000, -7.30528000000, 21.91584000000, 68.08416000000, 14.61056000000, 0, 0
7.30824000000, 75.38352000000, -7.30824000000, 21.92472000000, 68.07528000000, 14.61648000000, 0, 0
7.31120000000, 75.37760000000, -7.31120000000, 21.93360000000, 68.06640000000, 14.62240000000, 0, 0
7.31416000000, 75.37168000000, -7.31416000000, 21.94248000000, 68.05752000000, 14.62832000000, 0, 0
7.31712000000, 75.36576000000, -7.31712000000, 21.95136000000, 68.04864000000, 14.63424000000, 0, 0
7.32008000000, 75.35984000000, -7.32008000000, 21.96024000000, 68.03976000000, 14.64016000000, 0, 0
7.32304000000, 75.35392000000, -7.32304000000, 21.96912000000, 68.03088000000, 14.64608000000, 0, 0
7.32600000000, 75.34800000000, -7.32600000000, 21.97800000000, 68.02200000000, 14.65200000000, 0, 0
7.32896000000, 75.34208000000, -7.32896000000, 21.98688000000, 68.01312000000, 14.65792000000, 0, 0
7.33192000000, 75.33616000000, -7.33192000000, 21.99576000000, 68.00424000000, 14.66384000000, 0, 0
7.33488000000, 75.33024000000, -7.33488000000, 22.00464000000, 67.99536000000, 14.66976000000, 0, 0
7.33784000000, 75.32432000000, -7.33784000000, 22.01352000000, 67.98648000000, 14.67568000000, 0, 0
7.34080000000, 75.31840000000, -7.34080000000, 22.02240000000, 67.97760000000, 14.68160000000, 0, 0
7.34376000000, 75.31248000000, -7.34376000000, 22.03128000000, 67.96872000000, 14.68752000000, 0, 0
7.34672000000, 75.30656000000, -7.34672000000, 22.04016000000, 67.95984000000, 14.69344000000, 0, 0
7.34968000000, 75.30064000000, -7.34968000000, 22.04904000000, 67.95096000000, 14.69936000000, 0, 0
7.35264000000, 75.29472000000, -7.35264000000, 22.05792000000, 67.94208000000, 14.70528000000, 0, 0
7.35560000000, 75.28880000000, -7.35560000000, 22.06680000000, 67.93320000000, 14.71120000000, 0, 0
7.35856000000, 75.28288000000, -7.35856000000, 22.07568000000, 67.92432000000, 14.71712000000, 0, 0
7.36152000000, 75.27696000000, -7.36152000000, 22.08456000000, 67.91544000000, 14.72304000000, 0, 0
7.36448000000, 75.27104000000, -7.36448000000, 22.09344000000, 67.90656000000, 14.72896000000, 0, 0
7.36744000000, 75.26512000000, -7.36744000000, 22.10232000000, 67.89768000000, 14.73488000000, 0, 0
7.37040000000, 75.25920000000, -7.37040000000, 22.11120000000, 67.88880000000, 14.74080000000, 0, 0
7.37336000000, 75.25328000000, -7.37336000000, 22.12008000000, 67.87992000000, 14.74672000000, 0, 0
7.37632000000, 75.24736000000, -7.37632000000, 22.12896000000, 67.87104000000, 14.75264000000, 0, 0
7.37928000000, 75.24144000000, -7.37928000000, 22.13784000000, 67.86216000000, 14.75856000000, 0, 0
7.38224000000, 75.23552000000, -7.38224000000, 22.14672000000, 67.85328000000, 14.76448000000, 0, 0
7.38520000000, 75.22960000000, -7.38520000000, 22.15560000000, 67.84440000000, 14.77040000000, 0, 0
7.38816000000, 75.22368000000, -7.38816000000, 22.16448000000, 67.83552000000, 14.77632000000, 0, 0
7.39112000000, 75.21776000000, -7.39112000000, 22.17336000000, 67.82664000000, 14.78224000000, 0, 0
7.39408000000, 75.21184000000, -7.39408000000, 22.18224000000, 67.81776000000, 14.78816000000, 0, 0
7.39704000000, 75.20592000000, -7.39704000000, 22.19112000000, 67.80888000000, 14.79408000000, 0, 0
7.40000000000, 75.20000000000, -7.40000000000, 22.20000000000, 67.80000000000, 14.80000000000, 0, 0
7.40296000000, 75.19408000000, -7.40296000000, 22.20888000000, 67.79112000000, 14.80592000000, 0, 0
7.40592000000, 75.18816000000, -7.40592000000, 22.21776000000, 67.78224000000, 14.81184000000, 0, 0
7.40888000000, 75.18224000000, -7.40888000000, 22.22664000000, 67.77336000000, 14.81776000000, 0, 0
7.41184000000, 75.17632000000, -7.41184000000, 22.23552000000, 67.76448000000, 14.82368000000, 0, 0
7.41480000000, 75.17040000000, -7.41480000000, 22.24440000000, 67.75560000000, 14.82960000000, 0, 0
7.41776000000, 75.16448000000, -7.41776000000, 22.25328000000, 67.74672000000, 14.83552000000, 0, 0
7.42072000000, 75.15856000000, -7.42072000000, 22.26216000000, 67.73784000000, 14.84144000000, 0, 0
7.42368000000, 75.15264000000, -7.42368000000, 22.27104000000, 67.72896000000, 14.84736000000, 0, 0
7.42664000000, 75.14672000000, -7.42664000000, 22.27992000000, 67.72008000000, 14.85328000000, 0, 0
7.42960000000, 75.14080000000, -7.42960000000, 22.28880000000, 67.71120000000, 14.85920000000, 0, 0
7.43256000000, 75.13488000000, -7.43256000000, 22.29768000000, 67.70232000000, 14.86512000000, 0, 0
7.43552000000, 75.12896000000, -7.43552000000, 22.30656000000, 67.69344000000, 14.87104000000, 0, 0
7.43848000000, 75.12304000000, -7.43848000000, 22.31544000000, 67.68456000000, 14.87696000000, 0, 0
7.44144000000, 75.11712000000, -7.44144000000, 22.32432000000, 67.67568000000, 14.88288000000, 0, 0
7.44440000000, 75.11120000000, -7.44440000000, 22.33320000000, 67.66680000000, 14.88880000000, 0, 0
7.44736000000, 75.10528000000, -7.44736000000, 22.34208000000, 67.65792000000, 14.89472000000, 0, 0
7.45032000000, 75.09936000000, -7.45032000000, 22.35096000000, 67.64904000000, 14.90064000000, 0, 0
7.45328000000, 75.09344000000, -7.45328000000, 22.35984000000, 67.64016000000, 14.90656000000, 0, 0
7.45624000000, 75.08752000000, -7.45624000000, 22.36872000000, 67.63128000000, 14.91248000000, 0, 0
7.45920000000, 75.08160000000, -7.45920000000, 22.37760000000, 67.62240000000, 14.91840000000, 0, 0
7.46216000000, 75.07568000000, -7.46216000000, 22.38648000000, 67.61352000000, 14.92432000000, 0, 0
7.46512000000, 75.06976000000, -7.46512000000, 22.39536000000, 67.60464000000, 14.93024000000, 0, 0
7.46808000000, 75.06384000000, -7.46808000000, 22.40424000000, 67.59576000000, 14.93616000000, 0, 0
7.47104000000, 75.05792000000, -7.47104000000, 22.41312000000, 67.58688000000, 14.94208000000, 0, 0
7.47400000000, 75.05200000000, -7.47400000000, 22.42200000000, 67.57800000000, 14.94800000000, 0, 0
7.47696000000, 75.04608000000, -7.47696000000, 22.43088000000, 67.56912000000, 14.95392000000, 0, 0
7.47992000000, 75.04016000000, -7.47992000000, 22.43976000000, 67.56024000000, 14.95984000000, 0, 0
7.48288000000, 75.03424000000, -7.48288000000, 22.44864000000, 67.55136000000, 14.96576000000, 0, 0
7.48584000000, 75.02832000000, -7.48584000000, 22.45752000000, 67.54248000000, 14.97168000000, 0, 0
7.48880000000, 75.02240000000, -7.48880000000, 22.46640000000, 67.53360000000, 14.97760000000, 0, 0
7.49176000000, 75.01648000000, -7.49176000000, 22.47528000000, 67.52472000000, 14.98352000000, 0, 0
7.49472000000, 75.01056000000, -7.49472000000, 22.48416000000, 67.51584000000, 14.98944000000, 0, 0
7.49768000000, 75.00464000000, -7.49768000000, 22.49304000000, 67.50696000000, 14.99536000000, 0, 0
7.50064000000, 74.99872000000, -7.50064000000, 22.50192000000, 67.49808000000, 15.00128000000, 0, 0
7.50360000000, 74.99280000000, -7.50360000000, 22.51080000000, 67.48920000000, 15.00720000000, 0, 0
7.50656000000, 74.98688000000, -7.50656000000, 22.51968000000, 67.48032000000, 15.01312000000, 0, 0
7.50952000000, 74.98096000000, -7.50952000000, 22.52856000000, 67.47144000000, 15.01904000000, 0, 0
7.51248000000, 74.97504000000, -7.51248000000, 22.53744000000, 67.46256000000, 15.02496000000, 0, 0
7.51544000000, 74.96912000000, -7.51544000000, 22.54632000000, 67.45368000000, 15.03088000000, 0, 0
7.51840000000, 74.96320000000, -7.51840000000, 22.55520000000, 67.44480000000, 15.03680000000, 0, 0
7.52136000000, 74.95728000000, -7.52136000000, 22.56408000000, 67.43592000000, 15.04272000000, 0, 0
7.52432000000, 74.95136000000, -7.52432000000, 22.57296000000, 67.42704000000, 15.04864000000, 0, 0
7.52728000000, 74.94544000000, -7.52728000000, 22.58184000000, 67.41816000000, 15.05456000000, 0, 0
7.53024000000, 74.93952000000, -7.53024000000, 22.59072000000, 67.40928000000, 15.06048000000, 0, 0
7.53320000000, 74.93360000000, -7.53320000000, 22.59960000000, 67.40040000000, 15.06640000000, 0, 0
7.53616000000, 74.92768000000, -7.53616000000, 22.60848000000, 67.39152000000, 15.07232000000, 0, 0
7.53912000000, 74.92176000000, -7.53912000000, 22.61736000000, 67.38264000000, 15.07824000000, 0, 0
7.54208000000, 74.91584000000, -7.54208000000, 22.62624000000, 67.37376000000, 15.08416000000, 0, 0
7.54504000000, 74.90992000000, -7.54504000000, 22.63512000000, 67.36488000000, 15.09008000000, 0, 0
7.54800000000, 74.90400000000, -7.54800000000, 22.64400000000, 67.35600000000, 15.09600000000, 0, 0
7.55096000000, 74.89808000000, -7.55096000000, 22.65288000000, 67.34712000000, 15.10192000000, 0, 0
7.55392000000, 74.89216000000, -7.55392000000, 22.66176000000, 67.33824000000, 15.10784000000, 0, 0
7.55688000000, 74.88624000000, -7.55688000000, 22.67064000000, 67.32936000000, 15.11376000000, 0, 0
7.55984000000, 74.88032000000, -7.55984000000, 22.67952000000, 67.32048000000, 15.11968000000, 0, 0
7.56280000000, 74.87440000000, -7.56280000000, 22.68840000000, 67.31160000000, 15.12560000000, 0, 0
7.56576000000, 74.86848000000, -7.56576000000, 22.69728000000, 67.30272000000, 15.13152000000, 0, 0
7.56872000000, 74.86256000000, -7.56872000000, 22.70616000000, 67.29384000000, 15.13744000000, 0, 0
7.57168000000, 74.85664000000, -7.57168000000, 22.71504000000, 67.28496000000, 15.14336000000, 0, 0
7.57464000000, 74.85072000000, -7.57464000000, 22.72392000000, 67.27608000000, 15.14928000000, 0, 0
7.57760000000, 74.84480000000, -7.57760000000, 22.73280000000, 67.26720000000, 15.15520000000, 0, 0
7.58056000000, 74.83888000000, -7.58056000000, 22.74168000000, 67.25832000000, 15.16112000000, 0, 0
7.58352000000, 74.83296000000, -7.58352000000, 22.75056000000, 67.24944000000, 15.16704000000, 0, 0
7.58648000000, 74.82704000000, -7.58648000000, 22.75944000000, 67.24056000000, 15.17296000000, 0, 0
7.58944000000, 74.82112000000, -7.58944000000, 22.76832000000, 67.23168000000, 15.17888000000, 0, 0
7.59240000000, 74.81520000000, -7.59240000000, 22.77720000000, 67.22280000000, 15.18480000000, 0, 0
7.59536000000, 74.80928000000, -7.59536000000, 22.78608000000, 67.21392000000, 15.19072000000, 0, 0
7.59832000000, 74.80336000000, -7.59832000000, 22.79496000000, 67.20504000000, 15.19664000000, 0, 0
7.60128000000, 74.79744000000, -7.60128000000, 22.80384000000, 67.19616000000, 15.20256000000, 0, 0
7.60424000000, 74.79152000000, -7.60424000000, 22.81272000000, 67.18728000000, 15.20848000000, 0, 0
7.60720000000, 74.78560000000, -7.60720000000, 22.82160000000, 67.17840000000, 15.21440000000, 0, 0
7.61016000000, 74.77968000000, -7.61016000000, 22.83048000000, 67.16952000000, 15.22032000000, 0, 0
7.61312000000, 74.77376000000, -7.61312000000, 22.83936000000, 67.16064000000, 15.22624000000, 0, 0
7.61608000000, 74.76784000000, -7.61608000000, 22.84824000000, 67.15176000000, 15.23216000000, 0, 0
7.61904000000, 74.76192000000, -7.61904000000, 22.85712000000, 67.14288000000, 15.23808000000, 0, 0
7.62200000000, 74.75600000000, -7.62200000000, 22.86600000000, 67.13400000000, 15.24400000000, 0, 0
7.62496000000, 74.75008000000, -7.62496000000, 22.87488000000, 67.12512000000, 15.24992000000, 0, 0
7.62792000000, 74.74416000000, -7.62792000000, 22.88376000000, 67.11624000000, 15.25584000000, 0, 0
7.63088000000, 74.73824000000, -7.63088000000, 22.89264000000, 67.10736000000, 15.26176000000, 0, 0
7.63384000000, 74.73232000000, -7.63384000000, 22.90152000000, 67.09848000000, 15.26768000000, 0, 0
7.63680000000, 74.72640000000, -7.63680000000, 22.91040000000, 67.08960000000, 15.27360000000, 0, 0
7.63976000000, 74.72048000000, -7.63976000000, 22.91928000000, 67.08072000000, 15.27952000000, 0, 0
7.64272000000, 74.71456000000, -7.64272000000, 22.92816000000, 67.07184000000, 15.28544000000, 0, 0
7.64568000000, 74.70864000000, -7.64568000000, 22.93704000000, 67.06296000000, 15.29136000000, 0, 0
7.64864000000, 74.70272000000, -7.64864000000, 22.94592000000, 67.05408000000, 15.29728000000, 0, 0
7.65160000000, 74.69680000000, -7.65160000000, 22.95480000000, 67.04520000000, 15.30320000000, 0, 0
7.65456000000, 74.69088000000, -7.65456000000, 22.96368000000, 67.03632000000, 15.30912000000, 0, 0
7.65752000000, 74.68496000000, -7.65752000000, 22.97256000000, 67.02744000000, 15.31504000000, 0, 0
7.66048000000, 74.67904000000, -7.66048000000, 22.98144000000, 67.01856000000, 15.32096000000, 0, 0
7.66344000000, 74.67312000000, -7.66344000000, 22.99032000000, 67.00968000000, 15.32688000000, 0, 0
7.66640000000, 74.66720000000, -7.66640000000, 22.99920000000, 67.00080000000, 15.33280000000, 0, 0
7.66936000000, 74.66128000000, -7.66936000000, 23.00808000000, 66.99192000000, 15.33872000000, 0, 0
7.67232000000, 74.65536000000, -7.67232000000, 23.01696000000, 66.98304000000, 15.34464000000, 0, 0
7.67528000000, 74.64944000000, -7.67528000000, 23.02584000000, 66.97416000000, 15.35056000000, 0, 0
7.67824000000, 74.64352000000, -7.67824000000, 23.03472000000, 66.96528000000, 15.35648000000, 0, 0
7.68120000000, 74.63760000000, -7.68120000000, 23.04360000000, 66.95640000000, 15.36240000000, 0, 0
7.68416000000, 74.63168000000, -7.68416000000, 23.05248000000, 66.94752000000, 15.36832000000, 0, 0
7.68712000000, 74.62576000000, -7.68712000000, 23.06136000000, 66.93864000000, 15.37424000000, 0, 0
7.69008000000, 74.61984000000, -7.69008000000, 23.07024000000, 66.92976000000, 15.38016000000, 0, 0
7.69304000000, 74.61392000000, -7.69304000000, 23.07912000000, 66.92088000000, 15.38608000000, 0, 0
7.69600000000, 74.60800000000, -7.69600000000, 23.08800000000, 66.91200000000, 15.39200000000, 0, 0
7.69896000000, 74.60208000000, -7.69896000000, 23.09688000000, 66.90312000000, 15.39792000000, 0, 0
7.70192000000, 74.59616000000, -7.70192000000, 23.10576000000, 66.89424000000, 15.40384000000, 0, 0
7.70488000000, 74.59024000000, -7.70488000000, 23.11464000000, 66.88536000000, 15.40976000000, 0, 0
7.70784000000, 74.58432000000, -7.70784000000, 23.12352000000, 66.87648000000, 15.41568000000, 0, 0
7.71080000000, 74.57840000000, -7.71080000000, 23.13240000000, 66.86760000000, 15.42160000000, 0, 0
7.71376000000, 74.57248000000, -7.71376000000, 23.14128000000, 66.85872000000, 15.42752000000, 0, 0
7.71672000000, 74.56656000000, -7.71672000000, 23.15016000000, 66.84984000000, 15.43344000000, 0, 0
7.71968000000, 74.56064000000, -7.71968000000, 23.15904000000, 66.84096000000, 15.43936000000, 0, 0
7.72264000000, 74.55472000000, -7.72264000000, 23.16792000000, 66.83208000000, 15.44528000000, 0, 0
7.72560000000, 74.54880000000, -7.72560000000, 23.17680000000, 66.82320000000, 15.45120000000, 0, 0
7.72856000000, 74.54288000000, -7.72856000000, 23.18568000000, 66.81432000000, 15.45712000000, 0, 0
7.73152000000, 74.53696000000, -7.73152000000, 23.19456000000, 66.80544000000, 15.46304000000, 0, 0
7.73448000000, 74.53104000000, -7.73448000000, 23.20344000000, 66.79656000000, 15.46896000000, 0, 0
7.73744000000, 74.52512000000, -7.73744000000, 23.21232000000, 66.78768000000, 15.47488000000, 0, 0
7.74040000000, 74.51920000000, -7.74040000000, 23.22120000000, 66.77880000000, 15.48080000000, 0, 0
7.74336000000, 74.51328000000, -7.74336000000, 23.23008000000, 66.76992000000, 15.48672000000, 0, 0
7.74632000000, 74.50736000000, -7.74632000000, 23.23896000000, 66.76104000000, 15.49264000000, 0, 0
7.74928000000, 74.50144000000, -7.74928000000, 23.24784000000, 66.75216000000, 15.49856000000, 0, 0
7.75224000000, 74.49552000000, -7.75224000000, 23.25672000000, 66.74328000000, 15.50448000000, 0, 0
7.75520000000, 74.48960000000, -7.75520000000, 23.26560000000, 66.73440000000, 15.51040000000, 0, 0
7.75816000000, 74.48368000000, -7.75816000000, 23.27448000000, 66.72552000000, 15.51632000000, 0, 0
7.76112000000, 74.47776000000, -7.76112000000, 23.28336000000, 66.71664000000, 15.52224000000, 0, 0
7.76408000000, 74.47184000000, -7.76408000000, 23.29224000000, 66.70776000000, 15.52816000000, 0, 0
7.76704000000, 74.46592000000, -7.76704000000, 23.30112000000, 66.69888000000, 15.53408000000, 0, 0
7.77000000000, 74.46000000000, -7.77000000000, 23.31000000000, 66.69000000000, 15.54000000000, 0, 0
7.77296000000, 74.45408000000, -7.77296000000, 23.31888000000, 66.68112000000, 15.54592000000, 0, 0
7.77592000000, 74.44816000000, -7.77592000000, 23.32776000000, 66.67224000000, 15.55184000000, 0, 0
7.77888000000, 74.44224000000, -7.77888000000, 23.33664000000, 66.66336000000, 15.55776000000, 0, 0
7.78184000000, 74.43632000000, -7.78184000000, 23.34552000000, 66.65448000000, 15.56368000000, 0, 0
7.78480000000, 74.43040000000, -7.78480000000, 23.35440000000, 66.64560000000, 15.56960000000, 0, 0
7.78776000000, 74.42448000000, -7.78776000000, 23.36328000000, 66.63672000000, 15.57552000000, 0, 0
7.79072000000, 74.41856000000, -7.79072000000, 23.37216000000, 66.62784000000, 15.58144000000, 0, 0
7.79368000000, 74.41264000000, -7.79368000000, 23.38104000000, 66.61896000000, 15.58736000000, 0, 0
7.79664000000, 74.40672000000, -7.79664000000, 23.38992000000, 66.61008000000, 15.59328000000, 0, 0
7.79960000000, 74.40080000000, -7.79960000000, 23.39880000000, 66.60120000000, 15.59920000000, 0, 0
7.80256000000, 74.39488000000, -7.80256000000, 23.40768000000, 66.59232000000, 15.60512000000, 0, 0
7.80552000000, 74.38896000000, -7.80552000000, 23.41656000000, 66.58344000000, 15.61104000000, 0, 0
7.80848000000, 74.38304000000, -7.80848000000, 23.42544000000, 66.57456000000, 15.61696000000, 0, 0
7.81144000000, 74.37712000000, -7.81144000000, 23.43432000000, 66.56568000000, 15.62288000000, 0, 0
7.81440000000, 74.37120000000, -7.81440000000, 23.44320000000, 66.55680000000, 15.62880000000, 0, 0
7.81736000000, 74.36528000000, -7.81736000000, 23.45208000000, 66.54792000000, 15.63472000000, 0, 0
7.82032000000, 74.35936000000, -7.82032000000, 23.46096000000, 66.53904000000, 15.64064000000, 0, 0
7.82328000000, 74.35344000000, -7.82328000000, 23.46984000000, 66.53016000000, 15.64656000000, 0, 0
7.82624000000, 74.34752000000, -7.82624000000, 23.47872000000, 66.52128000000, 15.65248000000, 0, 0
7.82920000000, 74.34160000000, -7.82920000000, 23.48760000000, 66.51240000000, 15.65840000000, 0, 0
7.83216000000, 74.33568000000, -7.83216000000, 23.49648000000, 66.50352000000, 15.66432000000, 0, 0
7.83512000000, 74.32976000000, -7.83512000000, 23.50536000000, 66.49464000000, 15.67024000000, 0, 0
7.83808000000, 74.32384000000, -7.83808000000, 23.51424000000, 66.48576000000, 15.67616000000, 0, 0
7.84104000000, 74.31792000000, -7.84104000000, 23.52312000000, 66.47688000000, 15.68208000000, 0, 0
7.84400000000, 74.31200000000, -7.84400000000, 23.53200000000, 66.46800000000, 15.68800000000, 0, 0
7.84696000000, 74.30608000000, -7.84696000000, 23.54088000000, 66.45912000000, 15.69392000000, 0, 0
7.84992000000, 74.30016000000, -7.84992000000, 23.54976000000, 66.45024000000, 15.69984000000, 0, 0
7.85288000000, 74.29424000000, -7.85288000000, 23.55864000000, 66.44136000000, 15.70576000000, 0, 0
7.85584000000, 74.28832000000, -7.85584000000, 23.56752000000, 66.43248000000, 15.71168000000, 0, 0
7.85880000000, 74.28240000000, -7.85880000000, 23.57640000000, 66.42360000000, 15.71760000000, 0, 0
7.86176000000, 74.27648000000, -7.86176000000, 23.58528000000, 66.41472000000, 15.72352000000, 0, 0
7.86472000000, 74.27056000000, -7.86472000000, 23.59416000000, 66.40584000000, 15.72944000000, 0, 0
7.86768000000, 74.26464000000, -7.86768000000, 23.60304000000, 66.39696000000, 15.73536000000, 0, 0
7.87064000000, 74.25872000000, -7.87064000000, 23.61192000000, 66.38808000000, 15.74128000000, 0, 0
7.87360000000, 74.25280000000, -7.87360000000, 23.62080000000, 66.37920000000, 15.74720000000, 0, 0
7.87656000000, 74.24688000000, -7.87656000000, 23.62968000000, 66.37032000000, 15.75312000000, 0, 0
7.87952000000, 74.24096000000, -7.87952000000, 23.63856000000, 66.36144000000, 15.75904000000, 0, 0
7.88248000000, 74.23504000000, -7.88248000000, 23.64744000000, 66.35256000000, 15.76496000000, 0, 0
7.88544000000, 74.22912000000, -7.88544000000, 23.65632000000, 66.34368000000, 15.77088000000, 0, 0
7.88840000000, 74.22320000000, -7.88840000000, 23.66520000000, 66.33480000000, 15.77680000000, 0, 0
7.89136000000, 74.21728000000, -7.89136000000, 23.67408000000, 66.32592000000, 15.78272000000, 0, 0
7.89432000000, 74.21136000000, -7.89432000000, 23.68296000000, 66.31704000000, 15.78864000000, 0, 0
7.89728000000, 74.20544000000, -7.89728000000, 23.69184000000, 66.30816000000, 15.79456000000, 0, 0
7.90024000000, 74.19952000000, -7.90024000000, 23.70072000000, 66.29928000000, 15.80048000000, 0, 0
7.90320000000, 74.19360000000, -7.90320000000, 23.70960000000, 66.29040000000, 15.80640000000, 0, 0
7.90616000000, 74.18768000000, -7.90616000000, 23.71848000000, 66.28152000000, 15.81232000000, 0, 0
7.90912000000, 74.18176000000, -7.90912000000, 23.72736000000, 66.27264000000, 15.81824000000, 0, 0
7.91208000000, 74.17584000000, -7.91208000000, 23.73624000000, 66.26376000000, 15.82416000000, 0, 0
7.91504000000, 74.16992000000, -7.91504000000, 23.74512000000, 66.25488000000, 15.83008000000, 0, 0
7.91800000000, 74.16400000000, -7.91800000000, 23.75400000000, 66.24600000000, 15.83600000000, 0, 0
7.92096000000, 74.15808000000, -7.92096000000, 23.76288000000, 66.23712000000, 15.84192000000, 0, 0
7.92392000000, 74.15216000000, -7.92392000000, 23.77176000000, 66.22824000000, 15.84784000000, 0, 0
7.92688000000, 74.14624000000, -7.92688000000, 23.78064000000, 66.21936000000, 15.85376000000, 0, 0
7.92984000000, 74.14032000000, -7.92984000000, 23.78952000000, 66.21048000000, 15.85968000000, 0, 0
7.93280000000, 74.13440000000, -7.93280000000, 23.79840000000, 66.20160000000, 15.86560000000, 0, 0
7.93576000000, 74.12848000000, -7.93576000000, 23.80728000000, 66.19272000000, 15.87152000000, 0, 0
7.93872000000, 74.12256000000, -7.93872000000, 23.81616000000, 66.18384000000, 15.87744000000, 0, 0
7.94168000000, 74.11664000000, -7.94168000000, 23.82504000000, 66.17496000000, 15.88336000000, 0, 0
7.94464000000, 74.11072000000, -7.94464000000, 23.83392000000, 66.16608000000, 15.88928000000, 0, 0
7.94760000000, 74.10480000000, -7.94760000000, 23.84280000000, 66.15720000000, 15.89520000000, 0, 0
7.95056000000, 74.09888000000, -7.95056000000, 23.85168000000, 66.14832000000, 15.90112000000, 0, 0
7.95352000000, 74.09296000000, -7.95352000000, 23.86056000000, 66.13944000000, 15.90704000000, 0, 0
7.95648000000, 74.08704000000, -7.95648000000, 23.86944000000, 66.13056000000, 15.91296000000, 0, 0
7.95944000000, 74.08112000000, -7.95944000000, 23.87832000000, 66.12168000000, 15.91888000000, 0, 0
7.96240000000, 74.07520000000, -7.96240000000, 23.88720000000, 66.11280000000, 15.92480000000, 0, 0
7.96536000000, 74.06928000000, -7.96536000000, 23.89608000000, 66.10392000000, 15.93072000000, 0, 0
7.96832000000, 74.06336000000, -7.96832000000, 23.90496000000, 66.09504000000, 15.93664000000, 0, 0
7.97128000000, 74.05744000000, -7.97128000000, 23.91384000000, 66.08616000000, 15.94256000000, 0, 0
7.97424000000, 74.05152000000, -7.97424000000, 23.92272000000, 66.07728000000, 15.94848000000, 0, 0
7.97720000000, 74.04560000000, -7.97720000000, 23.93160000000, 66.06840000000, 15.95440000000, 0, 0
7.98016000000, 74.03968000000, -7.98016000000, 23.94048000000, 66.05952000000, 15.96032000000, 0, 0
7.98312000000, 74.03376000000, -7.98312000000, 23.94936000000, 66.05064000000, 15.96624000000, 0, 0
7.98608000000, 74.02784000000, -7.98608000000, 23.95824000000, 66.04176000000, 15.97216000000, 0, 0
7.98904000000, 74.02192000000, -7.98904000000, 23.96712000000, 66.03288000000, 15.97808000000, 0, 0
7.99200000000, 74.01600000000, -7.99200000000, 23.97600000000, 66.02400000000, 15.98400000000, 0, 0
7.99496000000, 74.01008000000, -7.99496000000, 23.98488000000, 66.01512000000, 15.98992000000, 0, 0
7.99792000000, 74.00416000000, -7.99792000000, 23.99376000000, 66.00624000000, 15.99584000000, 0, 0
8.00088000000, 73.99824000000, -8.00088000000, 24.00264000000, 65.99736000000, 16.00176000000, 0, 0
8.00384000000, 73.99232000000, -8.00384000000, 24.01152000000, 65.98848000000, 16.00768000000, 0, 0
8.00680000000, 73.98640000000, -8.00680000000, 24.02040000000, 65.97960000000, 16.01360000000, 0, 0
8.00976000000, 73.98048000000, -8.00976000000, 24.02928000000, 65.97072000000, 16.01952000000, 0, 0
8.01272000000, 73.97456000000, -8.01272000000, 24.03816000000, 65.96184000000, 16.02544000000, 0, 0
8.01568000000, 73.96864000000, -8.01568000000, 24.04704000000, 65.95296000000, 16.03136000000, 0, 0
8.01864000000, 73.96272000000, -8.01864000000, 24.05592000000, 65.94408000000, 16.03728000000, 0, 0
8.02160000000, 73.95680000000, -8.02160000000, 24.06480000000, 65.93520000000, 16.04320000000, 0, 0
8.02456000000, 73.95088000000, -8.02456000000, 24.07368000000, 65.92632000000, 16.04912000000, 0, 0
8.02752000000, 73.94496000000, -8.02752000000, 24.08256000000, 65.91744000000, 16.05504000000, 0, 0
8.03048000000, 73.93904000000, -8.03048000000, 24.09144000000, 65.90856000000, 16.06096000000, 0, 0
8.03344000000, 73.93312000000, -8.03344000000, 24.10032000000, 65.89968000000, 16.06688000000, 0, 0
8.03640000000, 73.92720000000, -8.03640000000, 24.10920000000, 65.89080000000, 16.07280000000, 0, 0
8.03936000000, 73.92128000000, -8.03936000000, 24.11808000000, 65.88192000000, 16.07872000000, 0, 0
8.04232000000, 73.91536000000, -8.04232000000, 24.12696000000, 65.87304000000, 16.08464000000, 0, 0
8.04528000000, 73.90944000000, -8.04528000000, 24.13584000000, 65.86416000000, 16.09056000000, 0, 0
8.04824000000, 73.90352000000, -8.04824000000, 24.14472000000, 65.85528000000, 16.09648000000, 0, 0
8.05120000000, 73.89760000000, -8.05120000000, 24.15360000000, 65.84640000000, 16.10240000000, 0, 0
8.05416000000, 73.89168000000, -8.05416000000, 24.16248000000, 65.83752000000, 16.10832000000, 0, 0
8.05712000000, 73.88576000000, -8.05712000000, 24.17136000000, 65.82864000000, 16.11424000000, 0, 0
8.06008000000, 73.87984000000, -8.06008000000, 24.18024000000, 65.81976000000, 16.12016000000, 0, 0
8.06304000000, 73.87392000000, -8.06304000000, 24.18912000000, 65.81088000000, 16.12608000000, 0, 0
8.06600000000, 73.86800000000, -8.06600000000, 24.19800000000, 65.80200000000, 16.13200000000, 0, 0
8.06896000000, 73.86208000000, -8.06896000000, 24.20688000000, 65.79312000000, 16.13792000000, 0, 0
8.07192000000, 73.85616000000, -8.07192000000, 24.21576000000, 65.78424000000, 16.14384000000, 0, 0
8.07488000000, 73.85024000000, -8.07488000000, 24.22464000000, 65.77536000000, 16.14976000000, 0, 0
8.07784000000, 73.84432000000, -8.07784000000, 24.23352000000, 65.76648000000, 16.15568000000, 0, 0
8.08080000000, 73.83840000000, -8.08080000000, 24.24240000000, 65.75760000000, 16.16160000000, 0, 0
8.08376000000, 73.83248000000, -8.08376000000, 24.25128000000, 65.74872000000, 16.16752000000, 0, 0
8.08672000000, 73.82656000000, -8.08672000000, 24.26016000000, 65.73984000000, 16.17344000000, 0, 0
8.08968000000, 73.82064000000, -8.08968000000, 24.26904000000, 65.73096000000, 16.17936000000, 0, 0
8.09264000000, 73.81472000000, -8.09264000000, 24.27792000000, 65.72208000000, 16.18528000000, 0, 0
8.09560000000, 73.80880000000, -8.09560000000, 24.28680000000, 65.71320000000, 16.19120000000, 0, 0
8.09856000000, 73.80288000000, -8.09856000000, 24.29568000000, 65.70432000000, 16.19712000000, 0, 0
8.10152000000, 73.79696000000, -8.10152000000, 24.30456000000, 65.69544000000, 16.20304000000, 0, 0
8.10448000000, 73.79104000000, -8.10448000000, 24.31344000000, 65.68656000000, 16.20896000000, 0, 0
8.10744000000, 73.78512000000, -8.10744000000, 24.32232000000, 65.67768000000, 16.21488000000, 0, 0
8.11040000000, 73.77920000000, -8.11040000000, 24.33120000000, 65.66880000000, 16.22080000000, 0, 0
8.11336000000, 73.77328000000, -8.11336000000, 24.34008000000, 65.65992000000, 16.22672000000, 0, 0
8.11632000000, 73.76736000000, -8.11632000000, 24.34896000000, 65.65104000000, 16.23264000000, 0, 0
8.11928000000, 73.76144000000, -8.11928000000, 24.35784000000, 65.64216000000, 16.23856000000, 0, 0
8.12224000000, 73.75552000000, -8.12224000000, 24.36672000000, 65.63328000000, 16.24448000000, 0, 0
8.12520000000, 73.74960000000, -8.12520000000, 24.37560000000, 65.62440000000, 16.25040000000, 0, 0
8.12816000000, 73.74368000000, -8.12816000000, 24.38448000000, 65.61552000000, 16.25632000000, 0, 0
8.13112000000, 73.73776000000, -8.13112000000, 24.39336000000, 65.60664000000, 16.26224000000, 0, 0
8.13408000000, 73.73184000000, -8.13408000000, 24.40224000000, 65.59776000000, 16.26816000000, 0, 0
8.13704000000, 73.72592000000, -8.13704000000, 24.41112000000, 65.58888000000, 16.27408000000, 0, 0
8.14000000000, 73.72000000000, -8.14000000000, 24.42000000000, 65.58000000000, 16.28000000000, 0, 0
8.14296000000, 73.71408000000, -8.14296000000, 24.42888000000, 65.57112000000, 16.28592000000, 0, 0
8.14592000000, 73.70816000000, -8.14592000000, 24.43776000000, 65.56224000000, 16.29184000000, 0, 0
8.14888000000, 73.70224000000, -8.14888000000, 24.44664000000, 65.55336000000, 16.29776000000, 0, 0
8.15184000000, 73.69632000000, -8.15184000000, 24.45552000000, 65.54448000000, 16.30368000000, 0, 0
8.15480000000, 73.69040000000, -8.15480000000, 24.46440000000, 65.53560000000, 16.30960000000, 0, 0
8.15776000000, 73.68448000000, -8.15776000000, 24.47328000000, 65.52672000000, 16.31552000000, 0, 0
8.16072000000, 73.67856000000, -8.16072000000, 24.48216000000, 65.51784000000, 16.32144000000, 0, 0
8.16368000000, 73.67264000000, -8.16368000000, 24.49104000000, 65.50896000000, 16.32736000000, 0, 0
8.16664000000, 73.66672000000, -8.16664000000, 24.49992000000, 65.50008000000, 16.33328000000, 0, 0
8.16960000000, 73.66080000000, -8.16960000000, 24.50880000000, 65.49120000000, 16.33920000000, 0, 0
8.17256000000, 73.65488000000, -8.17256000000, 24.51768000000, 65.48232000000, 16.34512000000, 0, 0
8.17552000000, 73.64896000000, -8.17552000000, 24.52656000000, 65.47344000000, 16.35104000000, 0, 0
8.17848000000, 73.64304000000, -8.17848000000, 24.53544000000, 65.46456000000, 16.35696000000, 0, 0
8.18144000000, 73.63712000000, -8.18144000000, 24.54432000000, 65.45568000000, 16.36288000000, 0, 0
8.18440000000, 73.63120000000, -8.18440000000, 24.55320000000, 65.44680000000, 16.36880000000, 0, 0
8.18736000000, 73.62528000000, -8.18736000000, 24.56208000000, 65.43792000000, 16.37472000000, 0, 0
8.19032000000, 73.61936000000, -8.19032000000, 24.57096000000, 65.42904000000, 16.38064000000, 0, 0
8.19328000000, 73.61344000000, -8.19328000000, 24.57984000000, 65.42016000000, 16.38656000000, 0, 0
8.19624000000, 73.60752000000, -8.19624000000, 24.58872000000, 65.41128000000, 16.39248000000, 0, 0
8.19920000000, 73.60160000000, -8.19920000000, 24.59760000000, 65.40240000000, 16.39840000000, 0, 0
8.20216000000, 73.59568000000, -8.20216000000, 24.60648000000, 65.39352000000, 16.40432000000, 0, 0
8.20512000000, 73.58976000000, -8.20512000000, 24.61536000000, 65.38464000000, 16.41024000000, 0, 0
8.20808000000, 73.58384000000, -8.20808000000, 24.62424000000, 65.37576000000, 16.41616000000, 0, 0
8.21104000000, 73.57792000000, -8.21104000000, 24.63312000000, 65.36688000000, 16.42208000000, 0, 0
8.21400000000, 73.57200000000, -8.21400000000, 24.64200000000, 65.35800000000, 16.42800000000, 0, 0
8.21696000000, 73.56608000000, -8.21696000000, 24.65088000000, 65.34912000000, 16.43392000000, 0, 0
8.21992000000, 73.56016000000, -8.21992000000, 24.65976000000, 65.34024000000, 16.43984000000, 0, 0
8.22288000000, 73.55424000000, -8.22288000000, 24.66864000000, 65.33136000000, 16.44576000000, 0, 0
8.22584000000, 73.54832000000, -8.22584000000, 24.67752000000, 65.32248000000, 16.45168000000, 0, 0
8.22880000000, 73.54240000000, -8.22880000000, 24.68640000000, 65.31360000000, 16.45760000000, 0, 0
8.23176000000, 73.53648000000, -8.23176000000, 24.69528000000, 65.30472000000, 16.46352000000, 0, 0
8.23472000000, 73.53056000000, -8.23472000000, 24.70416000000, 65.29584000000, 16.46944000000, 0, 0
8.23768000000, 73.52464000000, -8.23768000000, 24.71304000000, 65.28696000000, 16.47536000000, 0, 0
8.24064000000, 73.51872000000, -8.24064000000, 24.72192000000, 65.27808000000, 16.48128000000, 0, 0
8.24360000000, 73.51280000000, -8.24360000000, 24.73080000000, 65.26920000000, 16.48720000000, 0, 0
8.24656000000, 73.50688000000, -8.24656000000, 24.73968000000, 65.26032000000, 16.49312000000, 0, 0
8.24952000000, 73.50096000000, -8.24952000000, 24.74856000000, 65.25144000000, 16.49904000000, 0, 0
8.25248000000, 73.49504000000, -8.25248000000, 24.75744000000, 65.24256000000, 16.50496000000, 0, 0
8.25544000000, 73.48912000000, -8.25544000000, 24.76632000000, 65.23368000000, 16.51088000000, 0, 0
8.25840000000, 73.48320000000, -8.25840000000, 24.77520000000, 65.22480000000, 16.51680000000, 0, 0
8.26136000000, 73.47728000000, -8.26136000000, 24.78408000000, 65.21592000000, 16.52272000000, 0, 0
8.26432000000, 73.47136000000, -8.26432000000, 24.79296000000, 65.20704000000, 16.52864000000, 0, 0
8.26728000000, 73.46544000000, -8.26728000000, 24.80184000000, 65.19816000000, 16.53456000000, 0, 0
8.27024000000, 73.45952000000, -8.27024000000, 24.81072000000, 65.18928000000, 16.54048000000, 0, 0
8.27320000000, 73.45360000000, -8.27320000000, 24.81960000000, 65.18040000000, 16.54640000000, 0, 0
8.27616000000, 73.44768000000, -8.27616000000, 24.82848000000, 65.17152000000, 16.55232000000, 0, 0
8.27912000000, 73.44176000000, -8.27912000000, 24.83736000000, 65.16264000000, 16.55824000000, 0, 0
8.28208000000, 73.43584000000, -8.28208000000, 24.84624000000, 65.15376000000, 16.56416000000, 0, 0
8.28504000000, 73.42992000000, -8.28504000000, 24.85512000000, 65.14488000000, 16.57008000000, 0, 0
8.28800000000, 73.42400000000, -8.28800000000, 24.86400000000, 65.13600000000, 16.57600000000, 0, 0
8.29096000000, 73.41808000000, -8.29096000000, 24.87288000000, 65.12712000000, 16.58192000000, 0, 0
8.29392000000, 73.41216000000, -8.29392000000, 24.88176000000, 65.11824000000, 16.58784000000, 0, 0
8.29688000000, 73.40624000000, -8.29688000000, 24.89064000000, 65.10936000000, 16.59376000000, 0, 0
8.29984000000, 73.40032000000, -8.29984000000, 24.89952000000, 65.10048000000, 16.59968000000, 0, 0
8.30280000000, 73.39440000000, -8.30280000000, 24.90840000000, 65.09160000000, 16.60560000000, 0, 0
8.30576000000, 73.38848000000, -8.30576000000, 24.91728000000, 65.08272000000, 16.61152000000, 0, 0
8.30872000000, 73.38256000000, -8.30872000000, 24.92616000000, 65.07384000000, 16.61744000000, 0, 0
8.31168000000, 73.37664000000, -8.31168000000, 24.93504000000, 65.06496000000, 16.62336000000, 0, 0
8.31464000000, 73.37072000000, -8.31464000000, 24.94392000000, 65.05608000000, 16.62928000000, 0, 0
8.31760000000, 73.36480000000, -8.31760000000, 24.95280000000, 65.04720000000, 16.63520000000, 0, 0
8.32056000000, 73.35888000000, -8.32056000000, 24.96168000000, 65.03832000000, 16.64112000000, 0, 0
8.32352000000, 73.35296000000, -8.32352000000, 24.97056000000, 65.02944000000, 16.64704000000, 0, 0
8.32648000000, 73.34704000000, -8.32648000000, 24.97944000000, 65.02056000000, 16.65296000000, 0, 0
8.32944000000, 73.34112000000, -8.32944000000, 24.98832000000, 65.01168000000, 16.65888000000, 0, 0
8.33240000000, 73.33520000000, -8.33240000000, 24.99720000000, 65.00280000000, 16.66480000000, 0, 0
8.33536000000, 73.32928000000, -8.33536000000, 25.00608000000, 64.99392000000, 16.67072000000, 0, 0
8.33832000000, 73.32336000000, -8.33832000000, 25.01496000000, 64.98504000000, 16.67664000000, 0, 0
8.34128000000, 73.31744000000, -8.34128000000, 25.02384000000, 64.97616000000, 16.68256000000, 0, 0
8.34424000000, 73.31152000000, -8.34424000000, 25.03272000000, 64.96728000000, 16.68848000000, 0, 0
8.34720000000, 73.30560000000, -8.34720000000, 25.04160000000, 64.95840000000, 16.69440000000, 0, 0
8.35016000000, 73.29968000000, -8.35016000000, 25.05048000000, 64.94952000000, 16.70032000000, 0, 0
8.35312000000, 73.29376000000, -8.35312000000, 25.05936000000, 64.94064000000, 16.70624000000, 0, 0
8.35608000000, 73.28784000000, -8.35608000000, 25.06824000000, 64.93176000000, 16.71216000000, 0, 0
8.35904000000, 73.28192000000, -8.35904000000, 25.07712000000, 64.92288000000, 16.71808000000, 0, 0
8.36200000000, 73.27600000000, -8.36200000000, 25.08600000000, 64.91400000000, 16.72400000000, 0, 0
8.36496000000, 73.27008000000, -8.36496000000, 25.09488000000, 64.90512000000, 16.72992000000, 0, 0
8.36792000000, 73.26416000000, -8.36792000000, 25.10376000000, 64.89624000000, 16.73584000000, 0, 0
8.37088000000, 73.25824000000, -8.37088000000, 25.11264000000, 64.88736000000, 16.74176000000, 0, 0
8.37384000000, 73.25232000000, -8.37384000000, 25.12152000000, 64.87848000000, 16.74768000000, 0, 0
8.37680000000, 73.24640000000, -8.37680000000, 25.13040000000, 64.86960000000, 16.75360000000, 0, 0
8.37976000000, 73.24048000000, -8.37976000000, 25.13928000000, 64.86072000000, 16.75952000000, 0, 0
8.38272000000, 73.23456000000, -8.38272000000, 25.14816000000, 64.85184000000, 16.76544000000, 0, 0
8.38568000000, 73.22864000000, -8.38568000000, 25.15704000000, 64.84296000000, 16.77136000000, 0, 0
8.38864000000, 73.22272000000, -8.38864000000, 25.16592000000, 64.83408000000, 16.77728000000, 0, 0
8.39160000000, 73.21680000000, -8.39160000000, 25.17480000000, 64.82520000000, 16.78320000000, 0, 0
8.39456000000, 73.21088000000, -8.39456000000, 25.18368000000, 64.81632000000, 16.78912000000, 0, 0
8.39752000000, 73.20496000000, -8.39752000000, 25.19256000000, 64.80744000000, 16.79504000000, 0, 0
8.40048000000, 73.19904000000, -8.40048000000, 25.20144000000, 64.79856000000, 16.80096000000, 0, 0
8.40344000000, 73.19312000000, -8.40344000000, 25.21032000000, 64.78968000000, 16.80688000000, 0, 0
8.40640000000, 73.18720000000, -8.40640000000, 25.21920000000, 64.78080000000, 16.81280000000, 0, 0
8.40936000000, 73.18128000000, -8.40936000000, 25.22808000000, 64.77192000000, 16.81872000000, 0, 0
8.41232000000, 73.17536000000, -8.41232000000, 25.23696000000, 64.76304000000, 16.82464000000, 0, 0
8.41528000000, 73.16944000000, -8.41528000000, 25.24584000000, 64.75416000000, 16.83056000000, 0, 0
8.41824000000, 73.16352000000, -8.41824000000, 25.25472000000, 64.74528000000, 16.83648000000, 0, 0
8.42120000000, 73.15760000000, -8.42120000000, 25.26360000000, 64.73640000000, 16.84240000000, 0, 0
8.42416000000, 73.15168000000, -8.42416000000, 25.27248000000, 64.72752000000, 16.84832000000, 0, 0
8.42712000000, 73.14576000000, -8.42712000000, 25.28136000000, 64.71864000000, 16.85424000000, 0, 0
8.43008000000, 73.13984000000, -8.43008000000, 25.29024000000, 64.70976000000, 16.86016000000, 0, 0
8.43304000000, 73.13392000000, -8.43304000000, 25.29912000000, 64.70088000000, 16.86608000000, 0, 0
8.43600000000, 73.12800000000, -8.43600000000, 25.30800000000, 64.69200000000, 16.87200000000, 0, 0
8.43896000000, 73.12208000000, -8.43896000000, 25.31688000000, 64.68312000000, 16.87792000000, 0, 0
8.44192000000, 73.11616000000, -8.44192000000, 25.32576000000, 64.67424000000, 16.88384000000, 0, 0
8.44488000000, 73.11024000000, -8.44488000000, 25.33464000000, 64.66536000000, 16.88976000000, 0, 0
8.44784000000, 73.10432000000, -8.44784000000, 25.34352000000, 64.65648000000, 16.89568000000, 0, 0
8.45080000000, 73.09840000000, -8.45080000000, 25.35240000000, 64.64760000000, 16.90160000000, 0, 0
8.45376000000, 73.09248000000, -8.45376000000, 25.36128000000, 64.63872000000, 16.90752000000, 0, 0
8.45672000000, 73.08656000000, -8.45672000000, 25.37016000000, 64.62984000000, 16.91344000000, 0, 0
8.45968000000, 73.08064000000, -8.45968000000, 25.37904000000, 64.62096000000, 16.91936000000, 0, 0
8.46264000000, 73.07472000000, -8.46264000000, 25.38792000000, 64.61208000000, 16.92528000000, 0, 0
8.46560000000, 73.06880000000, -8.46560000000, 25.39680000000, 64.60320000000, 16.93120000000, 0, 0
8.46856000000, 73.06288000000, -8.46856000000, 25.40568000000, 64.59432000000, 16.93712000000, 0, 0
8.47152000000, 73.05696000000, -8.47152000000, 25.41456000000, 64.58544000000, 16.94304000000, 0, 0
8.47448000000, 73.05104000000, -8.47448000000, 25.42344000000, 64.57656000000, 16.94896000000, 0, 0
8.47744000000, 73.04512000000, -8.47744000000, 25.43232000000, 64.56768000000, 16.95488000000, 0, 0
8.48040000000, 73.03920000000, -8.48040000000, 25.44120000000, 64.55880000000, 16.96080000000, 0, 0
8.48336000000, 73.03328000000, -8.48336000000, 25.45008000000, 64.54992000000, 16.96672000000, 0, 0
8.48632000000, 73.02736000000, -8.48632000000, 25.45896000000, 64.54104000000, 16.97264000000, 0, 0
8.48928000000, 73.02144000000, -8.48928000000, 25.46784000000, 64.53216000000, 16.97856000000, 0, 0
8.49224000000, 73.01552000000, -8.49224000000, 25.47672000000, 64.52328000000, 16.98448000000, 0, 0
8.49520000000, 73.00960000000, -8.49520000000, 25.48560000000, 64.51440000000, 16.99040000000, 0, 0
8.49816000000, 73.00368000000, -8.49816000000, 25.49448000000, 64.50552000000, 16.99632000000, 0, 0
8.50112000000, 72.99776000000, -8.50112000000, 25.50336000000, 64.49664000000, 17.00224000000, 0, 0
8.50408000000, 72.99184000000, -8.50408000000, 25.51224000000, 64.48776000000, 17.00816000000, 0, 0
8.50704000000, 72.98592000000, -8.50704000000, 25.52112000000, 64.47888000000, 17.01408000000, 0, 0
8.51000000000, 72.98000000000, -8.51000000000, 25.53000000000, 64.47000000000, 17.02000000000, 0, 0
8.51296000000, 72.97408000000, -8.51296000000, 25.53888000000, 64.46112000000, 17.02592000000, 0, 0
8.51592000000, 72.96816000000, -8.51592000000, 25.54776000000, 64.45224000000, 17.03184000000, 0, 0
8.51888000000, 72.96224000000, -8.51888000000, 25.55664000000, 64.44336000000, 17.03776000000, 0, 0
8.52184000000, 72.95632000000, -8.52184000000, 25.56552000000, 64.43448000000, 17.04368000000, 0, 0
8.52480000000, 72.95040000000, -8.52480000000, 25.57440000000, 64.42560000000, 17.04960000000, 0, 0
8.52776000000, 72.94448000000, -8.52776000000, 25.58328000000, 64.41672000000, 17.05552000000, 0, 0
8.53072000000, 72.93856000000, -8.53072000000, 25.59216000000, 64.40784000000, 17.06144000000, 0, 0
8.53368000000, 72.93264000000, -8.53368000000, 25.60104000000, 64.39896000000, 17.06736000000, 0, 0
8.53664000000, 72.92672000000, -8.53664000000, 25.60992000000, 64.39008000000, 17.07328000000, 0, 0
8.53960000000, 72.92080000000, -8.53960000000, 25.61880000000, 64.38120000000, 17.07920000000, 0, 0
8.54256000000, 72.91488000000, -8.54256000000, 25.62768000000, 64.37232000000, 17.08512000000, 0, 0
8.54552000000, 72.90896000000, -8.54552000000, 25.63656000000, 64.36344000000, 17.09104000000, 0, 0
8.54848000000, 72.90304000000, -8.54848000000, 25.64544000000, 64.35456000000, 17.09696000000, 0, 0
8.55144000000, 72.89712000000, -8.55144000000, 25.65432000000, 64.34568000000, 17.10288000000, 0, 0
8.55440000000, 72.89120000000, -8.55440000000, 25.66320000000, 64.33680000000, 17.10880000000, 0, 0
8.55736000000, 72.88528000000, -8.55736000000, 25.67208000000, 64.32792000000, 17.11472000000, 0, 0
8.56032000000, 72.87936000000, -8.56032000000, 25.68096000000, 64.31904000000, 17.12064000000, 0, 0
8.56328000000, 72.87344000000, -8.56328000000, 25.68984000000, 64.31016000000, 17.12656000000, 0, 0
8.56624000000, 72.86752000000, -8.56624000000, 25.69872000000, 64.30128000000, 17.13248000000, 0, 0
8.56920000000, 72.86160000000, -8.56920000000, 25.70760000000, 64.29240000000, 17.13840000000, 0, 0
8.57216000000, 72.85568000000, -8.57216000000, 25.71648000000, 64.28352000000, 17.14432000000, 0, 0
8.57512000000, 72.84976000000, -8.57512000000, 25.72536000000, 64.27464000000, 17.15024000000, 0, 0
8.57808000000, 72.84384000000, -8.57808000000, 25.73424000000, 64.26576000000, 17.15616000000, 0, 0
8.58104000000, 72.83792000000, -8.58104000000, 25.74312000000, 64.25688000000, 17.16208000000, 0, 0
8.58400000000, 72.83200000000, -8.58400000000, 25.75200000000, 64.24800000000, 17.16800000000, 0, 0
8.58696000000, 72.82608000000, -8.58696000000, 25.76088000000, 64.23912000000, 17.17392000000, 0, 0
8.58992000000, 72.82016000000, -8.58992000000, 25.76976000000, 64.23024000000, 17.17984000000, 0, 0
8.59288000000, 72.81424000000, -8.59288000000, 25.77864000000, 64.22136000000, 17.18576000000, 0, 0
8.59584000000, 72.80832000000, -8.59584000000, 25.78752000000, 64.21248000000, 17.19168000000, 0, 0
8.59880000000, 72.80240000000, -8.59880000000, 25.79640000000, 64.20360000000, 17.19760000000, 0, 0
8.60176000000, 72.79648000000, -8.60176000000, 25.80528000000, 64.19472000000, 17.20352000000, 0, 0
8.60472000000, 72.79056000000, -8.60472000000, 25.81416000000, 64.18584000000, 17.20944000000, 0, 0
8.60768000000, 72.78464000000, -8.60768000000, 25.82304000000, 64.17696000000, 17.21536000000, 0, 0
8.61064000000, 72.77872000000, -8.61064000000, 25.83192000000, 64.16808000000, 17.22128000000, 0, 0
8.61360000000, 72.77280000000, -8.61360000000, 25.84080000000, 64.15920000000, 17.22720000000, 0, 0
8.61656000000, 72.76688000000, -8.61656000000, 25.84968000000, 64.15032000000, 17.23312000000, 0, 0
8.61952000000, 72.76096000000, -8.61952000000, 25.85856000000, 64.14144000000, 17.23904000000, 0, 0
8.62248000000, 72.75504000000, -8.62248000000, 25.86744000000, 64.13256000000, 17.24496000000, 0, 0
8.62544000000, 72.74912000000, -8.62544000000, 25.87632000000, 64.12368000000, 17.25088000000, 0, 0
8.62840000000, 72.74320000000, -8.62840000000, 25.88520000000, 64.11480000000, 17.25680000000, 0, 0
8.63136000000, 72.73728000000, -8.63136000000, 25.89408000000, 64.10592000000, 17.26272000000, 0, 0
8.63432000000, 72.73136000000, -8.63432000000, 25.90296000000, 64.09704000000, 17.26864000000, 0, 0
8.63728000000, 72.72544000000, -8.63728000000, 25.91184000000, 64.08816000000, 17.27456000000, 0, 0
8.64024000000, 72.71952000000, -8.64024000000, 25.92072000000, 64.07928000000, 17.28048000000, 0, 0
8.64320000000, 72.71360000000, -8.64320000000, 25.92960000000, 64.07040000000, 17.28640000000, 0, 0
8.64616000000, 72.70768000000, -8.64616000000, 25.93848000000, 64.06152000000, 17.29232000000, 0, 0
8.64912000000, 72.70176000000, -8.64912000000, 25.94736000000, 64.05264000000, 17.29824000000, 0, 0
8.65208000000, 72.69584000000, -8.65208000000, 25.95624000000, 64.04376000000, 17.30416000000, 0, 0
8.65504000000, 72.68992000000, -8.65504000000, 25.96512000000, 64.03488000000, 17.31008000000, 0, 0
8.65800000000, 72.68400000000, -8.65800000000, 25.97400000000, 64.02600000000, 17.31600000000, 0, 0
8.66096000000, 72.67808000000, -8.66096000000, 25.98288000000, 64.01712000000, 17.32192000000, 0, 0
8.66392000000, 72.67216000000, -8.66392000000, 25.99176000000, 64.00824000000, 17.32784000000, 0, 0
8.66688000000, 72.66624000000, -8.66688000000, 26.00064000000, 63.99936000000, 17.33376000000, 0, 0
8.66984000000, 72.66032000000, -8.66984000000, 26.00952000000, 63.99048000000, 17.33968000000, 0, 0
8.67280000000, 72.65440000000, -8.67280000000, 26.01840000000, 63.98160000000, 17.34560000000, 0, 0
8.67576000000, 72.64848000000, -8.67576000000, 26.02728000000, 63.97272000000, 17.35152000000, 0, 0
8.67872000000, 72.64256000000, -8.67872000000, 26.03616000000, 63.96384000000, 17.35744000000, 0, 0
8.68168000000, 72.63664000000, -8.68168000000, 26.04504000000, 63.95496000000, 17.36336000000, 0, 0
8.68464000000, 72.63072000000, -8.68464000000, 26.05392000000, 63.94608000000, 17.36928000000, 0, 0
8.68760000000, 72.62480000000, -8.68760000000, 26.06280000000, 63.93720000000, 17.37520000000, 0, 0
8.69056000000, 72.61888000000, -8.69056000000, 26.07168000000, 63.92832000000, 17.38112000000, 0, 0
8.69352000000, 72.61296000000, -8.69352000000, 26.08056000000, 63.91944000000, 17.38704000000, 0, 0
8.69648000000, 72.60704000000, -8.69648000000, 26.08944000000, 63.91056000000, 17.39296000000, 0, 0
8.69944000000, 72.60112000000, -8.69944000000, 26.09832000000, 63.90168000000, 17.39888000000, 0, 0
8.70240000000, 72.59520000000, -8.70240000000, 26.10720000000, 63.89280000000, 17.40480000000, 0, 0
8.70536000000, 72.58928000000, -8.70536000000, 26.11608000000, 63.88392000000, 17.41072000000, 0, 0
8.70832000000, 72.58336000000, -8.70832000000, 26.12496000000, 63.87504000000, 17.41664000000, 0, 0
8.71128000000, 72.57744000000, -8.71128000000, 26.13384000000, 63.86616000000, 17.42256000000, 0, 0
8.71424000000, 72.57152000000, -8.71424000000, 26.14272000000, 63.85728000000, 17.42848000000, 0, 0
8.71720000000, 72.56560000000, -8.71720000000, 26.15160000000, 63.84840000000, 17.43440000000, 0, 0
8.72016000000, 72.55968000000, -8.72016000000, 26.16048000000, 63.83952000000, 17.44032000000, 0, 0
8.72312000000, 72.55376000000, -8.72312000000, 26.16936000000, 63.83064000000, 17.44624000000, 0, 0
8.72608000000, 72.54784000000, -8.72608000000, 26.17824000000, 63.82176000000, 17.45216000000, 0, 0
8.72904000000, 72.54192000000, -8.72904000000, 26.18712000000, 63.81288000000, 17.45808000000, 0, 0
8.73200000000, 72.53600000000, -8.73200000000, 26.19600000000, 63.80400000000, 17.46400000000, 0, 0
8.73496000000, 72.53008000000, -8.73496000000, 26.20488000000, 63.79512000000, 17.46992000000, 0, 0
8.73792000000, 72.52416000000, -8.73792000000, 26.21376000000, 63.78624000000, 17.47584000000, 0, 0
8.74088000000, 72.51824000000, -8.74088000000, 26.22264000000, 63.77736000000, 17.48176000000, 0, 0
8.74384000000, 72.51232000000, -8.74384000000, 26.23152000000, 63.76848000000, 17.48768000000, 0, 0
8.74680000000, 72.50640000000, -8.74680000000, 26.24040000000, 63.75960000000, 17.49360000000, 0, 0
8.74976000000, 72.50048000000, -8.74976000000, 26.24928000000, 63.75072000000, 17.49952000000, 0, 0
8.75272000000, 72.49456000000, -8.75272000000, 26.25816000000, 63.74184000000, 17.50544000000, 0, 0
8.75568000000, 72.48864000000, -8.75568000000, 26.26704000000, 63.73296000000, 17.51136000000, 0, 0
8.75864000000, 72.48272000000, -8.75864000000, 26.27592000000, 63.72408000000, 17.51728000000, 0, 0
8.76160000000, 72.47680000000, -8.76160000000, 26.28480000000, 63.71520000000, 17.52320000000, 0, 0
8.76456000000, 72.47088000000, -8.76456000000, 26.29368000000, 63.70632000000, 17.52912000000, 0, 0
8.76752000000, 72.46496000000, -8.76752000000, 26.30256000000, 63.69744000000, 17.53504000000, 0, 0
8.77048000000, 72.45904000000, -8.77048000000, 26.31144000000, 63.68856000000, 17.54096000000, 0, 0
8.77344000000, 72.45312000000, -8.77344000000, 26.32032000000, 63.67968000000, 17.54688000000, 0, 0
8.77640000000, 72.44720000000, -8.77640000000, 26.32920000000, 63.67080000000, 17.55280000000, 0, 0
8.77936000000, 72.44128000000, -8.77936000000, 26.33808000000, 63.66192000000, 17.55872000000, 0, 0
8.78232000000, 72.43536000000, -8.78232000000, 26.34696000000, 63.65304000000, 17.56464000000, 0, 0
8.78528000000, 72.42944000000, -8.78528000000, 26.35584000000, 63.64416000000, 17.57056000000, 0, 0
8.78824000000, 72.42352000000, -8.78824000000, 26.36472000000, 63.63528000000, 17.57648000000, 0, 0
8.79120000000, 72.41760000000, -8.79120000000, 26.37360000000, 63.62640000000, 17.58240000000, 0, 0
8.79416000000, 72.41168000000, -8.79416000000, 26.38248000000, 63.61752000000, 17.58832000000, 0, 0
8.79712000000, 72.40576000000, -8.79712000000, 26.39136000000, 63.60864000000, 17.59424000000, 0, 0
8.80008000000, 72.39984000000, -8.80008000000, 26.40024000000, 63.59976000000, 17.60016000000, 0, 0
8.80304000000, 72.39392000000, -8.80304000000, 26.40912000000, 63.59088000000, 17.60608000000, 0, 0
8.80600000000, 72.38800000000, -8.80600000000, 26.41800000000, 63.58200000000, 17.61200000000, 0, 0
8.80896000000, 72.38208000000, -8.80896000000, 26.42688000000, 63.57312000000, 17.61792000000, 0, 0
8.81192000000, 72.37616000000, -8.81192000000, 26.43576000000, 63.56424000000, 17.62384000000, 0, 0
8.81488000000, 72.37024000000, -8.81488000000, 26.44464000000, 63.55536000000, 17.62976000000, 0, 0
8.81784000000, 72.36432000000, -8.81784000000, 26.45352000000, 63.54648000000, 17.63568000000, 0, 0
8.82080000000, 72.35840000000, -8.82080000000, 26.46240000000, 63.53760000000, 17.64160000000, 0, 0
8.82376000000, 72.35248000000, -8.82376000000, 26.47128000000, 63.52872000000, 17.64752000000, 0, 0
8.82672000000, 72.34656000000, -8.82672000000, 26.48016000000, 63.51984000000, 17.65344000000, 0, 0
8.82968000000, 72.34064000000, -8.82968000000, 26.48904000000, 63.51096000000, 17.65936000000, 0, 0
8.83264000000, 72.33472000000, -8.83264000000, 26.49792000000, 63.50208000000, 17.66528000000, 0, 0
8.83560000000, 72.32880000000, -8.83560000000, 26.50680000000, 63.49320000000, 17.67120000000, 0, 0
8.83856000000, 72.32288000000, -8.83856000000, 26.51568000000, 63.48432000000, 17.67712000000, 0, 0
8.84152000000, 72.31696000000, -8.84152000000, 26.52456000000, 63.47544000000, 17.68304000000, 0, 0
8.84448000000, 72.31104000000, -8.84448000000, 26.53344000000, 63.46656000000, 17.68896000000, 0, 0
8.84744000000, 72.30512000000, -8.84744000000, 26.54232000000, 63.45768000000, 17.69488000000, 0, 0
8.85040000000, 72.29920000000, -8.85040000000, 26.55120000000, 63.44880000000, 17.70080000000, 0, 0
8.85336000000, 72.29328000000, -8.85336000000, 26.56008000000, 63.43992000000, 17.70672000000, 0, 0
8.85632000000, 72.28736000000, -8.85632000000, 26.56896000000, 63.43104000000, 17.71264000000, 0, 0
8.85928000000, 72.28144000000, -8.85928000000, 26.57784000000, 63.42216000000, 17.71856000000, 0, 0
8.86224000000, 72.27552000000, -8.86224000000, 26.58672000000, 63.41328000000, 17.72448000000, 0, 0
8.86520000000, 72.26960000000, -8.86520000000, 26.59560000000, 63.40440000000, 17.73040000000, 0, 0
8.86816000000, 72.26368000000, -8.86816000000, 26.60448000000, 63.39552000000, 17.73632000000, 0, 0
8.87112000000, 72.25776000000, -8.87112000000, 26.61336000000, 63.38664000000, 17.74224000000, 0, 0
8.87408000000, 72.25184000000, -8.87408000000, 26.62224000000, 63.37776000000, 17.74816000000, 0, 0
8.87704000000, 72.24592000000, -8.87704000000, 26.63112000000, 63.36888000000, 17.75408000000, 0, 0
8.88000000000, 72.24000000000, -8.88000000000, 26.64000000000, 63.36000000000, 17.76000000000, 0, 0
8.88296000000, 72.23408000000, -8.88296000000, 26.64888000000, 63.35112000000, 17.76592000000, 0, 0
8.88592000000, 72.22816000000, -8.88592000000, 26.65776000000, 63.34224000000, 17.77184000000, 0, 0
8.88888000000, 72.22224000000, -8.88888000000, 26.66664000000, 63.33336000000, 17.77776000000, 0, 0
8.89184000000, 72.21632000000, -8.89184000000, 26.67552000000, 63.32448000000, 17.78368000000, 0, 0
8.89480000000, 72.21040000000, -8.89480000000, 26.68440000000, 63.31560000000, 17.78960000000, 0, 0
8.89776000000, 72.20448000000, -8.89776000000, 26.69328000000, 63.30672000000, 17.79552000000, 0, 0
8.90072000000, 72.19856000000, -8.90072000000, 26.70216000000, 63.29784000000, 17.80144000000, 0, 0
8.90368000000, 72.19264000000, -8.90368000000, 26.71104000000, 63.28896000000, 17.80736000000, 0, 0
8.90664000000, 72.18672000000, -8.90664000000, 26.71992000000, 63.28008000000, 17.81328000000, 0, 0
8.90960000000, 72.18080000000, -8.90960000000, 26.72880000000, 63.27120000000, 17.81920000000, 0, 0
8.91256000000, 72.17488000000, -8.91256000000, 26.73768000000, 63.26232000000, 17.82512000000, 0, 0
8.91552000000, 72.16896000000, -8.91552000000, 26.74656000000, 63.25344000000, 17.83104000000, 0, 0
8.91848000000, 72.16304000000, -8.91848000000, 26.75544000000, 63.24456000000, 17.83696000000, 0, 0
8.92144000000, 72.15712000000, -8.92144000000, 26.76432000000, 63.23568000000, 17.84288000000, 0, 0
8.92440000000, 72.15120000000, -8.92440000000, 26.77320000000, 63.22680000000, 17.84880000000, 0, 0
8.92736000000, 72.14528000000, -8.92736000000, 26.78208000000, 63.21792000000, 17.85472000000, 0, 0
8.93032000000, 72.13936000000, -8.93032000000, 26.79096000000, 63.20904000000, 17.86064000000, 0, 0
8.93328000000, 72.13344000000, -8.93328000000, 26.79984000000, 63.20016000000, 17.86656000000, 0, 0
8.93624000000, 72.12752000000, -8.93624000000, 26.80872000000, 63.19128000000, 17.87248000000, 0, 0
8.93920000000, 72.12160000000, -8.93920000000, 26.81760000000, 63.18240000000, 17.87840000000, 0, 0
8.94216000000, 72.11568000000, -8.94216000000, 26.82648000000, 63.17352000000, 17.88432000000, 0, 0
8.94512000000, 72.10976000000, -8.94512000000, 26.83536000000, 63.16464000000, 17.89024000000, 0, 0
8.94808000000, 72.10384000000, -8.94808000000, 26.84424000000, 63.15576000000, 17.89616000000, 0, 0
8.95104000000, 72.09792000000, -8.95104000000, 26.85312000000, 63.14688000000, 17.90208000000, 0, 0
8.95400000000, 72.09200000000, -8.95400000000, 26.86200000000, 63.13800000000, 17.90800000000, 0, 0
8.95696000000, 72.08608000000, -8.95696000000, 26.87088000000, 63.12912000000, 17.91392000000, 0, 0
8.95992000000, 72.08016000000, -8.95992000000, 26.87976000000, 63.12024000000, 17.91984000000, 0, 0
8.96288000000, 72.07424000000, -8.96288000000, 26.88864000000, 63.11136000000, 17.92576000000, 0, 0
8.96584000000, 72.06832000000, -8.96584000000, 26.89752000000, 63.10248000000, 17.93168000000, 0, 0
8.96880000000, 72.06240000000, -8.96880000000, 26.90640000000, 63.09360000000, 17.93760000000, 0, 0
8.97176000000, 72.05648000000, -8.97176000000, 26.91528000000, 63.08472000000, 17.94352000000, 0, 0
8.97472000000, 72.05056000000, -8.97472000000, 26.92416000000, 63.07584000000, 17.94944000000, 0, 0
8.97768000000, 72.04464000000, -8.97768000000, 26.93304000000, 63.06696000000, 17.95536000000, 0, 0
8.98064000000, 72.03872000000, -8.98064000000, 26.94192000000, 63.05808000000, 17.96128000000, 0, 0
8.98360000000, 72.03280000000, -8.98360000000, 26.95080000000, 63.04920000000, 17.96720000000, 0, 0
8.98656000000, 72.02688000000, -8.98656000000, 26.95968000000, 63.04032000000, 17.97312000000, 0, 0
8.98952000000, 72.02096000000, -8.98952000000, 26.96856000000, 63.03144000000, 17.97904000000, 0, 0
8.99248000000, 72.01504000000, -8.99248000000, 26.97744000000, 63.02256000000, 17.98496000000, 0, 0
8.99544000000, 72.00912000000, -8.99544000000, 26.98632000000, 63.01368000000, 17.99088000000, 0, 0
8.99840000000, 72.00320000000, -8.99840000000, 26.99520000000, 63.00480000000, 17.99680000000, 0, 0
9.00136000000, 71.99728000000, -9.00136000000, 27.00408000000, 62.99592000000, 18.00272000000, 0, 0
9.00432000000, 71.99136000000, -9.00432000000, 27.01296000000, 62.98704000000, 18.00864000000, 0, 0
9.00728000000, 71.98544000000, -9.00728000000, 27.02184000000, 62.97816000000, 18.01456000000, 0, 0
9.01024000000, 71.97952000000, -9.01024000000, 27.03072000000, 62.96928000000, 18.02048000000, 0, 0
9.01320000000, 71.97360000000, -9.01320000000, 27.03960000000, 62.96040000000, 18.02640000000, 0, 0
9.01616000000, 71.96768000000, -9.01616000000, 27.04848000000, 62.95152000000, 18.03232000000, 0, 0
9.01912000000, 71.96176000000, -9.01912000000, 27.05736000000, 62.94264000000, 18.03824000000, 0, 0
9.02208000000, 71.95584000000, -9.02208000000, 27.06624000000, 62.93376000000, 18.04416000000, 0, 0
9.02504000000, 71.94992000000, -9.02504000000, 27.07512000000, 62.92488000000, 18.05008000000, 0, 0
9.02800000000, 71.94400000000, -9.02800000000, 27.08400000000, 62.91600000000, 18.05600000000, 0, 0
9.03096000000, 71.93808000000, -9.03096000000, 27.09288000000, 62.90712000000, 18.06192000000, 0, 0
9.03392000000, 71.93216000000, -9.03392000000, 27.10176000000, 62.89824000000, 18.06784000000, 0, 0
9.03688000000, 71.92624000000, -9.03688000000, 27.11064000000, 62.88936000000, 18.07376000000, 0, 0
9.03984000000, 71.92032000000, -9.03984000000, 27.11952000000, 62.88048000000, 18.07968000000, 0, 0
9.04280000000, 71.91440000000, -9.04280000000, 27.12840000000, 62.87160000000, 18.08560000000, 0, 0
9.04576000000, 71.90848000000, -9.04576000000, 27.13728000000, 62.86272000000, 18.09152000000, 0, 0
9.04872000000, 71.90256000000, -9.04872000000, 27.14616000000, 62.85384000000, 18.09744000000, 0, 0
9.05168000000, 71.89664000000, -9.05168000000, 27.15504000000, 62.84496000000, 18.10336000000, 0, 0
9.05464000000, 71.89072000000, -9.05464000000, 27.16392000000, 62.83608000000, 18.10928000000, 0, 0
9.05760000000, 71.88480000000, -9.05760000000, 27.17280000000, 62.82720000000, 18.11520000000, 0, 0
9.06056000000, 71.87888000000, -9.06056000000, 27.18168000000, 62.81832000000, 18.12112000000, 0, 0
9.06352000000, 71.87296000000, -9.06352000000, 27.19056000000, 62.80944000000, 18.12704000000, 0, 0
9.06648000000, 71.86704000000, -9.06648000000, 27.19944000000, 62.80056000000, 18.13296000000, 0, 0
9.06944000000, 71.86112000000, -9.06944000000, 27.20832000000, 62.79168000000, 18.13888000000, 0, 0
9.07240000000, 71.85520000000, -9.07240000000, 27.21720000000, 62.78280000000, 18.14480000000, 0, 0
9.07536000000, 71.84928000000, -9.07536000000, 27.22608000000, 62.77392000000, 18.15072000000, 0, 0
9.07832000000, 71.84336000000, -9.07832000000, 27.23496000000, 62.76504000000, 18.15664000000, 0, 0
9.08128000000, 71.83744000000, -9.08128000000, 27.24384000000, 62.75616000000, 18.16256000000, 0, 0
9.08424000000, 71.83152000000, -9.08424000000, 27.25272000000, 62.74728000000, 18.16848000000, 0, 0
9.08720000000, 71.82560000000, -9.08720000000, 27.26160000000, 62.73840000000, 18.17440000000, 0, 0
9.09016000000, 71.81968000000, -9.09016000000, 27.27048000000, 62.72952000000, 18.18032000000, 0, 0
9.09312000000, 71.81376000000, -9.09312000000, 27.27936000000, 62.72064000000, 18.18624000000, 0, 0
9.09608000000, 71.80784000000, -9.09608000000, 27.28824000000, 62.71176000000, 18.19216000000, 0, 0
9.09904000000, 71.80192000000, -9.09904000000, 27.29712000000, 62.70288000000, 18.19808000000, 0, 0
9.10200000000, 71.79600000000, -9.10200000000, 27.30600000000, 62.69400000000, 18.20400000000, 0, 0
9.10496000000, 71.79008000000, -9.10496000000, 27.31488000000, 62.68512000000, 18.20992000000, 0, 0
9.10792000000, 71.78416000000, -9.10792000000, 27.32376000000, 62.67624000000, 18.21584000000, 0, 0
9.11088000000, 71.77824000000, -9.11088000000, 27.33264000000, 62.66736000000, 18.22176000000, 0, 0
9.11384000000, 71.77232000000, -9.11384000000, 27.34152000000, 62.65848000000, 18.22768000000, 0, 0
9.11680000000, 71.76640000000, -9.11680000000, 27.35040000000, 62.64960000000, 18.23360000000, 0, 0
9.11976000000, 71.76048000000, -9.11976000000, 27.35928000000, 62.64072000000, 18.23952000000, 0, 0
9.12272000000, 71.75456000000, -9.12272000000, 27.36816000000, 62.63184000000, 18.24544000000, 0, 0
9.12568000000, 71.74864000000, -9.12568000000, 27.37704000000, 62.62296000000, 18.25136000000, 0, 0
9.12864000000, 71.74272000000, -9.12864000000, 27.38592000000, 62.61408000000, 18.25728000000, 0, 0
9.13160000000, 71.73680000000, -9.13160000000, 27.39480000000, 62.60520000000, 18.26320000000, 0, 0
9.13456000000, 71.73088000000, -9.13456000000, 27.40368000000, 62.59632000000, 18.26912000000, 0, 0
9.13752000000, 71.72496000000, -9.13752000000, 27.41256000000, 62.58744000000, 18.27504000000, 0, 0
9.14048000000, 71.71904000000, -9.14048000000, 27.42144000000, 62.57856000000, 18.28096000000, 0, 0
9.14344000000, 71.71312000000, -9.14344000000, 27.43032000000, 62.56968000000, 18.28688000000, 0, 0
9.14640000000, 71.70720000000, -9.14640000000, 27.43920000000, 62.56080000000, 18.29280000000, 0, 0
9.14936000000, 71.70128000000, -9.14936000000, 27.44808000000, 62.55192000000, 18.29872000000, 0, 0
9.15232000000, 71.69536000000, -9.15232000000, 27.45696000000, 62.54304000000, 18.30464000000, 0, 0
9.15528000000, 71.68944000000, -9.15528000000, 27.46584000000, 62.53416000000, 18.31056000000, 0, 0
9.15824000000, 71.68352000000, -9.15824000000, 27.47472000000, 62.52528000000, 18.31648000000, 0, 0
9.16120000000, 71.67760000000, -9.16120000000, 27.48360000000, 62.51640000000, 18.32240000000, 0, 0
9.16416000000, 71.67168000000, -9.16416000000, 27.49248000000, 62.50752000000, 18.32832000000, 0, 0
9.16712000000, 71.66576000000, -9.16712000000, 27.50136000000, 62.49864000000, 18.33424000000, 0, 0
9.17008000000, 71.65984000000, -9.17008000000, 27.51024000000, 62.48976000000, 18.34016000000, 0, 0
9.17304000000, 71.65392000000, -9.17304000000, 27.51912000000, 62.48088000000, 18.34608000000, 0, 0
9.17600000000, 71.64800000000, -9.17600000000, 27.52800000000, 62.47200000000, 18.35200000000, 0, 0
9.17896000000, 71.64208000000, -9.17896000000, 27.53688000000, 62.46312000000, 18.35792000000, 0, 0
9.18192000000, 71.63616000000, -9.18192000000, 27.54576000000, 62.45424000000, 18.36384000000, 0, 0
9.18488000000, 71.63024000000, -9.18488000000, 27.55464000000, 62.44536000000, 18.36976000000, 0, 0
9.18784000000, 71.62432000000, -9.18784000000, 27.56352000000, 62.43648000000, 18.37568000000, 0, 0
9.19080000000, 71.61840000000, -9.19080000000, 27.57240000000, 62.42760000000, 18.38160000000, 0, 0
9.19376000000, 71.61248000000, -9.19376000000, 27.58128000000, 62.41872000000, 18.38752000000, 0, 0
9.19672000000, 71.60656000000, -9.19672000000, 27.59016000000, 62.40984000000, 18.39344000000, 0, 0
9.19968000000, 71.60064000000, -9.19968000000, 27.59904000000, 62.40096000000, 18.39936000000, 0, 0
9.20264000000, 71.59472000000, -9.20264000000, 27.60792000000, 62.39208000000, 18.40528000000, 0, 0
9.20560000000, 71.58880000000, -9.20560000000, 27.61680000000, 62.38320000000, 18.41120000000, 0, 0
9.20856000000, 71.58288000000, -9.20856000000, 27.62568000000, 62.37432000000, 18.41712000000, 0, 0
9.21152000000, 71.57696000000, -9.21152000000, 27.63456000000, 62.36544000000, 18.42304000000, 0, 0
9.21448000000, 71.57104000000, -9.21448000000, 27.64344000000, 62.35656000000, 18.42896000000, 0, 0
9.21744000000, 71.56512000000, -9.21744000000, 27.65232000000, 62.34768000000, 18.43488000000, 0, 0
9.22040000000, 71.55920000000, -9.22040000000, 27.66120000000, 62.33880000000, 18.44080000000, 0, 0
9.22336000000, 71.55328000000, -9.22336000000, 27.67008000000, 62.32992000000, 18.44672000000, 0, 0
9.22632000000, 71.54736000000, -9.22632000000, 27.67896000000, 62.32104000000, 18.45264000000, 0, 0
9.22928000000, 71.54144000000, -9.22928000000, 27.68784000000, 62.31216000000, 18.45856000000, 0, 0
9.23224000000, 71.53552000000, -9.23224000000, 27.69672000000, 62.30328000000, 18.46448000000, 0, 0
9.23520000000, 71.52960000000, -9.23520000000, 27.70560000000, 62.29440000000, 18.47040000000, 0, 0
9.23816000000, 71.52368000000, -9.23816000000, 27.71448000000, 62.28552000000, 18.47632000000, 0, 0
9.24112000000, 71.51776000000, -9.24112000000, 27.72336000000, 62.27664000000, 18.48224000000, 0, 0
9.24408000000, 71.51184000000, -9.24408000000, 27.73224000000, 62.26776000000, 18.48816000000, 0, 0
9.24704000000, 71.50592000000, -9.24704000000, 27.74112000000, 62.25888000000, 18.49408000000, 0, 0
9.25000000000, 71.50000000000, -9.25000000000, 27.75000000000, 62.25000000000, 18.50000000000, 0, 0
9.25296000000, 71.49408000000, -9.25296000000, 27.75888000000, 62.24112000000, 18.50592000000, 0, 0
9.25592000000, 71.48816000000, -9.25592000000, 27.76776000000, 62.23224000000, 18.51184000000, 0, 0
9.25888000000, 71.48224000000, -9.25888000000, 27.77664000000, 62.22336000000, 18.51776000000, 0, 0
9.26184000000, 71.47632000000, -9.26184000000, 27.78552000000, 62.21448000000, 18.52368000000, 0, 0
9.26480000000, 71.47040000000, -9.26480000000, 27.79440000000, 62.20560000000, 18.52960000000, 0, 0
9.26776000000, 71.46448000000, -9.26776000000, 27.80328000000, 62.19672000000, 18.53552000000, 0, 0
9.27072000000, 71.45856000000, -9.27072000000, 27.81216000000, 62.18784000000, 18.54144000000, 0, 0
9.27368000000, 71.45264000000, -9.27368000000, 27.82104000000, 62.17896000000, 18.54736000000, 0, 0
9.27664000000, 71.44672000000, -9.27664000000, 27.82992000000, 62.17008000000, 18.55328000000, 0, 0
9.27960000000, 71.44080000000, -9.27960000000, 27.83880000000, 62.16120000000, 18.55920000000, 0, 0
9.28256000000, 71.43488000000, -9.28256000000, 27.84768000000, 62.15232000000, 18.56512000000, 0, 0
9.28552000000, 71.42896000000, -9.28552000000, 27.85656000000, 62.14344000000, 18.57104000000, 0, 0
9.28848000000, 71.42304000000, -9.28848000000, 27.86544000000, 62.13456000000, 18.57696000000, 0, 0
9.29144000000, 71.41712000000, -9.29144000000, 27.87432000000, 62.12568000000, 18.58288000000, 0, 0
9.29440000000, 71.41120000000, -9.29440000000, 27.88320000000, 62.11680000000, 18.58880000000, 0, 0
9.29736000000, 71.40528000000, -9.29736000000, 27.89208000000, 62.10792000000, 18.59472000000, 0, 0
9.30032000000, 71.39936000000, -9.30032000000, 27.90096000000, 62.09904000000, 18.60064000000, 0, 0
9.30328000000, 71.39344000000, -9.30328000000, 27.90984000000, 62.09016000000, 18.60656000000, 0, 0
9.30624000000, 71.38752000000, -9.30624000000, 27.91872000000, 62.08128000000, 18.61248000000, 0, 0
9.30920000000, 71.38160000000, -9.30920000000, 27.92760000000, 62.07240000000, 18.61840000000, 0, 0
9.31216000000, 71.37568000000, -9.31216000000, 27.93648000000, 62.06352000000, 18.62432000000, 0, 0
9.31512000000, 71.36976000000, -9.31512000000, 27.94536000000, 62.05464000000, 18.63024000000, 0, 0
9.31808000000, 71.36384000000, -9.31808000000, 27.95424000000, 62.04576000000, 18.63616000000, 0, 0
9.32104000000, 71.35792000000, -9.32104000000, 27.96312000000, 62.03688000000, 18.64208000000, 0, 0
9.32400000000, 71.35200000000, -9.32400000000, 27.97200000000, 62.02800000000, 18.64800000000, 0, 0
9.32696000000, 71.34608000000, -9.32696000000, 27.98088000000, 62.01912000000, 18.65392000000, 0, 0
9.32992000000, 71.34016000000, -9.32992000000, 27.98976000000, 62.01024000000, 18.65984000000, 0, 0
9.33288000000, 71.33424000000, -9.33288000000, 27.99864000000, 62.00136000000, 18.66576000000, 0, 0
9.33584000000, 71.32832000000, -9.33584000000, 28.00752000000, 61.99248000000, 18.67168000000, 0, 0
9.33880000000, 71.32240000000, -9.33880000000, 28.01640000000, 61.98360000000, 18.67760000000, 0, 0
9.34176000000, 71.31648000000, -9.34176000000, 28.02528000000, 61.97472000000, 18.68352000000, 0, 0
9.34472000000, 71.31056000000, -9.34472000000, 28.03416000000, 61.96584000000, 18.68944000000, 0, 0
9.34768000000, 71.30464000000, -9.34768000000, 28.04304000000, 61.95696000000, 18.69536000000, 0, 0
9.35064000000, 71.29872000000, -9.35064000000, 28.05192000000, 61.94808000000, 18.70128000000, 0, 0
9.35360000000, 71.29280000000, -9.35360000000, 28.06080000000, 61.93920000000, 18.70720000000, 0, 0
9.35656000000, 71.28688000000, -9.35656000000, 28.06968000000, 61.93032000000, 18.71312000000, 0, 0
9.35952000000, 71.28096000000, -9.35952000000, 28.07856000000, 61.92144000000, 18.71904000000, 0, 0
9.36248000000, 71.27504000000, -9.36248000000, 28.08744000000, 61.91256000000, 18.72496000000, 0, 0
9.36544000000, 71.26912000000, -9.36544000000, 28.09632000000, 61.90368000000, 18.73088000000, 0, 0
9.36840000000, 71.26320000000, -9.36840000000, 28.10520000000, 61.89480000000, 18.73680000000, 0, 0
9.37136000000, 71.25728000000, -9.37136000000, 28.11408000000, 61.88592000000, 18.74272000000, 0, 0
9.37432000000, 71.25136000000, -9.37432000000, 28.12296000000, 61.87704000000, 18.74864000000, 0, 0
9.37728000000, 71.24544000000, -9.37728000000, 28.13184000000, 61.86816000000, 18.75456000000, 0, 0
9.38024000000, 71.23952000000, -9.38024000000, 28.14072000000, 61.85928000000, 18.76048000000, 0, 0
9.38320000000, 71.23360000000, -9.38320000000, 28.14960000000, 61.85040000000, 18.76640000000, 0, 0
9.38616000000, 71.22768000000, -9.38616000000, 28.15848000000, 61.84152000000, 18.77232000000, 0, 0
9.38912000000, 71.22176000000, -9.38912000000, 28.16736000000, 61.83264000000, 18.77824000000, 0, 0
9.39208000000, 71.21584000000, -9.39208000000, 28.17624000000, 61.82376000000, 18.78416000000, 0, 0
9.39504000000, 71.20992000000, -9.39504000000, 28.18512000000, 61.81488000000, 18.79008000000, 0, 0
9.39800000000, 71.20400000000, -9.39800000000, 28.19400000000, 61.80600000000, 18.79600000000, 0, 0
9.40096000000, 71.19808000000, -9.40096000000, 28.20288000000, 61.79712000000, 18.80192000000, 0, 0
9.40392000000, 71.19216000000, -9.40392000000, 28.21176000000, 61.78824000000, 18.80784000000, 0, 0
9.40688000000, 71.18624000000, -9.40688000000, 28.22064000000, 61.77936000000, 18.81376000000, 0, 0
9.40984000000, 71.18032000000, -9.40984000000, 28.22952000000, 61.77048000000, 18.81968000000, 0, 0
9.41280000000, 71.17440000000, -9.41280000000, 28.23840000000, 61.76160000000, 18.82560000000, 0, 0
9.41576000000, 71.16848000000, -9.41576000000, 28.24728000000, 61.75272000000, 18.83152000000, 0, 0
9.41872000000, 71.16256000000, -9.41872000000, 28.25616000000, 61.74384000000, 18.83744000000, 0, 0
9.42168000000, 71.15664000000, -9.42168000000, 28.26504000000, 61.73496000000, 18.84336000000, 0, 0
9.42464000000, 71.15072000000, -9.42464000000, 28.27392000000, 61.72608000000, 18.84928000000, 0, 0
9.42760000000, 71.14480000000, -9.42760000000, 28.28280000000, 61.71720000000, 18.85520000000, 0, 0
9.43056000000, 71.13888000000, -9.43056000000, 28.29168000000, 61.70832000000, 18.86112000000, 0, 0
9.43352000000, 71.13296000000, -9.43352000000, 28.30056000000, 61.69944000000, 18.86704000000, 0, 0
9.43648000000, 71.12704000000, -9.43648000000, 28.30944000000, 61.69056000000, 18.87296000000, 0, 0
9.43944000000, 71.12112000000, -9.43944000000, 28.31832000000, 61.68168000000, 18.87888000000, 0, 0
9.44240000000, 71.11520000000, -9.44240000000, 28.32720000000, 61.67280000000, 18.88480000000, 0, 0
9.44536000000, 71.10928000000, -9.44536000000, 28.33608000000, 61.66392000000, 18.89072000000, 0, 0
9.44832000000, 71.10336000000, -9.44832000000, 28.34496000000, 61.65504000000, 18.89664000000, 0, 0
9.45128000000, 71.09744000000, -9.45128000000, 28.35384000000, 61.64616000000, 18.90256000000, 0, 0
9.45424000000, 71.09152000000, -9.45424000000, 28.36272000000, 61.63728000000, 18.90848000000, 0, 0
9.45720000000, 71.08560000000, -9.45720000000, 28.37160000000, 61.62840000000, 18.91440000000, 0, 0
9.46016000000, 71.07968000000, -9.46016000000, 28.38048000000, 61.61952000000, 18.92032000000, 0, 0
9.46312000000, 71.07376000000, -9.46312000000, 28.38936000000, 61.61064000000, 18.92624000000, 0, 0
9.46608000000, 71.06784000000, -9.46608000000, 28.39824000000, 61.60176000000, 18.93216000000, 0, 0
9.46904000000, 71.06192000000, -9.46904000000, 28.40712000000, 61.59288000000, 18.93808000000, 0, 0
9.47200000000, 71.05600000000, -9.47200000000, 28.41600000000, 61.58400000000, 18.94400000000, 0, 0
9.47496000000, 71.05008000000, -9.47496000000, 28.42488000000, 61.57512000000, 18.94992000000, 0, 0
9.47792000000, 71.04416000000, -9.47792000000, 28.43376000000, 61.56624000000, 18.95584000000, 0, 0
9.48088000000, 71.03824000000, -9.48088000000, 28.44264000000, 61.55736000000, 18.96176000000, 0, 0
9.48384000000, 71.03232000000, -9.48384000000, 28.45152000000, 61.54848000000, 18.96768000000, 0, 0
9.48680000000, 71.02640000000, -9.48680000000, 28.46040000000, 61.53960000000, 18.97360000000, 0, 0
9.48976000000, 71.02048000000, -9.48976000000, 28.46928000000, 61.53072000000, 18.97952000000, 0, 0
9.49272000000, 71.01456000000, -9.49272000000, 28.47816000000, 61.52184000000, 18.98544000000, 0, 0
9.49568000000, 71.00864000000, -9.49568000000, 28.48704000000, 61.51296000000, 18.99136000000, 0, 0
9.49864000000, 71.00272000000, -9.49864000000, 28.49592000000, 61.50408000000, 18.99728000000, 0, 0
9.50160000000, 70.99680000000, -9.50160000000, 28.50480000000, 61.49520000000, 19.00320000000, 0, 0
9.50456000000, 70.99088000000, -9.50456000000, 28.51368000000, 61.48632000000, 19.00912000000, 0, 0
9.50752000000, 70.98496000000, -9.50752000000, 28.52256000000, 61.47744000000, 19.01504000000, 0, 0
9.51048000000, 70.97904000000, -9.51048000000, 28.53144000000, 61.46856000000, 19.02096000000, 0, 0
9.51344000000, 70.97312000000, -9.51344000000, 28.54032000000, 61.45968000000, 19.02688000000, 0, 0
9.51640000000, 70.96720000000, -9.51640000000, 28.54920000000, 61.45080000000, 19.03280000000, 0, 0
9.51936000000, 70.96128000000, -9.51936000000, 28.55808000000, 61.44192000000, 19.03872000000, 0, 0
9.52232000000, 70.95536000000, -9.52232000000, 28.56696000000, 61.43304000000, 19.04464000000, 0, 0
9.52528000000, 70.94944000000, -9.52528000000, 28.57584000000, 61.42416000000, 19.05056000000, 0, 0
9.52824000000, 70.94352000000, -9.52824000000, 28.58472000000, 61.41528000000, 19.05648000000, 0, 0
9.53120000000, 70.93760000000, -9.53120000000, 28.59360000000, 61.40640000000, 19.06240000000, 0, 0
9.53416000000, 70.93168000000, -9.53416000000, 28.60248000000, 61.39752000000, 19.06832000000, 0, 0
9.53712000000, 70.92576000000, -9.53712000000, 28.61136000000, 61.38864000000, 19.07424000000, 0, 0
9.54008000000, 70.91984000000, -9.54008000000, 28.62024000000, 61.37976000000, 19.08016000000, 0, 0
9.54304000000, 70.91392000000, -9.54304000000, 28.62912000000, 61.37088000000, 19.08608000000, 0, 0
9.54600000000, 70.90800000000, -9.54600000000, 28.63800000000, 61.36200000000, 19.09200000000, 0, 0
9.54896000000, 70.90208000000, -9.54896000000, 28.64688000000, 61.35312000000, 19.09792000000, 0, 0
9.55192000000, 70.89616000000, -9.55192000000, 28.65576000000, 61.34424000000, 19.10384000000, 0, 0
9.55488000000, 70.89024000000, -9.55488000000, 28.66464000000, 61.33536000000, 19.10976000000, 0, 0
9.55784000000, 70.88432000000, -9.55784000000, 28.67352000000, 61.32648000000, 19.11568000000, 0, 0
9.56080000000, 70.87840000000, -9.56080000000, 28.68240000000, 61.31760000000, 19.12160000000, 0, 0
9.56376000000, 70.87248000000, -9.56376000000, 28.69128000000, 61.30872000000, 19.12752000000, 0, 0
9.56672000000, 70.86656000000, -9.56672000000, 28.70016000000, 61.29984000000, 19.13344000000, 0, 0
9.56968000000, 70.86064000000, -9.56968000000, 28.70904000000, 61.29096000000, 19.13936000000, 0, 0
9.57264000000, 70.85472000000, -9.57264000000, 28.71792000000, 61.28208000000, 19.14528000000, 0, 0
9.57560000000, 70.84880000000, -9.57560000000, 28.72680000000, 61.27320000000, 19.15120000000, 0, 0
9.57856000000, 70.84288000000, -9.57856000000, 28.73568000000, 61.26432000000, 19.15712000000, 0, 0
9.58152000000, 70.83696000000, -9.58152000000, 28.74456000000, 61.25544000000, 19.16304000000, 0, 0
9.58448000000, 70.83104000000, -9.58448000000, 28.75344000000, 61.24656000000, 19.16896000000, 0, 0
9.58744000000, 70.82512000000, -9.58744000000, 28.76232000000, 61.23768000000, 19.17488000000, 0, 0
9.59040000000, 70.81920000000, -9.59040000000, 28.77120000000, 61.22880000000, 19.18080000000, 0, 0
9.59336000000, 70.81328000000, -9.59336000000, 28.78008000000, 61.21992000000, 19.18672000000, 0, 0
9.59632000000, 70.80736000000, -9.59632000000, 28.78896000000, 61.21104000000, 19.19264000000, 0, 0
9.59928000000, 70.80144000000, -9.59928000000, 28.79784000000, 61.20216000000, 19.19856000000, 0, 0
9.60224000000, 70.79552000000, -9.60224000000, 28.80672000000, 61.19328000000, 19.20448000000, 0, 0
9.60520000000, 70.78960000000, -9.60520000000, 28.81560000000, 61.18440000000, 19.21040000000, 0, 0
9.60816000000, 70.78368000000, -9.60816000000, 28.82448000000, 61.17552000000, 19.21632000000, 0, 0
9.61112000000, 70.77776000000, -9.61112000000, 28.83336000000, 61.16664000000, 19.22224000000, 0, 0
9.61408000000, 70.77184000000, -9.61408000000, 28.84224000000, 61.15776000000, 19.22816000000, 0, 0
9.61704000000, 70.76592000000, -9.61704000000, 28.85112000000, 61.14888000000, 19.23408000000, 0, 0
9.62000000000, 70.76000000000, -9.62000000000, 28.86000000000, 61.14000000000, 19.24000000000, 0, 0
9.62296000000, 70.75408000000, -9.62296000000, 28.86888000000, 61.13112000000, 19.24592000000, 0, 0
9.62592000000, 70.74816000000, -9.62592000000, 28.87776000000, 61.12224000000, 19.25184000000, 0, 0
9.62888000000, 70.74224000000, -9.62888000000, 28.88664000000, 61.11336000000, 19.25776000000, 0, 0
9.63184000000, 70.73632000000, -9.63184000000, 28.89552000000, 61.10448000000, 19.26368000000, 0, 0
9.63480000000, 70.73040000000, -9.63480000000, 28.90440000000, 61.09560000000, 19.26960000000, 0, 0
9.63776000000, 70.72448000000, -9.63776000000, 28.91328000000, 61.08672000000, 19.27552000000, 0, 0
9.64072000000, 70.71856000000, -9.64072000000, 28.92216000000, 61.07784000000, 19.28144000000, 0, 0
9.64368000000, 70.71264000000, -9.64368000000, 28.93104000000, 61.06896000000, 19.28736000000, 0, 0
9.64664000000, 70.70672000000, -9.64664000000, 28.93992000000, 61.06008000000, 19.29328000000, 0, 0
9.64960000000, 70.70080000000, -9.64960000000, 28.94880000000, 61.05120000000, 19.29920000000, 0, 0
9.65256000000, 70.69488000000, -9.65256000000, 28.95768000000, 61.04232000000, 19.30512000000, 0, 0
9.65552000000, 70.68896000000, -9.65552000000, 28.96656000000, 61.03344000000, 19.31104000000, 0, 0
9.65848000000, 70.68304000000, -9.65848000000, 28.97544000000, 61.02456000000, 19.31696000000, 0, 0
9.66144000000, 70.67712000000, -9.66144000000, 28.98432000000, 61.01568000000, 19.32288000000, 0, 0
9.66440000000, 70.67120000000, -9.66440000000, 28.99320000000, 61.00680000000, 19.32880000000, 0, 0
9.66736000000, 70.66528000000, -9.66736000000, 29.00208000000, 60.99792000000, 19.33472000000, 0, 0
9.67032000000, 70.65936000000, -9.67032000000, 29.01096000000, 60.98904000000, 19.34064000000, 0, 0
9.67328000000, 70.65344000000, -9.67328000000, 29.01984000000, 60.98016000000, 19.34656000000, 0, 0
9.67624000000, 70.64752000000, -9.67624000000, 29.02872000000, 60.97128000000, 19.35248000000, 0, 0
9.67920000000, 70.64160000000, -9.67920000000, 29.03760000000, 60.96240000000, 19.35840000000, 0, 0
9.68216000000, 70.63568000000, -9.68216000000, 29.04648000000, 60.95352000000, 19.36432000000, 0, 0
9.68512000000, 70.62976000000, -9.68512000000, 29.05536000000, 60.94464000000, 19.37024000000, 0, 0
9.68808000000, 70.62384000000, -9.68808000000, 29.06424000000, 60.93576000000, 19.37616000000, 0, 0
9.69104000000, 70.61792000000, -9.69104000000, 29.07312000000, 60.92688000000, 19.38208000000, 0, 0
9.69400000000, 70.61200000000, -9.69400000000, 29.08200000000, 60.91800000000, 19.38800000000, 0, 0
9.69696000000, 70.60608000000, -9.69696000000, 29.09088000000, 60.90912000000, 19.39392000000, 0, 0
9.69992000000, 70.60016000000, -9.69992000000, 29.09976000000, 60.90024000000, 19.39984000000, 0, 0
9.70288000000, 70.59424000000, -9.70288000000, 29.10864000000, 60.89136000000, 19.40576000000, 0, 0
9.70584000000, 70.58832000000, -9.70584000000, 29.11752000000, 60.88248000000, 19.41168000000, 0, 0
9.70880000000, 70.58240000000, -9.70880000000, 29.12640000000, 60.87360000000, 19.41760000000, 0, 0
9.71176000000, 70.57648000000, -9.71176000000, 29.13528000000, 60.86472000000, 19.42352000000, 0, 0
9.71472000000, 70.57056000000, -9.71472000000, 29.14416000000, 60.85584000000, 19.42944000000, 0, 0
9.71768000000, 70.56464000000, -9.71768000000, 29.15304000000, 60.84696000000, 19.43536000000, 0, 0
9.72064000000, 70.55872000000, -9.72064000000, 29.16192000000, 60.83808000000, 19.44128000000, 0, 0
9.72360000000, 70.55280000000, -9.72360000000, 29.17080000000, 60.82920000000, 19.44720000000, 0, 0
9.72656000000, 70.54688000000, -9.72656000000, 29.17968000000, 60.82032000000, 19.45312000000, 0, 0
9.72952000000, 70.54096000000, -9.72952000000, 29.18856000000, 60.81144000000, 19.45904000000, 0, 0
9.73248000000, 70.53504000000, -9.73248000000, 29.19744000000, 60.80256000000, 19.46496000000, 0, 0
9.73544000000, 70.52912000000, -9.73544000000, 29.20632000000, 60.79368000000, 19.47088000000, 0, 0
9.73840000000, 70.52320000000, -9.73840000000, 29.21520000000, 60.78480000000, 19.47680000000, 0, 0
9.74136000000, 70.51728000000, -9.74136000000, 29.22408000000, 60.77592000000, 19.48272000000, 0, 0
9.74432000000, 70.51136000000, -9.74432000000, 29.23296000000, 60.76704000000, 19.48864000000, 0, 0
9.74728000000, 70.50544000000, -9.74728000000, 29.24184000000, 60.75816000000, 19.49456000000, 0, 0
9.75024000000, 70.49952000000, -9.75024000000, 29.25072000000, 60.74928000000, 19.50048000000, 0, 0
9.75320000000, 70.49360000000, -9.75320000000, 29.25960000000, 60.74040000000, 19.50640000000, 0, 0
9.75616000000, 70.48768000000, -9.75616000000, 29.26848000000, 60.73152000000, 19.51232000000, 0, 0
9.75912000000, 70.48176000000, -9.75912000000, 29.27736000000, 60.72264000000, 19.51824000000, 0, 0
9.76208000000, 70.47584000000, -9.76208000000, 29.28624000000, 60.71376000000, 19.52416000000, 0, 0
9.76504000000, 70.46992000000, -9.76504000000, 29.29512000000, 60.70488000000, 19.53008000000, 0, 0
9.76800000000, 70.46400000000, -9.76800000000, 29.30400000000, 60.69600000000, 19.53600000000, 0, 0
9.77096000000, 70.45808000000, -9.77096000000, 29.31288000000, 60.68712000000, 19.54192000000, 0, 0
9.77392000000, 70.45216000000, -9.77392000000, 29.32176000000, 60.67824000000, 19.54784000000, 0, 0
9.77688000000, 70.44624000000, -9.77688000000, 29.33064000000, 60.66936000000, 19.55376000000, 0, 0
9.77984000000, 70.44032000000, -9.77984000000, 29.33952000000, 60.66048000000, 19.55968000000, 0, 0
9.78280000000, 70.43440000000, -9.78280000000, 29.34840000000, 60.65160000000, 19.56560000000, 0, 0
9.78576000000, 70.42848000000, -9.78576000000, 29.35728000000, 60.64272000000, 19.57152000000, 0, 0
9.78872000000, 70.42256000000, -9.78872000000, 29.36616000000, 60.63384000000, 19.57744000000, 0, 0
9.79168000000, 70.41664000000, -9.79168000000, 29.37504000000, 60.62496000000, 19.58336000000, 0, 0
9.79464000000, 70.41072000000, -9.79464000000, 29.38392000000, 60.61608000000, 19.58928000000, 0, 0
9.79760000000, 70.40480000000, -9.79760000000, 29.39280000000, 60.60720000000, 19.59520000000, 0, 0
9.80056000000, 70.39888000000, -9.80056000000, 29.40168000000, 60.59832000000, 19.60112000000, 0, 0
9.80352000000, 70.39296000000, -9.80352000000, 29.41056000000, 60.58944000000, 19.60704000000, 0, 0
9.80648000000, 70.38704000000, -9.80648000000, 29.41944000000, 60.58056000000, 19.61296000000, 0, 0
9.80944000000, 70.38112000000, -9.80944000000, 29.42832000000, 60.57168000000, 19.61888000000, 0, 0
9.81240000000, 70.37520000000, -9.81240000000, 29.43720000000, 60.56280000000, 19.62480000000, 0, 0
9.81536000000, 70.36928000000, -9.81536000000, 29.44608000000, 60.55392000000, 19.63072000000, 0, 0
9.81832000000, 70.36336000000, -9.81832000000, 29.45496000000, 60.54504000000, 19.63664000000, 0, 0
9.82128000000, 70.35744000000, -9.82128000000, 29.46384000000, 60.53616000000, 19.64256000000, 0, 0
9.82424000000, 70.35152000000, -9.82424000000, 29.47272000000, 60.52728000000, 19.64848000000, 0, 0
9.82720000000, 70.34560000000, -9.82720000000, 29.48160000000, 60.51840000000, 19.65440000000, 0, 0
9.83016000000, 70.33968000000, -9.83016000000, 29.49048000000, 60.50952000000, 19.66032000000, 0, 0
9.83312000000, 70.33376000000, -9.83312000000, 29.49936000000, 60.50064000000, 19.66624000000, 0, 0
9.83608000000, 70.32784000000, -9.83608000000, 29.50824000000, 60.49176000000, 19.67216000000, 0, 0
9.83904000000, 70.32192000000, -9.83904000000, 29.51712000000, 60.48288000000, 19.67808000000, 0, 0
9.84200000000, 70.31600000000, -9.84200000000, 29.52600000000, 60.47400000000, 19.68400000000, 0, 0
9.84496000000, 70.31008000000, -9.84496000000, 29.53488000000, 60.46512000000, 19.68992000000, 0, 0
9.84792000000, 70.30416000000, -9.84792000000, 29.54376000000, 60.45624000000, 19.69584000000, 0, 0
9.85088000000, 70.29824000000, -9.85088000000, 29.55264000000, 60.44736000000, 19.70176000000, 0, 0
9.85384000000, 70.29232000000, -9.85384000000, 29.56152000000, 60.43848000000, 19.70768000000, 0, 0
9.85680000000, 70.28640000000, -9.85680000000, 29.57040000000, 60.42960000000, 19.71360000000, 0, 0
9.85976000000, 70.28048000000, -9.85976000000, 29.57928000000, 60.42072000000, 19.71952000000, 0, 0
9.86272000000, 70.27456000000, -9.86272000000, 29.58816000000, 60.41184000000, 19.72544000000, 0, 0
9.86568000000, 70.26864000000, -9.86568000000, 29.59704000000, 60.40296000000, 19.73136000000, 0, 0
9.86864000000, 70.26272000000, -9.86864000000, 29.60592000000, 60.39408000000, 19.73728000000, 0, 0
9.87160000000, 70.25680000000, -9.87160000000, 29.61480000000, 60.38520000000, 19.74320000000, 0, 0
9.87456000000, 70.25088000000, -9.87456000000, 29.62368000000, 60.37632000000, 19.74912000000, 0, 0
9.87752000000, 70.24496000000, -9.87752000000, 29.63256000000, 60.36744000000, 19.75504000000, 0, 0
9.88048000000, 70.23904000000, -9.88048000000, 29.64144000000, 60.35856000000, 19.76096000000, 0, 0
9.88344000000, 70.23312000000, -9.88344000000, 29.65032000000, 60.34968000000, 19.76688000000, 0, 0
9.88640000000, 70.22720000000, -9.88640000000, 29.65920000000, 60.34080000000, 19.77280000000, 0, 0
9.88936000000, 70.22128000000, -9.88936000000, 29.66808000000, 60.33192000000, 19.77872000000, 0, 0
9.89232000000, 70.21536000000, -9.89232000000, 29.67696000000, 60.32304000000, 19.78464000000, 0, 0
9.89528000000, 70.20944000000, -9.89528000000, 29.68584000000, 60.31416000000, 19.79056000000, 0, 0
9.89824000000, 70.20352000000, -9.89824000000, 29.69472000000, 60.30528000000, 19.79648000000, 0, 0
9.90120000000, 70.19760000000, -9.90120000000, 29.70360000000, 60.29640000000, 19.80240000000, 0, 0
9.90416000000, 70.19168000000, -9.90416000000, 29.71248000000, 60.28752000000, 19.80832000000, 0, 0
9.90712000000, 70.18576000000, -9.90712000000, 29.72136000000, 60.27864000000, 19.81424000000, 0, 0
9.91008000000, 70.17984000000, -9.91008000000, 29.73024000000, 60.26976000000, 19.82016000000, 0, 0
9.91304000000, 70.17392000000, -9.91304000000, 29.73912000000, 60.26088000000, 19.82608000000, 0, 0
9.91600000000, 70.16800000000, -9.91600000000, 29.74800000000, 60.25200000000, 19.83200000000, 0, 0
9.91896000000, 70.16208000000, -9.91896000000, 29.75688000000, 60.24312000000, 19.83792000000, 0, 0
9.92192000000, 70.15616000000, -9.92192000000, 29.76576000000, 60.23424000000, 19.84384000000, 0, 0
9.92488000000, 70.15024000000, -9.92488000000, 29.77464000000, 60.22536000000, 19.84976000000, 0, 0
9.92784000000, 70.14432000000, -9.92784000000, 29.78352000000, 60.21648000000, 19.85568000000, 0, 0
9.93079705600, 70.13840588800, -9.93079705600, 29.79239116800, 60.20760883200, 19.86159411200, 0, 0
9.93374643200, 70.13250713600, -9.93374643200, 29.80123929600, 60.19876070400, 19.86749286400, 0, 0
9.93668339200, 70.12663321600, -9.93668339200, 29.81005017600, 60.18994982400, 19.87336678400, 0, 0
9.93960320000, 70.12079360000, -9.93960320000, 29.81880960000, 60.18119040000, 19.87920640000, 0, 0
9.94250112000, 70.11499776000, -9.94250112000, 29.82750336000, 60.17249664000, 19.88500224000, 0, 0
9.94537241600, 70.10925516800, -9.94537241600, 29.83611724800, 60.16388275200, 19.89074483200, 0, 0
9.94821235200, 70.10357529600, -9.94821235200, 29.84463705600, 60.15536294400, 19.89642470400, 0, 0
9.95101619200, 70.09796761600, -9.95101619200, 29.85304857600, 60.14695142400, 19.90203238400, 0, 0
9.95377920000, 70.09244160000, -9.95377920000, 29.86133760000, 60.13866240000, 19.90755840000, 0, 0
9.95649664000, 70.08700672000, -9.95649664000, 29.86948992000, 60.13051008000, 19.91299328000, 0, 0
9.95916377600, 70.08167244800, -9.95916377600, 29.87749132800, 60.12250867200, 19.91832755200, 0, 0
9.96177587200, 70.07644825600, -9.96177587200, 29.88532761600, 60.11467238400, 19.92355174400, 0, 0
9.96432819200, 70.07134361600, -9.96432819200, 29.89298457600, 60.10701542400, 19.92865638400, 0, 0
9.96681600000, 70.06636800000, -9.96681600000, 29.90044800000, 60.09955200000, 19.93363200000, 0, 0
9.96923456000, 70.06153088000, -9.96923456000, 29.90770368000, 60.09229632000, 19.93846912000, 0, 0
9.97157913600, 70.05684172800, -9.97157913600, 29.91473740800, 60.08526259200, 19.94315827200, 0, 0
9.97384499200, 70.05231001600, -9.97384499200, 29.92153497600, 60.07846502400, 19.94768998400, 0, 0
9.97602739200, 70.04794521600, -9.97602739200, 29.92808217600, 60.07191782400, 19.95205478400, 0, 0
9.97812160000, 70.04375680000, -9.97812160000, 29.93436480000, 60.06563520000, 19.95624320000, 0, 0
9.98012288000, 70.03975424000, -9.98012288000, 29.94036864000, 60.05963136000, 19.96024576000, 0, 0
9.98202649600, 70.03594700800, -9.98202649600, 29.94607948800, 60.05392051200, 19.96405299200, 0, 0
9.98382771200, 70.03234457600, -9.98382771200, 29.95148313600, 60.04851686400, 19.96765542400, 0, 0
9.98552179200, 70.02895641600, -9.98552179200, 29.95656537600, 60.04343462400, 19.97104358400, 0, 0
9.98710400000, 70.02579200000, -9.98710400000, 29.96131200000, 60.03868800000, 19.97420800000, 0, 0
9.98856960000, 70.02286080000, -9.98856960000, 29.96570880000, 60.03429120000, 19.97713920000, 0, 0
9.98991974400, 70.02016051200, -9.98991974400, 29.96975923200, 60.03024076800, 19.97983948800, 0, 0
9.99115916800, 70.01768166400, -9.99115916800, 29.97347750400, 60.02652249600, 19.98231833600, 0, 0
9.99229260800, 70.01541478400, -9.99229260800, 29.97687782400, 60.02312217600, 19.98458521600, 0, 0
9.99332480000, 70.01335040000, -9.99332480000, 29.97997440000, 60.02002560000, 19.98664960000, 0, 0
9.99426048000, 70.01147904000, -9.99426048000, 29.98278144000, 60.01721856000, 19.98852096000, 0, 0
9.99510438400, 70.00979123200, -9.99510438400, 29.98531315200, 60.01468684800, 19.99020876800, 0, 0
9.99586124800, 70.00827750400, -9.99586124800, 29.98758374400, 60.01241625600, 19.99172249600, 0, 0
9.99653580800, 70.00692838400, -9.99653580800, 29.98960742400, 60.01039257600, 19.99307161600, 0, 0
9.99713280000, 70.00573440000, -9.99713280000, 29.99139840000, 60.00860160000, 19.99426560000, 0, 0
9.99765696000, 70.00468608000, -9.99765696000, 29.99297088000, 60.00702912000, 19.99531392000, 0, 0
9.99811302400, 70.00377395200, -9.99811302400, 29.99433907200, 60.00566092800, 19.99622604800, 0, 0
9.99850572800, 70.00298854400, -9.99850572800, 29.99551718400, 60.00448281600, 19.99701145600, 0, 0
9.99883980800, 70.00232038400, -9.99883980800, 29.99651942400, 60.00348057600, 19.99767961600, 0, 0
9.99912000000, 70.00176000000, -9.99912000000, 29.99736000000, 60.00264000000, 19.99824000000, 0, 0
9.99935104000, 70.00129792000, -9.99935104000, 29.99805312000, 60.00194688000, 19.99870208000, 0, 0
9.99953766400, 70.00092467200, -9.99953766400, 29.99861299200, 60.00138700800, 19.99907532800, 0, 0
9.99968460800, 70.00063078400, -9.99968460800, 29.99905382400, 60.00094617600, 19.99936921600, 0, 0
9.99979660800, 70.00040678400, -9.99979660800, 29.99938982400, 60.00061017600, 19.99959321600, 0, 0
9.99987840000, 70.00024320000, -9.99987840000, 29.99963520000, 60.00036480000, 19.99975680000, 0, 0
9.99993472000, 70.00013056000, -9.99993472000, 29.99980416000, 60.00019584000, 19.99986944000, 0, 0
9.99997030400, 70.00005939200, -9.99997030400, 29.99991091200, 60.00008908800, 19.99994060800, 0, 0
9.99998988800, 70.00002022400, -9.99998988800, 29.99996966400, 60.00003033600, 19.99997977600, 0, 0
9.99999820800, 70.00000358400, -9.99999820800, 29.99999462400, 60.00000537600, 19.99999641600, 0, 0
10.00000000000, 70.00000000000, -10.00000000000, 30.00000000000, 60.00000000000, 20.00000000000, 0, 0
10.00000000000, 70.00000000000, -10.00000000000, 30.00000000000, 60.00000000000, 20.00000000000, 0, 0
