-25.29107901452, 103.49202116943, -20.90401109742, -7.45271187198, 90.92343977868, -15.30531285516, 0, 0
-25.29107269892, 103.49201988181, -20.90401212846, -7.45272047016, 90.92343732174, -15.30531385439, 0, 0
-25.29105375212, 103.49201601893, -20.90401522160, -7.45274626471, 90.92342995091, -15.30531685207, 0, 0
-25.29101585854, 103.49200829315, -20.90402140786, -7.45279785380, 90.92341520926, -15.30532284741, 0, 0
-25.29095270261, 103.49199541681, -20.90403171829, -7.45288383563, 90.92339063989, -15.30533283964, 0, 0
-25.29085796878, 103.49197610219, -20.90404718388, -7.45301280839, 90.92335378591, -15.30534782794, 0, 0
-25.29072534157, 103.49194906151, -20.90406883561, -7.45319337027, 90.92330219051, -15.30536881145, 0, 0
-25.29054850555, 103.49191300689, -20.90409770443, -7.45343411948, 90.92323339695, -15.30539678930, 0, 0
-25.29032114541, 103.49186665030, -20.90413482120, -7.45374365424, 90.92314494858, -15.30543276052, 0, 0
-25.29003694593, 103.49180870355, -20.90418121672, -7.45413057279, 90.92303438894, -15.30547772409, 0, 0
-25.28968959208, 103.49173787820, -20.90423792169, -7.45460347340, 90.92289926169, -15.30553267885, 0, 0
-25.28927276901, 103.49165288555, -20.90430596669, -7.45517095434, 90.92273711077, -15.30559862356, 0, 0
-25.28878016210, 103.49155243655, -20.90438638215, -7.45584161394, 90.92254548033, -15.30567655679, 0, 0
-25.28820545702, 103.49143524174, -20.90448019832, -7.45662405057, 90.92232191488, -15.30576747693, 0, 0
-25.28754233976, 103.49130001120, -20.90458844527, -7.45752686262, 90.92206395930, -15.30587238216, 0, 0
-25.28678449671, 103.49114545446, -20.90471215281, -7.45855864856, 90.92176915888, -15.30599227043, 0, 0
-25.28592561466, 103.49097028041, -20.90485235048, -7.45972800691, 90.92143505942, -15.30612813937, 0, 0
-25.28495938092, 103.49077319723, -20.90501006751, -7.46104353627, 90.92105920730, -15.30628098630, 0, 0
-25.28387948338, 103.49055291228, -20.90518633279, -7.46251383530, 90.92063914951, -15.30645180819, 0, 0
-25.28267961051, 103.49030813204, -20.90538217481, -7.46414750277, 90.92017243377, -15.30664160157, 0, 0
-25.28135345153, 103.49003756196, -20.90559862163, -7.46595313753, 90.91965660862, -15.30685136252, 0, 0
-25.27989469640, 103.48973990635, -20.90583670082, -7.46793933855, 90.91908922344, -15.30708208663, 0, 0
-25.27829703595, 103.48941386833, -20.90609743942, -7.47011470492, 90.91846782862, -15.30733476891, 0, 0
-25.27655416197, 103.48905814964, -20.90638186387, -7.47248783586, 90.91778997560, -15.30761040376, 0, 0
-25.27465976724, 103.48867145053, -20.90669100001, -7.47506733074, 90.91705321699, -15.30790998491, 0, 0
-25.27260754568, 103.48825246966, -20.90702587293, -7.47786178907, 90.91625510668, -15.30823450538, 0, 0
-25.27040382109, 103.48780248284, -20.90738544650, -7.48086261383, 90.91539811094, -15.30858296059, 0, 0
-25.26805491739, 103.48732276569, -20.90776868447, -7.48406120801, 90.91448469619, -15.30895434588, 0, 0
-25.26556715860, 103.48681459372, -20.90817455057, -7.48744897461, 90.91351732894, -15.30934765653, 0, 0
-25.26294686868, 103.48627924251, -20.90860200854, -7.49101731661, 90.91249847563, -15.30976188788, 0, 0
-25.26020037148, 103.48571798779, -20.90905002219, -7.49475763700, 90.91143060261, -15.31019603534, 0, 0
-25.25733399068, 103.48513210558, -20.90951755545, -7.49866133872, 90.91031617598, -15.31064909442, 0, 0
-25.25435404967, 103.48452287228, -20.91000357243, -7.50271982468, 90.90915766155, -15.31112006086, 0, 0
-25.25126687152, 103.48389156478, -20.91050703744, -7.50692449774, 90.90795752474, -15.31160793060, 0, 0
-25.24807877887, 103.48323946057, -20.91102691505, -7.51126676072, 90.90671823048, -15.31211169984, 0, 0
-25.24479609392, 103.48256783782, -20.91156217011, -7.51573801633, 90.90544224321, -15.31263036513, 0, 0
-25.24142513831, 103.48187797548, -20.91211176783, -7.52032966725, 90.90413202672, -15.31316292333, 0, 0
-25.23797223311, 103.48117115332, -20.91267467375, -7.52503311604, 90.90279004415, -15.31370837174, 0, 0
-25.23444369875, 103.48044865207, -20.91324985384, -7.52983976521, 90.90141875791, -15.31426570803, 0, 0
-25.23084585496, 103.47971175343, -20.91383627449, -7.53474101712, 90.90002062961, -15.31483393036, 0, 0
-25.22718502074, 103.47896174018, -20.91443290255, -7.53972827408, 90.89859812003, -15.31541203736, 0, 0
-25.22346751432, 103.47819989621, -20.91503870534, -7.54479293824, 90.89715368908, -15.31599902816, 0, 0
-25.21969965312, 103.47742750657, -20.91565265071, -7.54992641168, 90.89568979574, -15.31659390246, 0, 0
-25.21588775371, 103.47664585756, -20.91627370701, -7.55512009634, 90.89420889801, -15.31719566046, 0, 0
-25.21203813178, 103.47585623671, -20.91690084315, -7.56036539403, 90.89271345291, -15.31780330297, 0, 0
-25.20815710213, 103.47505993287, -20.91753302860, -7.56565370645, 90.89120591645, -15.31841583136, 0, 0
-25.20425097863, 103.47425823620, -20.91816923341, -7.57097643515, 90.88968874355, -15.31903224763, 0, 0
-25.20032607421, 103.47345243823, -20.91880842820, -7.57632498158, 90.88816438810, -15.31965155437, 0, 0
-25.19638870085, 103.47264383185, -20.91944958419, -7.58169074702, 90.88663530289, -15.32027275479, 0, 0
-25.19244516956, 103.47183371133, -20.92009167321, -7.58706513264, 90.88510393963, -15.32089485272, 0, 0
-25.18850179039, 103.47102337237, -20.92073366769, -7.59243953947, 90.88357274890, -15.32151685263, 0, 0
-25.18455856335, 103.47021281496, -20.92137556760, -7.59781396749, 90.88204173070, -15.32213875458, 0, 0
-25.18061548849, 103.46940203911, -20.92201737296, -7.60318841671, 90.88051088504, -15.32276055861, 0, 0
-25.17667256583, 103.46859104483, -20.92265908376, -7.60856288711, 90.87898021193, -15.32338226479, 0, 0
-25.17272979539, 103.46777983213, -20.92330069998, -7.61393737869, 90.87744971135, -15.32400387317, 0, 0
-25.16878717720, 103.46696840101, -20.92394222163, -7.61931189145, 90.87591938331, -15.32462538380, 0, 0
-25.16484471129, 103.46615675149, -20.92458364869, -7.62468642536, 90.87438922782, -15.32524679674, 0, 0
-25.16090239769, 103.46534488356, -20.92522498117, -7.63006098044, 90.87285924487, -15.32586811205, 0, 0
-25.15696023642, 103.46453279724, -20.92586621906, -7.63543555666, 90.87132943447, -15.32648932977, 0, 0
-25.15301822752, 103.46372049253, -20.92650736234, -7.64081015403, 90.86979979661, -15.32711044997, 0, 0
-25.14907637100, 103.46290796944, -20.92714841103, -7.64618477253, 90.86827033130, -15.32773147269, 0, 0
-25.14513466691, 103.46209522798, -20.92778936510, -7.65155941217, 90.86674103854, -15.32835239800, 0, 0
-25.14119311525, 103.46128226815, -20.92843022457, -7.65693407292, 90.86521191833, -15.32897322595, 0, 0
-25.13725171607, 103.46046908997, -20.92907098941, -7.66230875480, 90.86368297067, -15.32959395659, 0, 0
-25.13331046939, 103.45965569344, -20.92971165962, -7.66768345778, 90.86215419556, -15.33021458997, 0, 0
-25.12936937523, 103.45884207856, -20.93035223521, -7.67305818186, 90.86062559300, -15.33083512616, 0, 0
-25.12542843363, 103.45802824535, -20.93099271616, -7.67843292704, 90.85909716300, -15.33145556521, 0, 0
-25.12148764462, 103.45721419381, -20.93163310246, -7.68380769330, 90.85756890555, -15.33207590717, 0, 0
-25.11754700821, 103.45639992395, -20.93227339412, -7.68918248065, 90.85604082065, -15.33269615210, 0, 0
-25.11360652443, 103.45558543578, -20.93291359113, -7.69455728907, 90.85451290832, -15.33331630005, 0, 0
-25.10966619332, 103.45477072930, -20.93355369348, -7.69993211855, 90.85298516854, -15.33393635108, 0, 0
-25.10572601490, 103.45395580452, -20.93419370116, -7.70530696910, 90.85145760132, -15.33455630524, 0, 0
-25.10178598921, 103.45314066145, -20.93483361418, -7.71068184070, 90.84993020666, -15.33517616258, 0, 0
-25.09784611625, 103.45232530010, -20.93547343252, -7.71605673335, 90.84840298457, -15.33579592317, 0, 0
-25.09390639607, 103.45150972047, -20.93611315618, -7.72143164703, 90.84687593503, -15.33641558705, 0, 0
-25.08996682869, 103.45069392258, -20.93675278515, -7.72680658175, 90.84534905806, -15.33703515429, 0, 0
-25.08602741414, 103.44987790642, -20.93739231943, -7.73218153749, 90.84382235365, -15.33765462493, 0, 0
-25.08208815245, 103.44906167200, -20.93803175902, -7.73755651425, 90.84229582180, -15.33827399903, 0, 0
-25.07814904364, 103.44824521934, -20.93867110390, -7.74293151202, 90.84076946252, -15.33889327665, 0, 0
-25.07421008773, 103.44742854844, -20.93931035408, -7.74830653080, 90.83924327581, -15.33951245784, 0, 0
-25.07027128477, 103.44661165931, -20.93994950954, -7.75368157057, 90.83771726167, -15.34013154265, 0, 0
-25.06633263477, 103.44579455195, -20.94058857028, -7.75905663133, 90.83619142009, -15.34075053115, 0, 0
-25.06239413776, 103.44497722638, -20.94122753630, -7.76443171308, 90.83466575109, -15.34136942337, 0, 0
-25.05845579378, 103.44415968259, -20.94186640759, -7.76980681580, 90.83314025465, -15.34198821939, 0, 0
-25.05451760284, 103.44334192061, -20.94250518414, -7.77518193949, 90.83161493078, -15.34260691926, 0, 0
-25.05057956497, 103.44252394043, -20.94314386596, -7.78055708414, 90.83008977949, -15.34322552302, 0, 0
-25.04664168021, 103.44170574206, -20.94378245302, -7.78593224975, 90.82856480077, -15.34384403073, 0, 0
-25.04270394857, 103.44088732551, -20.94442094534, -7.79130743631, 90.82703999462, -15.34446244246, 0, 0
-25.03876637009, 103.44006869079, -20.94505934289, -7.79668264381, 90.82551536105, -15.34508075825, 0, 0
-25.03482894479, 103.43924983790, -20.94569764569, -7.80205787224, 90.82399090006, -15.34569897815, 0, 0
-25.03089167271, 103.43843076686, -20.94633585371, -7.80743312160, 90.82246661164, -15.34631710223, 0, 0
-25.02695455386, 103.43761147766, -20.94697396697, -7.81280839188, 90.82094249579, -15.34693513054, 0, 0
-25.02301758828, 103.43679197032, -20.94761198544, -7.81818368308, 90.81941855253, -15.34755306313, 0, 0
-25.01908077599, 103.43597224485, -20.94824990913, -7.82355899518, 90.81789478184, -15.34817090005, 0, 0
-25.01514411702, 103.43515230125, -20.94888773802, -7.82893432818, 90.81637118373, -15.34878864137, 0, 0
-25.01120761140, 103.43433213952, -20.94952547213, -7.83430968207, 90.81484775821, -15.34940628714, 0, 0
-25.00727125915, 103.43351175969, -20.95016311143, -7.83968505685, 90.81332450526, -15.35002383740, 0, 0
-25.00333506030, 103.43269116175, -20.95080065592, -7.84506045250, 90.81180142489, -15.35064129223, 0, 0
-24.99939901488, 103.43187034571, -20.95143810560, -7.85043586903, 90.81027851711, -15.35125865166, 0, 0
-24.99546312292, 103.43104931158, -20.95207546046, -7.85581130642, 90.80875578191, -15.35187591576, 0, 0
-24.99152738444, 103.43022805936, -20.95271272050, -7.86118676467, 90.80723321930, -15.35249308458, 0, 0
-24.98759179947, 103.42940658907, -20.95334988571, -7.86656224377, 90.80571082927, -15.35311015817, 0, 0
-24.98365636804, 103.42858490071, -20.95398695609, -7.87193774371, 90.80418861182, -15.35372713659, 0, 0
-24.97972109017, 103.42776299429, -20.95462393163, -7.87731326449, 90.80266656696, -15.35434401990, 0, 0
-24.97578596589, 103.42694086982, -20.95526081232, -7.88268880610, 90.80114469469, -15.35496080815, 0, 0
-24.97185099524, 103.42611852730, -20.95589759816, -7.88806436853, 90.79962299500, -15.35557750138, 0, 0
-24.96791617822, 103.42529596675, -20.95653428914, -7.89343995178, 90.79810146791, -15.35619409967, 0, 0
-24.96398151489, 103.42447318816, -20.95717088527, -7.89881555583, 90.79658011340, -15.35681060306, 0, 0
-24.96004700525, 103.42365019155, -20.95780738652, -7.90419118069, 90.79505893148, -15.35742701161, 0, 0
-24.95611264934, 103.42282697692, -20.95844379290, -7.90956682634, 90.79353792215, -15.35804332537, 0, 0
-24.95217844719, 103.42200354429, -20.95908010441, -7.91494249278, 90.79201708541, -15.35865954439, 0, 0
-24.94824439882, 103.42117989365, -20.95971632102, -7.92031818000, 90.79049642126, -15.35927566874, 0, 0
-24.94431050425, 103.42035602502, -20.96035244275, -7.92569388799, 90.78897592970, -15.35989169847, 0, 0
-24.94037676353, 103.41953193841, -20.96098846959, -7.93106961675, 90.78745561074, -15.36050763362, 0, 0
-24.93644317667, 103.41870763381, -20.96162440152, -7.93644536627, 90.78593546437, -15.36112347426, 0, 0
-24.93250974369, 103.41788311125, -20.96226023855, -7.94182113653, 90.78441549059, -15.36173922044, 0, 0
-24.92857646464, 103.41705837072, -20.96289598067, -7.94719692755, 90.78289568940, -15.36235487221, 0, 0
-24.92464333953, 103.41623341224, -20.96353162787, -7.95257273930, 90.78137606081, -15.36297042963, 0, 0
-24.92071036839, 103.41540823581, -20.96416718015, -7.95794857179, 90.77985660482, -15.36358589276, 0, 0
-24.91677755125, 103.41458284143, -20.96480263750, -7.96332442500, 90.77833732142, -15.36420126164, 0, 0
-24.91284488814, 103.41375722913, -20.96543799992, -7.96870029892, 90.77681821062, -15.36481653634, 0, 0
-24.90891237908, 103.41293139890, -20.96607326739, -7.97407619356, 90.77529927241, -15.36543171690, 0, 0
-24.90498002410, 103.41210535075, -20.96670843993, -7.97945210890, 90.77378050680, -15.36604680339, 0, 0
-24.90104782323, 103.41127908469, -20.96734351751, -7.98482804493, 90.77226191379, -15.36666179585, 0, 0
-24.89711577649, 103.41045260073, -20.96797850014, -7.99020400166, 90.77074349338, -15.36727669434, 0, 0
-24.89318388391, 103.40962589887, -20.96861338780, -7.99557997906, 90.76922524556, -15.36789149892, 0, 0
-24.88925214552, 103.40879897912, -20.96924818050, -8.00095597715, 90.76770717035, -15.36850620964, 0, 0
-24.88532056135, 103.40797184150, -20.96988287823, -8.00633199590, 90.76618926773, -15.36912082655, 0, 0
-24.88138913142, 103.40714448600, -20.97051748098, -8.01170803531, 90.76467153772, -15.36973534972, 0, 0
-24.87745785576, 103.40631691263, -20.97115198875, -8.01708409537, 90.76315398030, -15.37034977918, 0, 0
-24.87352673439, 103.40548912141, -20.97178640153, -8.02246017608, 90.76163659548, -15.37096411501, 0, 0
-24.86959576735, 103.40466111234, -20.97242071932, -8.02783627744, 90.76011938327, -15.37157835724, 0, 0
-24.86566495466, 103.40383288543, -20.97305494210, -8.03321239942, 90.75860234366, -15.37219250595, 0, 0
-24.86173429635, 103.40300444068, -20.97368906988, -8.03858854203, 90.75708547665, -15.37280656117, 0, 0
-24.85780379244, 103.40217577810, -20.97432310265, -8.04396470526, 90.75556878224, -15.37342052298, 0, 0
-24.85387344296, 103.40134689771, -20.97495704040, -8.04934088910, 90.75405226043, -15.37403439141, 0, 0
-24.84994324794, 103.40051779950, -20.97559088314, -8.05471709355, 90.75253591123, -15.37464816653, 0, 0
-24.84601320741, 103.39968848349, -20.97622463084, -8.06009331859, 90.75101973463, -15.37526184839, 0, 0
-24.84208332139, 103.39885894968, -20.97685828351, -8.06546956422, 90.74950373064, -15.37587543704, 0, 0
-24.83815358991, 103.39802919808, -20.97749184115, -8.07084583044, 90.74798789925, -15.37648893254, 0, 0
-24.83422401300, 103.39719922870, -20.97812530374, -8.07622211724, 90.74647224046, -15.37710233494, 0, 0
-24.83029459068, 103.39636904155, -20.97875867128, -8.08159842460, 90.74495675428, -15.37771564431, 0, 0
-24.82636532297, 103.39553863663, -20.97939194377, -8.08697475253, 90.74344144070, -15.37832886068, 0, 0
-24.82243620992, 103.39470801395, -20.98002512119, -8.09235110101, 90.74192629973, -15.37894198412, 0, 0
-24.81850725154, 103.39387717352, -20.98065820355, -8.09772747004, 90.74041133136, -15.37955501468, 0, 0
-24.81457844786, 103.39304611535, -20.98129119084, -8.10310385961, 90.73889653560, -15.38016795242, 0, 0
-24.81064979891, 103.39221483944, -20.98192408306, -8.10848026972, 90.73738191245, -15.38078079739, 0, 0
-24.80672130472, 103.39138334581, -20.98255688019, -8.11385670035, 90.73586746190, -15.38139354964, 0, 0
-24.80279296531, 103.39055163445, -20.98318958223, -8.11923315151, 90.73435318396, -15.38200620923, 0, 0
-24.79886478070, 103.38971970538, -20.98382218918, -8.12460962317, 90.73283907862, -15.38261877621, 0, 0
-24.79493675093, 103.38888755860, -20.98445470103, -8.12998611535, 90.73132514590, -15.38323125064, 0, 0
-24.79100887603, 103.38805519413, -20.98508711778, -8.13536262802, 90.72981138578, -15.38384363258, 0, 0
-24.78708115601, 103.38722261197, -20.98571943941, -8.14073916119, 90.72829779827, -15.38445592207, 0, 0
-24.78315359091, 103.38638981212, -20.98635166593, -8.14611571483, 90.72678438336, -15.38506811917, 0, 0
-24.77922618075, 103.38555679460, -20.98698379734, -8.15149228896, 90.72527114106, -15.38568022393, 0, 0
-24.77529892556, 103.38472355941, -20.98761583361, -8.15686888356, 90.72375807137, -15.38629223642, 0, 0
-24.77137182537, 103.38389010657, -20.98824777475, -8.16224549862, 90.72224517429, -15.38690415668, 0, 0
-24.76744488021, 103.38305643607, -20.98887962076, -8.16762213414, 90.72073244982, -15.38751598476, 0, 0
-24.76351809009, 103.38222254793, -20.98951137162, -8.17299879011, 90.71921989796, -15.38812772073, 0, 0
-24.75959145505, 103.38138844215, -20.99014302733, -8.17837546652, 90.71770751870, -15.38873936464, 0, 0
-24.75566497512, 103.38055411874, -20.99077458789, -8.18375216337, 90.71619531206, -15.38935091654, 0, 0
-24.75173865031, 103.37971957771, -20.99140605329, -8.18912888065, 90.71468327802, -15.38996237648, 0, 0
-24.74781248067, 103.37888481907, -20.99203742353, -8.19450561834, 90.71317141659, -15.39057374453, 0, 0
-24.74388646621, 103.37804984282, -20.99266869859, -8.19988237645, 90.71165972777, -15.39118502073, 0, 0
-24.73996060696, 103.37721464898, -20.99329987848, -8.20525915497, 90.71014821156, -15.39179620514, 0, 0
-24.73603490295, 103.37637923754, -20.99393096319, -8.21063595389, 90.70863686796, -15.39240729781, 0, 0
-24.73210935420, 103.37554360853, -20.99456195271, -8.21601277321, 90.70712569697, -15.39301829880, 0, 0
-24.72818396075, 103.37470776193, -20.99519284704, -8.22138961290, 90.70561469858, -15.39362920816, 0, 0
-24.72425872261, 103.37387169777, -20.99582364617, -8.22676647298, 90.70410387281, -15.39424002595, 0, 0
-24.72033363982, 103.37303541605, -20.99645435009, -8.23214335343, 90.70259321965, -15.39485075221, 0, 0
-24.71640871241, 103.37219891678, -20.99708495881, -8.23752025425, 90.70108273909, -15.39546138702, 0, 0
-24.71248394039, 103.37136219997, -20.99771547231, -8.24289717542, 90.69957243115, -15.39607193041, 0, 0
-24.70855932379, 103.37052526562, -20.99834589060, -8.24827411694, 90.69806229581, -15.39668238244, 0, 0
-24.70463486265, 103.36968811374, -20.99897621365, -8.25365107881, 90.69655233309, -15.39729274317, 0, 0
-24.70071055699, 103.36885074434, -20.99960644148, -8.25902806102, 90.69504254297, -15.39790301266, 0, 0
-24.69678640684, 103.36801315743, -21.00023657407, -8.26440506355, 90.69353292546, -15.39851319095, 0, 0
-24.69286241222, 103.36717535301, -21.00086661141, -8.26978208641, 90.69202348057, -15.39912327810, 0, 0
-24.68893857315, 103.36633733109, -21.00149655351, -8.27515912958, 90.69051420828, -15.39973327417, 0, 0
-24.68501488968, 103.36549909169, -21.00212640036, -8.28053619306, 90.68900510860, -15.40034317920, 0, 0
-24.68109136181, 103.36466063480, -21.00275615195, -8.28591327684, 90.68749618153, -15.40095299326, 0, 0
-24.67716798959, 103.36382196044, -21.00338580827, -8.29129038092, 90.68598742707, -15.40156271640, 0, 0
-24.67324477303, 103.36298306861, -21.00401536932, -8.29666750528, 90.68447884521, -15.40217234867, 0, 0
-24.66932171217, 103.36214395932, -21.00464483510, -8.30204464992, 90.68297043597, -15.40278189012, 0, 0
-24.66539880702, 103.36130463258, -21.00527420560, -8.30742181484, 90.68146219934, -15.40339134081, 0, 0
-24.66147605762, 103.36046508840, -21.00590348081, -8.31279900002, 90.67995413531, -15.40400070080, 0, 0
-24.65755346400, 103.35962532679, -21.00653266072, -8.31817620546, 90.67844624390, -15.40460997014, 0, 0
-24.65363102617, 103.35878534774, -21.00716174535, -8.32355343115, 90.67693852509, -15.40521914888, 0, 0
-24.64970874417, 103.35794515128, -21.00779073466, -8.32893067709, 90.67543097889, -15.40582823708, 0, 0
-24.64578661802, 103.35710473740, -21.00841962867, -8.33430794327, 90.67392360530, -15.40643723479, 0, 0
-24.64186464775, 103.35626410612, -21.00904842737, -8.33968522967, 90.67241640431, -15.40704614206, 0, 0
-24.63794283339, 103.35542325744, -21.00967713075, -8.34506253630, 90.67090937594, -15.40765495896, 0, 0
-24.63402117496, 103.35458219137, -21.01030573880, -8.35043986315, 90.66940252017, -15.40826368553, 0, 0
-24.63009967250, 103.35374090792, -21.01093425152, -8.35581721020, 90.66789583701, -15.40887232182, 0, 0
-24.62617832601, 103.35289940710, -21.01156266890, -8.36119457746, 90.66638932645, -15.40948086790, 0, 0
-24.62225713554, 103.35205768892, -21.01219099095, -8.36657196491, 90.66488298851, -15.41008932382, 0, 0
-24.61833610111, 103.35121575337, -21.01281921764, -8.37194937255, 90.66337682317, -15.41069768962, 0, 0
-24.61441522275, 103.35037360048, -21.01344734899, -8.37732680037, 90.66187083043, -15.41130596538, 0, 0
-24.61049450048, 103.34953123024, -21.01407538497, -8.38270424837, 90.66036501031, -15.41191415113, 0, 0
-24.60657393432, 103.34868864267, -21.01470332559, -8.38808171653, 90.65885936279, -15.41252224693, 0, 0
-24.60265352432, 103.34784583777, -21.01533117084, -8.39345920485, 90.65735388787, -15.41313025284, 0, 0
-24.59873327048, 103.34700281556, -21.01595892072, -8.39883671332, 90.65584858556, -15.41373816891, 0, 0
-24.59481317285, 103.34615957603, -21.01658657522, -8.40421424194, 90.65434345586, -15.41434599520, 0, 0
-24.59089323144, 103.34531611920, -21.01721413433, -8.40959179070, 90.65283849876, -15.41495373176, 0, 0
-24.58697344628, 103.34447244508, -21.01784159805, -8.41496935959, 90.65133371427, -15.41556137864, 0, 0
-24.58305381740, 103.34362855367, -21.01846896638, -8.42034694860, 90.64982910238, -15.41616893590, 0, 0
-24.57913434482, 103.34278444497, -21.01909623930, -8.42572455773, 90.64832466309, -15.41677640359, 0, 0
-24.57521502858, 103.34194011901, -21.01972341681, -8.43110218697, 90.64682039641, -15.41738378177, 0, 0
-24.57129586869, 103.34109557579, -21.02035049891, -8.43647983631, 90.64531630233, -15.41799107049, 0, 0
-24.56737686519, 103.34025081530, -21.02097748559, -8.44185750575, 90.64381238085, -15.41859826980, 0, 0
-24.56345801810, 103.33940583757, -21.02160437685, -8.44723519527, 90.64230863198, -15.41920537976, 0, 0
-24.55953932745, 103.33856064260, -21.02223117267, -8.45261290488, 90.64080505571, -15.41981240043, 0, 0
-24.55562079327, 103.33771523040, -21.02285787307, -8.45799063456, 90.63930165204, -15.42041933185, 0, 0
-24.55170241557, 103.33686960097, -21.02348447802, -8.46336838431, 90.63779842097, -15.42102617408, 0, 0
-24.54778419439, 103.33602375433, -21.02411098752, -8.46874615412, 90.63629536251, -15.42163292718, 0, 0
-24.54386612976, 103.33517769047, -21.02473740157, -8.47412394399, 90.63479247664, -15.42223959119, 0, 0
-24.53994822169, 103.33433140942, -21.02536372017, -8.47950175390, 90.63328976338, -15.42284616618, 0, 0
-24.53603047022, 103.33348491117, -21.02598994330, -8.48487958384, 90.63178722271, -15.42345265219, 0, 0
-24.53211287538, 103.33263819574, -21.02661607096, -8.49025743382, 90.63028485465, -15.42405904929, 0, 0
-24.52819543718, 103.33179126313, -21.02724210315, -8.49563530383, 90.62878265918, -15.42466535752, 0, 0
-24.52427815566, 103.33094411335, -21.02786803985, -8.50101319385, 90.62728063632, -15.42527157694, 0, 0
-24.52036103084, 103.33009674641, -21.02849388108, -8.50639110388, 90.62577878605, -15.42587770761, 0, 0
-24.51644406276, 103.32924916232, -21.02911962681, -8.51176903392, 90.62427710837, -15.42648374957, 0, 0
-24.51252725142, 103.32840136108, -21.02974527705, -8.51714698395, 90.62277560330, -15.42708970288, 0, 0
-24.50861059687, 103.32755334270, -21.03037083178, -8.52252495397, 90.62127427082, -15.42769556760, 0, 0
-24.50469409913, 103.32670510719, -21.03099629101, -8.52790294397, 90.61977311094, -15.42830134377, 0, 0
-24.50077775822, 103.32585665456, -21.03162165472, -8.53328095395, 90.61827212365, -15.42890703146, 0, 0
-24.49686157417, 103.32500798482, -21.03224692292, -8.53865898390, 90.61677130896, -15.42951263072, 0, 0
-24.49294554701, 103.32415909797, -21.03287209559, -8.54403703380, 90.61527066687, -15.43011814160, 0, 0
-24.48902967677, 103.32330999402, -21.03349717273, -8.54941510366, 90.61377019736, -15.43072356415, 0, 0
-24.48511396346, 103.32246067298, -21.03412215434, -8.55479319347, 90.61226990045, -15.43132889844, 0, 0
-24.48119840713, 103.32161113486, -21.03474704040, -8.56017130321, 90.61076977614, -15.43193414450, 0, 0
-24.47728300778, 103.32076137966, -21.03537183093, -8.56554943289, 90.60926982441, -15.43253930241, 0, 0
-24.47336776545, 103.31991140740, -21.03599652589, -8.57092758249, 90.60777004528, -15.43314437220, 0, 0
-24.46945268017, 103.31906121808, -21.03662112531, -8.57630575201, 90.60627043874, -15.43374935394, 0, 0
-24.46553775196, 103.31821081171, -21.03724562916, -8.58168394145, 90.60477100479, -15.43435424768, 0, 0
-24.46162298085, 103.31736018829, -21.03787003744, -8.58706215078, 90.60327174343, -15.43495905347, 0, 0
-24.45770836687, 103.31650934784, -21.03849435014, -8.59244038001, 90.60177265466, -15.43556377137, 0, 0
-24.45379391004, 103.31565829037, -21.03911856727, -8.59781862913, 90.60027373848, -15.43616840143, 0, 0
-24.44987961038, 103.31480701587, -21.03974268882, -8.60319689813, 90.59877499488, -15.43677294370, 0, 0
-24.44596546793, 103.31395552436, -21.04036671477, -8.60857518701, 90.59727642388, -15.43737739824, 0, 0
-24.44205148270, 103.31310381585, -21.04099064513, -8.61395349576, 90.59577802546, -15.43798176511, 0, 0
-24.43813765474, 103.31225189035, -21.04161447988, -8.61933182436, 90.59427979962, -15.43858604435, 0, 0
-24.43422398406, 103.31139974786, -21.04223821903, -8.62471017283, 90.59278174637, -15.43919023602, 0, 0
-24.43031047068, 103.31054738839, -21.04286186257, -8.63008854113, 90.59128386571, -15.43979434018, 0, 0
-24.42639711464, 103.30969481194, -21.04348541049, -8.63546692928, 90.58978615763, -15.44039835688, 0, 0
-24.42248391597, 103.30884201854, -21.04410886278, -8.64084533726, 90.58828862213, -15.44100228616, 0, 0
-24.41857087468, 103.30798900818, -21.04473221945, -8.64622376506, 90.58679125922, -15.44160612810, 0, 0
-24.41465799080, 103.30713578087, -21.04535548048, -8.65160221268, 90.58529406889, -15.44220988273, 0, 0
-24.41074526437, 103.30628233662, -21.04597864587, -8.65698068012, 90.58379705113, -15.44281355012, 0, 0
-24.40683269540, 103.30542867544, -21.04660171562, -8.66235916735, 90.58230020596, -15.44341713031, 0, 0
-24.40292028393, 103.30457479734, -21.04722468971, -8.66773767439, 90.58080353337, -15.44402062337, 0, 0
-24.39900802997, 103.30372070233, -21.04784756815, -8.67311620121, 90.57930703336, -15.44462402934, 0, 0
-24.39509593356, 103.30286639040, -21.04847035093, -8.67849474782, 90.57781070593, -15.44522734828, 0, 0
-24.39118399472, 103.30201186158, -21.04909303803, -8.68387331420, 90.57631455107, -15.44583058025, 0, 0
-24.38727221348, 103.30115711586, -21.04971562947, -8.68925190034, 90.57481856879, -15.44643372529, 0, 0
-24.38336058987, 103.30030215326, -21.05033812522, -8.69463050625, 90.57332275908, -15.44703678346, 0, 0
-24.37944912390, 103.29944697379, -21.05096052530, -8.70000913192, 90.57182712195, -15.44763975482, 0, 0
-24.37553781561, 103.29859157745, -21.05158282968, -8.70538777733, 90.57033165740, -15.44824263941, 0, 0
-24.37162666503, 103.29773596425, -21.05220503836, -8.71076644248, 90.56883636542, -15.44884543730, 0, 0
-24.36771567217, 103.29688013420, -21.05282715135, -8.71614512736, 90.56734124601, -15.44944814853, 0, 0
-24.36380483707, 103.29602408730, -21.05344916863, -8.72152383197, 90.56584629917, -15.45005077317, 0, 0
-24.35989415975, 103.29516782357, -21.05407109020, -8.72690255629, 90.56435152490, -15.45065331125, 0, 0
-24.35598364024, 103.29431134301, -21.05469291604, -8.73228130033, 90.56285692320, -15.45125576285, 0, 0
-24.35207327856, 103.29345464564, -21.05531464617, -8.73766006407, 90.56136249407, -15.45185812800, 0, 0
-24.34816307474, 103.29259773145, -21.05593628057, -8.74303884751, 90.55986823751, -15.45246040677, 0, 0
-24.34425302881, 103.29174060046, -21.05655781923, -8.74841765063, 90.55837415351, -15.45306259921, 0, 0
-24.34034314078, 103.29088325267, -21.05717926216, -8.75379647344, 90.55688024209, -15.45366470538, 0, 0
-24.33643341070, 103.29002568810, -21.05780060933, -8.75917531592, 90.55538650322, -15.45426672532, 0, 0
-24.33252383858, 103.28916790675, -21.05842186076, -8.76455417808, 90.55389293692, -15.45486865908, 0, 0
-24.32861442446, 103.28830990863, -21.05904301643, -8.76993305989, 90.55239954319, -15.45547050674, 0, 0
-24.32470516835, 103.28745169374, -21.05966407634, -8.77531196135, 90.55090632202, -15.45607226833, 0, 0
-24.32079607028, 103.28659326210, -21.06028504048, -8.78069088247, 90.54941327341, -15.45667394391, 0, 0
-24.31688713028, 103.28573461371, -21.06090590885, -8.78606982322, 90.54792039735, -15.45727553354, 0, 0
-24.31297834838, 103.28487574859, -21.06152668144, -8.79144878360, 90.54642769386, -15.45787703726, 0, 0
-24.30906972460, 103.28401666673, -21.06214735825, -8.79682776361, 90.54493516293, -15.45847845514, 0, 0
-24.30516125896, 103.28315736815, -21.06276793927, -8.80220676324, 90.54344280455, -15.45907978723, 0, 0
-24.30125295150, 103.28229785286, -21.06338842449, -8.80758578248, 90.54195061874, -15.45968103357, 0, 0
-24.29734480224, 103.28143812086, -21.06400881391, -8.81296482132, 90.54045860547, -15.46028219423, 0, 0
-24.29343681121, 103.28057817216, -21.06462910753, -8.81834387976, 90.53896676476, -15.46088326926, 0, 0
-24.28952897842, 103.27971800678, -21.06524930533, -8.82372295779, 90.53747509661, -15.46148425871, 0, 0
-24.28562130392, 103.27885762471, -21.06586940732, -8.82910205540, 90.53598360100, -15.46208516263, 0, 0
-24.28171378771, 103.27799702596, -21.06648941348, -8.83448117258, 90.53449227795, -15.46268598108, 0, 0
-24.27780642984, 103.27713621055, -21.06710932382, -8.83986030934, 90.53300112745, -15.46328671411, 0, 0
-24.27389923032, 103.27627517849, -21.06772913832, -8.84523946565, 90.53151014950, -15.46388736178, 0, 0
-24.26999218919, 103.27541392977, -21.06834885698, -8.85061864152, 90.53001934410, -15.46448792414, 0, 0
-24.26608530646, 103.27455246441, -21.06896847980, -8.85599783693, 90.52852871124, -15.46508840124, 0, 0
-24.26217858217, 103.27369078242, -21.06958800676, -8.86137705188, 90.52703825093, -15.46568879314, 0, 0
-24.25827201634, 103.27282888380, -21.07020743787, -8.86675628637, 90.52554796316, -15.46628909989, 0, 0
-24.25436560899, 103.27196676857, -21.07082677312, -8.87213554038, 90.52405784794, -15.46688932155, 0, 0
-24.25045936016, 103.27110443672, -21.07144601250, -8.87751481391, 90.52256790526, -15.46748945816, 0, 0
-24.24655326986, 103.27024188828, -21.07206515601, -8.88289410694, 90.52107813512, -15.46808950978, 0, 0
-24.24264733813, 103.26937912324, -21.07268420364, -8.88827341948, 90.51958853752, -15.46868947647, 0, 0
-24.23874156499, 103.26851614162, -21.07330315539, -8.89365275152, 90.51809911246, -15.46928935828, 0, 0
-24.23483595046, 103.26765294342, -21.07392201125, -8.89903210305, 90.51660985994, -15.46988915526, 0, 0
-24.23093049458, 103.26678952866, -21.07454077121, -8.90441147405, 90.51512077995, -15.47048886746, 0, 0
-24.22702519736, 103.26592589733, -21.07515943528, -8.90979086454, 90.51363187250, -15.47108849495, 0, 0
-24.22312005884, 103.26506204945, -21.07577800343, -8.91517027449, 90.51214313759, -15.47168803777, 0, 0
-24.21921507903, 103.26419798503, -21.07639647568, -8.92054970390, 90.51065457521, -15.47228749597, 0, 0
-24.21531025798, 103.26333370407, -21.07701485201, -8.92592915276, 90.50916618536, -15.47288686962, 0, 0
-24.21140559569, 103.26246920658, -21.07763313241, -8.93130862107, 90.50767796804, -15.47348615876, 0, 0
-24.20750109220, 103.26160449257, -21.07825131689, -8.93668810882, 90.50618992325, -15.47408536345, 0, 0
-24.20359674754, 103.26073956206, -21.07886940544, -8.94206761600, 90.50470205099, -15.47468448374, 0, 0
-24.19969256173, 103.25987441504, -21.07948739804, -8.94744714260, 90.50321435125, -15.47528351968, 0, 0
-24.19578853479, 103.25900905152, -21.08010529470, -8.95282668862, 90.50172682404, -15.47588247133, 0, 0
-24.19188466675, 103.25814347152, -21.08072309541, -8.95820625406, 90.50023946936, -15.47648133875, 0, 0
-24.18798095764, 103.25727767504, -21.08134080017, -8.96358583889, 90.49875228719, -15.47708012197, 0, 0
-24.18407740748, 103.25641166209, -21.08195840896, -8.96896544312, 90.49726527755, -15.47767882107, 0, 0
-24.18017401631, 103.25554543267, -21.08257592179, -8.97434506674, 90.49577844044, -15.47827743609, 0, 0
-24.17627078413, 103.25467898680, -21.08319333864, -8.97972470974, 90.49429177583, -15.47887596709, 0, 0
-24.17236771099, 103.25381232449, -21.08381065952, -8.98510437211, 90.49280528375, -15.47947441412, 0, 0
-24.16846479691, 103.25294544574, -21.08442788441, -8.99048405385, 90.49131896419, -15.48007277723, 0, 0
-24.16456204190, 103.25207835056, -21.08504501332, -8.99586375495, 90.48983281714, -15.48067105648, 0, 0
-24.16065944601, 103.25121103896, -21.08566204622, -9.00124347541, 90.48834684260, -15.48126925191, 0, 0
-24.15675700925, 103.25034351094, -21.08627898313, -9.00662321521, 90.48686104057, -15.48186736359, 0, 0
-24.15285473165, 103.24947576652, -21.08689582404, -9.01200297434, 90.48537541106, -15.48246539157, 0, 0
-24.14895261324, 103.24860780570, -21.08751256893, -9.01738275281, 90.48388995406, -15.48306333590, 0, 0
-24.14505065404, 103.24773962850, -21.08812921781, -9.02276255060, 90.48240466956, -15.48366119663, 0, 0
-24.14114885407, 103.24687123491, -21.08874577066, -9.02814236771, 90.48091955757, -15.48425897382, 0, 0
-24.13724721337, 103.24600262495, -21.08936222748, -9.03352220413, 90.47943461809, -15.48485666752, 0, 0
-24.13334573196, 103.24513379863, -21.08997858828, -9.03890205985, 90.47794985111, -15.48545427779, 0, 0
-24.12944440986, 103.24426475595, -21.09059485303, -9.04428193487, 90.47646525663, -15.48605180467, 0, 0
-24.12554324711, 103.24339549693, -21.09121102174, -9.04966182917, 90.47498083466, -15.48664924823, 0, 0
-24.12164224372, 103.24252602156, -21.09182709440, -9.05504174276, 90.47349658518, -15.48724660851, 0, 0
-24.11774139972, 103.24165632987, -21.09244307100, -9.06042167561, 90.47201250820, -15.48784388557, 0, 0
-24.11384071514, 103.24078642185, -21.09305895154, -9.06580162774, 90.47052860372, -15.48844107946, 0, 0
-24.10994019001, 103.23991629752, -21.09367473602, -9.07118159912, 90.46904487174, -15.48903819024, 0, 0
-24.10603982435, 103.23904595688, -21.09429042442, -9.07656158976, 90.46756131225, -15.48963521795, 0, 0
-24.10213961818, 103.23817539995, -21.09490601674, -9.08194159964, 90.46607792525, -15.49023216266, 0, 0
-24.09823957153, 103.23730462672, -21.09552151299, -9.08732162875, 90.46459471074, -15.49082902441, 0, 0
-24.09433968443, 103.23643363721, -21.09613691314, -9.09270167710, 90.46311166872, -15.49142580326, 0, 0
-24.09043995690, 103.23556243143, -21.09675221720, -9.09808174467, 90.46162879919, -15.49202249927, 0, 0
-24.08654038897, 103.23469100939, -21.09736742516, -9.10346183146, 90.46014610214, -15.49261911248, 0, 0
-24.08264098067, 103.23381937109, -21.09798253701, -9.10884193745, 90.45866357758, -15.49321564295, 0, 0
-24.07874173201, 103.23294751654, -21.09859755275, -9.11422206265, 90.45718122551, -15.49381209073, 0, 0
-24.07484264304, 103.23207544575, -21.09921247238, -9.11960220704, 90.45569904591, -15.49440845588, 0, 0
-24.07094371376, 103.23120315873, -21.09982729588, -9.12498237062, 90.45421703880, -15.49500473845, 0, 0
-24.06704494421, 103.23033065548, -21.10044202326, -9.13036255338, 90.45273520416, -15.49560093849, 0, 0
-24.06314633441, 103.22945793602, -21.10105665450, -9.13574275531, 90.45125354200, -15.49619705606, 0, 0
-24.05924788439, 103.22858500035, -21.10167118960, -9.14112297641, 90.44977205231, -15.49679309120, 0, 0
-24.05534959418, 103.22771184849, -21.10228562856, -9.14650321667, 90.44829073510, -15.49738904398, 0, 0
-24.05145146379, 103.22683848043, -21.10289997137, -9.15188347607, 90.44680959036, -15.49798491445, 0, 0
-24.04755349326, 103.22596489619, -21.10351421803, -9.15726375462, 90.44532861810, -15.49858070266, 0, 0
-24.04365568262, 103.22509109578, -21.10412836852, -9.16264405231, 90.44384781830, -15.49917640865, 0, 0
-24.03975803187, 103.22421707920, -21.10474242285, -9.16802436913, 90.44236719096, -15.49977203250, 0, 0
-24.03586054107, 103.22334284647, -21.10535638100, -9.17340470507, 90.44088673609, -15.50036757424, 0, 0
-24.03196321022, 103.22246839759, -21.10597024298, -9.17878506012, 90.43940645369, -15.50096303394, 0, 0
-24.02806603935, 103.22159373256, -21.10658400877, -9.18416543428, 90.43792634375, -15.50155841165, 0, 0
-24.02416902849, 103.22071885141, -21.10719767838, -9.18954582755, 90.43644640627, -15.50215370741, 0, 0
-24.02027217767, 103.21984375413, -21.10781125179, -9.19492623990, 90.43496664124, -15.50274892129, 0, 0
-24.01637548691, 103.21896844073, -21.10842472900, -9.20030667135, 90.43348704868, -15.50334405333, 0, 0
-24.01247895624, 103.21809291123, -21.10903811001, -9.20568712187, 90.43200762857, -15.50393910359, 0, 0
-24.00858258567, 103.21721716563, -21.10965139480, -9.21106759146, 90.43052838091, -15.50453407213, 0, 0
-24.00468637525, 103.21634120394, -21.11026458338, -9.21644808012, 90.42904930571, -15.50512895899, 0, 0
-24.00079032499, 103.21546502616, -21.11087767574, -9.22182858784, 90.42757040295, -15.50572376423, 0, 0
-23.99689443491, 103.21458863231, -21.11149067186, -9.22720911460, 90.42609167264, -15.50631848790, 0, 0
-23.99299870505, 103.21371202240, -21.11210357176, -9.23258966041, 90.42461311478, -15.50691313006, 0, 0
-23.98910313543, 103.21283519643, -21.11271637542, -9.23797022526, 90.42313472937, -15.50750769076, 0, 0
-23.98520772608, 103.21195815441, -21.11332908283, -9.24335080913, 90.42165651640, -15.50810217005, 0, 0
-23.98131247702, 103.21108089635, -21.11394169399, -9.24873141202, 90.42017847587, -15.50869656799, 0, 0
-23.97741738827, 103.21020342226, -21.11455420890, -9.25411203393, 90.41870060777, -15.50929088462, 0, 0
-23.97352245987, 103.20932573214, -21.11516662755, -9.25949267485, 90.41722291212, -15.50988512001, 0, 0
-23.96962769183, 103.20844782601, -21.11577894993, -9.26487333476, 90.41574538890, -15.51047927420, 0, 0
-23.96573308419, 103.20756970387, -21.11639117603, -9.27025401367, 90.41426803812, -15.51107334726, 0, 0
-23.96183863697, 103.20669136574, -21.11700330587, -9.27563471157, 90.41279085976, -15.51166733922, 0, 0
-23.95794435019, 103.20581281161, -21.11761533941, -9.28101542844, 90.41131385384, -15.51226125015, 0, 0
-23.95405022388, 103.20493404150, -21.11822727667, -9.28639616428, 90.40983702035, -15.51285508010, 0, 0
-23.95015625806, 103.20405505542, -21.11883911764, -9.29177691909, 90.40836035928, -15.51344882912, 0, 0
-23.94626245277, 103.20317585337, -21.11945086230, -9.29715769285, 90.40688387064, -15.51404249726, 0, 0
-23.94236880802, 103.20229643537, -21.12006251066, -9.30253848556, 90.40540755442, -15.51463608458, 0, 0
-23.93847532384, 103.20141680141, -21.12067406271, -9.30791929721, 90.40393141062, -15.51522959113, 0, 0
-23.93458200026, 103.20053695152, -21.12128551844, -9.31330012780, 90.40245543924, -15.51582301697, 0, 0
-23.93068883731, 103.19965688570, -21.12189687785, -9.31868097732, 90.40097964028, -15.51641636215, 0, 0
-23.92679583500, 103.19877660395, -21.12250814094, -9.32406184575, 90.39950401373, -15.51700962671, 0, 0
-23.92290299337, 103.19789610629, -21.12311930769, -9.32944273310, 90.39802855959, -15.51760281072, 0, 0
-23.91901031243, 103.19701539272, -21.12373037810, -9.33482363936, 90.39655327787, -15.51819591423, 0, 0
-23.91511779222, 103.19613446326, -21.12434135216, -9.34020456451, 90.39507816856, -15.51878893728, 0, 0
-23.91122543276, 103.19525331790, -21.12495222988, -9.34558550856, 90.39360323165, -15.51938187994, 0, 0
-23.90733323408, 103.19437195667, -21.12556301124, -9.35096647149, 90.39212846715, -15.51997474226, 0, 0
-23.90344119620, 103.19349037956, -21.12617369624, -9.35634745329, 90.39065387505, -15.52056752428, 0, 0
-23.89954931914, 103.19260858658, -21.12678428488, -9.36172845397, 90.38917945535, -15.52116022607, 0, 0
-23.89565760293, 103.19172657775, -21.12739477714, -9.36710947351, 90.38770520806, -15.52175284767, 0, 0
-23.89176604761, 103.19084435308, -21.12800517303, -9.37249051190, 90.38623113316, -15.52234538915, 0, 0
-23.88787465318, 103.18996191256, -21.12861547253, -9.37787156914, 90.38475723065, -15.52293785054, 0, 0
-23.88398341968, 103.18907925622, -21.12922567564, -9.38325264523, 90.38328350054, -15.52353023191, 0, 0
-23.88009234714, 103.18819638405, -21.12983578236, -9.38863374014, 90.38180994282, -15.52412253331, 0, 0
-23.87620143557, 103.18731329607, -21.13044579268, -9.39401485388, 90.38033655749, -15.52471475479, 0, 0
-23.87231068501, 103.18642999228, -21.13105570660, -9.39939598645, 90.37886334455, -15.52530689640, 0, 0
-23.86842009548, 103.18554647270, -21.13166552410, -9.40477713782, 90.37739030399, -15.52589895820, 0, 0
-23.86452966701, 103.18466273733, -21.13227524519, -9.41015830800, 90.37591743581, -15.52649094025, 0, 0
-23.86063939961, 103.18377878618, -21.13288486985, -9.41553949697, 90.37444474002, -15.52708284258, 0, 0
-23.85674929332, 103.18289461926, -21.13349439809, -9.42092070474, 90.37297221660, -15.52767466527, 0, 0
-23.85285934816, 103.18201023657, -21.13410382989, -9.42630193129, 90.37149986556, -15.52826640835, 0, 0
-23.84896956416, 103.18112563813, -21.13471316526, -9.43168317661, 90.37002768690, -15.52885807188, 0, 0
-23.84507994134, 103.18024082395, -21.13532240418, -9.43706444070, 90.36855568061, -15.52944965592, 0, 0
-23.84119047972, 103.17935579402, -21.13593154665, -9.44244572356, 90.36708384669, -15.53004116052, 0, 0
-23.83730117934, 103.17847054837, -21.13654059267, -9.44782702516, 90.36561218513, -15.53063258574, 0, 0
-23.83341204022, 103.17758508700, -21.13714954223, -9.45320834552, 90.36414069595, -15.53122393161, 0, 0
-23.82952306237, 103.17669940992, -21.13775839532, -9.45858968461, 90.36266937912, -15.53181519821, 0, 0
-23.82563424584, 103.17581351713, -21.13836715193, -9.46397104244, 90.36119823466, -15.53240638558, 0, 0
-23.82174559064, 103.17492740865, -21.13897581207, -9.46935241899, 90.35972726256, -15.53299749377, 0, 0
-23.81785709680, 103.17404108448, -21.13958437573, -9.47473381426, 90.35825646282, -15.53358852283, 0, 0
-23.81396876435, 103.17315454463, -21.14019284290, -9.48011522824, 90.35678583543, -15.53417947283, 0, 0
-23.81008059330, 103.17226778912, -21.14080121357, -9.48549666092, 90.35531538039, -15.53477034381, 0, 0
-23.80619258369, 103.17138081794, -21.14140948775, -9.49087811230, 90.35384509771, -15.53536113583, 0, 0
-23.80230473554, 103.17049363111, -21.14201766542, -9.49625958237, 90.35237498737, -15.53595184894, 0, 0
-23.79841704887, 103.16960622864, -21.14262574657, -9.50164107112, 90.35090504938, -15.53654248319, 0, 0
-23.79452952371, 103.16871861053, -21.14323373122, -9.50702257854, 90.34943528373, -15.53713303863, 0, 0
-23.79064216009, 103.16783077679, -21.14384161933, -9.51240410463, 90.34796569043, -15.53772351532, 0, 0
-23.78675495803, 103.16694272744, -21.14444941093, -9.51778564938, 90.34649626946, -15.53831391331, 0, 0
-23.78286791756, 103.16605446247, -21.14505710599, -9.52316721278, 90.34502702084, -15.53890423266, 0, 0
-23.77898103870, 103.16516598191, -21.14566470451, -9.52854879483, 90.34355794454, -15.53949447341, 0, 0
-23.77509432147, 103.16427728575, -21.14627220648, -9.53393039552, 90.34208904059, -15.54008463563, 0, 0
-23.77120776591, 103.16338837401, -21.14687961191, -9.53931201483, 90.34062030896, -15.54067471935, 0, 0
-23.76732137203, 103.16249924669, -21.14748692078, -9.54469365278, 90.33915174965, -15.54126472464, 0, 0
-23.76343513987, 103.16160990380, -21.14809413309, -9.55007530933, 90.33768336268, -15.54185465155, 0, 0
-23.75954906944, 103.16072034536, -21.14870124883, -9.55545698450, 90.33621514803, -15.54244450014, 0, 0
-23.75566316078, 103.15983057137, -21.14930826800, -9.56083867827, 90.33474710570, -15.54303427044, 0, 0
-23.75177741390, 103.15894058183, -21.14991519060, -9.56622039063, 90.33327923568, -15.54362396253, 0, 0
-23.74789182884, 103.15805037676, -21.15052201661, -9.57160212158, 90.33181153799, -15.54421357644, 0, 0
-23.74400640562, 103.15715995617, -21.15112874603, -9.57698387111, 90.33034401261, -15.54480311224, 0, 0
-23.74012114426, 103.15626932006, -21.15173537886, -9.58236563921, 90.32887665954, -15.54539256997, 0, 0
-23.73623604478, 103.15537846844, -21.15234191509, -9.58774742588, 90.32740947878, -15.54598194969, 0, 0
-23.73235110722, 103.15448740133, -21.15294835471, -9.59312923111, 90.32594247032, -15.54657125146, 0, 0
-23.72846633161, 103.15359611872, -21.15355469772, -9.59851105489, 90.32447563417, -15.54716047532, 0, 0
-23.72458171795, 103.15270462064, -21.15416094412, -9.60389289721, 90.32300897033, -15.54774962132, 0, 0
-23.72069726628, 103.15181290708, -21.15476709389, -9.60927475807, 90.32154247878, -15.54833868953, 0, 0
-23.71681297663, 103.15092097806, -21.15537314703, -9.61465663745, 90.32007615953, -15.54892767999, 0, 0
-23.71292884902, 103.15002883358, -21.15597910355, -9.62003853536, 90.31861001257, -15.54951659276, 0, 0
-23.70904488347, 103.14913647365, -21.15658496342, -9.62542045179, 90.31714403791, -15.55010542788, 0, 0
-23.70516108001, 103.14824389828, -21.15719072665, -9.63080238672, 90.31567823554, -15.55069418542, 0, 0
-23.70127743866, 103.14735110749, -21.15779639323, -9.63618434015, 90.31421260545, -15.55128286542, 0, 0
-23.69739395946, 103.14645810127, -21.15840196315, -9.64156631208, 90.31274714765, -15.55187146794, 0, 0
-23.69351064242, 103.14556487964, -21.15900743641, -9.64694830249, 90.31128186213, -15.55245999303, 0, 0
-23.68962748757, 103.14467144261, -21.15961281301, -9.65233031138, 90.30981674889, -15.55304844075, 0, 0
-23.68574449494, 103.14377779018, -21.16021809293, -9.65771233874, 90.30835180793, -15.55363681114, 0, 0
-23.68186166454, 103.14288392236, -21.16082327618, -9.66309438456, 90.30688703925, -15.55422510425, 0, 0
-23.67797899641, 103.14198983917, -21.16142836274, -9.66847644885, 90.30542244283, -15.55481332015, 0, 0
-23.67409649057, 103.14109554060, -21.16203335262, -9.67385853158, 90.30395801869, -15.55540145889, 0, 0
-23.67021414705, 103.14020102668, -21.16263824580, -9.67924063275, 90.30249376681, -15.55598952051, 0, 0
-23.66633196586, 103.13930629740, -21.16324304228, -9.68462275236, 90.30102968720, -15.55657750507, 0, 0
-23.66244994704, 103.13841135278, -21.16384774205, -9.69000489039, 90.29956577985, -15.55716541263, 0, 0
-23.65856809062, 103.13751619282, -21.16445234511, -9.69538704685, 90.29810204476, -15.55775324323, 0, 0
-23.65468639660, 103.13662081754, -21.16505685146, -9.70076922172, 90.29663848193, -15.55834099692, 0, 0
-23.65080486503, 103.13572522694, -21.16566126108, -9.70615141500, 90.29517509135, -15.55892867377, 0, 0
-23.64692349592, 103.13482942102, -21.16626557398, -9.71153362667, 90.29371187302, -15.55951627383, 0, 0
-23.64304228931, 103.13393339981, -21.16686979014, -9.71691585674, 90.29224882695, -15.56010379714, 0, 0
-23.63916124521, 103.13303716331, -21.16747390957, -9.72229810519, 90.29078595312, -15.56069124375, 0, 0
-23.63528036364, 103.13214071152, -21.16807793225, -9.72768037201, 90.28932325153, -15.56127861374, 0, 0
-23.63139964465, 103.13124404446, -21.16868185818, -9.73306265721, 90.28786072219, -15.56186590713, 0, 0
-23.62751908824, 103.13034716213, -21.16928568735, -9.73844496077, 90.28639836508, -15.56245312399, 0, 0
-23.62363869445, 103.12945006455, -21.16988941976, -9.74382728268, 90.28493618021, -15.56304026438, 0, 0
-23.61975846330, 103.12855275171, -21.17049305541, -9.74920962294, 90.28347416757, -15.56362732833, 0, 0
-23.61587839482, 103.12765522364, -21.17109659428, -9.75459198154, 90.28201232717, -15.56421431592, 0, 0
-23.61199848903, 103.12675748033, -21.17170003638, -9.75997435848, 90.28055065899, -15.56480122718, 0, 0
-23.60811874595, 103.12585952181, -21.17230338169, -9.76535675374, 90.27908916304, -15.56538806217, 0, 0
-23.60423916561, 103.12496134806, -21.17290663022, -9.77073916732, 90.27762783931, -15.56597482094, 0, 0
-23.60035974803, 103.12406295912, -21.17350978195, -9.77612159921, 90.27616668780, -15.56656150355, 0, 0
-23.59648049325, 103.12316435497, -21.17411283687, -9.78150404940, 90.27470570850, -15.56714811005, 0, 0
-23.59260140128, 103.12226553564, -21.17471579500, -9.78688651790, 90.27324490143, -15.56773464050, 0, 0
-23.58872247215, 103.12136650113, -21.17531865631, -9.79226900468, 90.27178426656, -15.56832109493, 0, 0
-23.58484370589, 103.12046725145, -21.17592142081, -9.79765150974, 90.27032380390, -15.56890747342, 0, 0
-23.58096510251, 103.11956778660, -21.17652408848, -9.80303403308, 90.26886351345, -15.56949377600, 0, 0
-23.57708666205, 103.11866810661, -21.17712665932, -9.80841657469, 90.26740339520, -15.57008000274, 0, 0
-23.57320838453, 103.11776821147, -21.17772913333, -9.81379913455, 90.26594344916, -15.57066615368, 0, 0
-23.56933026997, 103.11686810119, -21.17833151051, -9.81918171267, 90.26448367531, -15.57125222888, 0, 0
-23.56545231840, 103.11596777579, -21.17893379083, -9.82456430904, 90.26302407365, -15.57183822838, 0, 0
-23.56157452985, 103.11506723526, -21.17953597431, -9.82994692365, 90.26156464419, -15.57242415226, 0, 0
-23.55769690433, 103.11416647963, -21.18013806093, -9.83532955648, 90.26010538692, -15.57301000054, 0, 0
-23.55381944188, 103.11326550890, -21.18074005069, -9.84071220754, 90.25864630184, -15.57359577330, 0, 0
-23.54994214252, 103.11236432307, -21.18134194359, -9.84609487682, 90.25718738893, -15.57418147057, 0, 0
-23.54606500627, 103.11146292216, -21.18194373961, -9.85147756431, 90.25572864821, -15.57476709242, 0, 0
-23.54218803315, 103.11056130618, -21.18254543875, -9.85686027000, 90.25427007967, -15.57535263890, 0, 0
-23.53831122320, 103.10965947513, -21.18314704101, -9.86224299388, 90.25281168331, -15.57593811005, 0, 0
-23.53443457644, 103.10875742903, -21.18374854638, -9.86762573595, 90.25135345911, -15.57652350594, 0, 0
-23.53055809290, 103.10785516787, -21.18434995486, -9.87300849621, 90.24989540709, -15.57710882661, 0, 0
-23.52668177258, 103.10695269168, -21.18495126643, -9.87839127463, 90.24843752723, -15.57769407211, 0, 0
-23.52280561554, 103.10605000045, -21.18555248110, -9.88377407123, 90.24697981954, -15.57827924251, 0, 0
-23.51892962177, 103.10514709420, -21.18615359886, -9.88915688598, 90.24552228400, -15.57886433784, 0, 0
-23.51505379132, 103.10424397294, -21.18675461970, -9.89453971888, 90.24406492063, -15.57944935817, 0, 0
-23.51117812421, 103.10334063668, -21.18735554362, -9.89992256992, 90.24260772941, -15.58003430355, 0, 0
-23.50730262046, 103.10243708541, -21.18795637061, -9.90530543911, 90.24115071034, -15.58061917402, 0, 0
-23.50342728009, 103.10153331917, -21.18855710066, -9.91068832642, 90.23969386342, -15.58120396965, 0, 0
-23.49955210314, 103.10062933794, -21.18915773378, -9.91607123185, 90.23823718865, -15.58178869048, 0, 0
-23.49567708962, 103.09972514174, -21.18975826995, -9.92145415540, 90.23678068602, -15.58237333657, 0, 0
-23.49180223956, 103.09882073058, -21.19035870917, -9.92683709706, 90.23532435553, -15.58295790796, 0, 0
-23.48792755299, 103.09791610447, -21.19095905144, -9.93222005682, 90.23386819718, -15.58354240472, 0, 0
-23.48405302992, 103.09701126342, -21.19155929674, -9.93760303467, 90.23241221096, -15.58412682689, 0, 0
-23.48017867040, 103.09610620743, -21.19215944508, -9.94298603060, 90.23095639688, -15.58471117453, 0, 0
-23.47630447443, 103.09520093652, -21.19275949644, -9.94836904462, 90.22950075492, -15.58529544769, 0, 0
-23.47243044204, 103.09429545069, -21.19335945083, -9.95375207671, 90.22804528509, -15.58587964642, 0, 0
-23.46855657326, 103.09338974995, -21.19395930823, -9.95913512686, 90.22658998738, -15.58646377077, 0, 0
-23.46468286812, 103.09248383431, -21.19455906864, -9.96451819506, 90.22513486179, -15.58704782080, 0, 0
-23.46080932664, 103.09157770378, -21.19515873206, -9.96990128132, 90.22367990831, -15.58763179656, 0, 0
-23.45693594883, 103.09067135837, -21.19575829848, -9.97528438562, 90.22222512695, -15.58821569811, 0, 0
-23.45306273474, 103.08976479809, -21.19635776789, -9.98066750795, 90.22077051770, -15.58879952548, 0, 0
-23.44918968438, 103.08885802294, -21.19695714029, -9.98605064831, 90.21931608056, -15.58938327874, 0, 0
-23.44531679777, 103.08795103294, -21.19755641567, -9.99143380669, 90.21786181552, -15.58996695794, 0, 0
-23.44144407495, 103.08704382809, -21.19815559403, -9.99681698308, 90.21640772258, -15.59055056313, 0, 0
-23.43757151593, 103.08613640840, -21.19875467536, -10.00220017748, 90.21495380174, -15.59113409437, 0, 0
-23.43369912074, 103.08522877389, -21.19935365965, -10.00758338988, 90.21350005299, -15.59171755170, 0, 0
-23.42982688941, 103.08432092455, -21.19995254691, -10.01296662027, 90.21204647634, -15.59230093518, 0, 0
-23.42595482196, 103.08341286041, -21.20055133712, -10.01834986864, 90.21059307177, -15.59288424486, 0, 0
-23.42208291842, 103.08250458146, -21.20115003028, -10.02373313499, 90.20913983929, -15.59346748080, 0, 0
-23.41821117880, 103.08159608771, -21.20174862639, -10.02911641931, 90.20768677889, -15.59405064304, 0, 0
-23.41433960314, 103.08068737919, -21.20234712543, -10.03449972159, 90.20623389057, -15.59463373164, 0, 0
-23.41046819145, 103.07977845588, -21.20294552741, -10.03988304183, 90.20478117433, -15.59521674665, 0, 0
-23.40659694377, 103.07886931781, -21.20354383231, -10.04526638001, 90.20332863016, -15.59579968812, 0, 0
-23.40272586012, 103.07795996499, -21.20414204013, -10.05064973613, 90.20187625806, -15.59638255611, 0, 0
-23.39885494052, 103.07705039741, -21.20474015087, -10.05603311018, 90.20042405802, -15.59696535067, 0, 0
-23.39498418500, 103.07614061509, -21.20533816452, -10.06141650217, 90.19897203005, -15.59754807184, 0, 0
-23.39111359358, 103.07523061804, -21.20593608108, -10.06679991206, 90.19752017414, -15.59813071969, 0, 0
-23.38724316628, 103.07432040627, -21.20653390053, -10.07218333987, 90.19606849028, -15.59871329427, 0, 0
-23.38337290314, 103.07340997978, -21.20713162288, -10.07756678559, 90.19461697848, -15.59929579562, 0, 0
-23.37950280417, 103.07249933859, -21.20772924812, -10.08295024920, 90.19316563873, -15.59987822380, 0, 0
-23.37563286940, 103.07158848271, -21.20832677623, -10.08833373069, 90.19171447102, -15.60046057886, 0, 0
-23.37176309886, 103.07067741213, -21.20892420723, -10.09371723007, 90.19026347536, -15.60104286086, 0, 0
-23.36789349256, 103.06976612688, -21.20952154109, -10.09910074733, 90.18881265174, -15.60162506985, 0, 0
-23.36402405054, 103.06885462696, -21.21011877783, -10.10448428245, 90.18736200016, -15.60220720587, 0, 0
-23.36015477282, 103.06794291238, -21.21071591742, -10.10986783543, 90.18591152061, -15.60278926898, 0, 0
-23.35628565942, 103.06703098314, -21.21131295987, -10.11525140626, 90.18446121309, -15.60337125924, 0, 0
-23.35241671036, 103.06611883927, -21.21190990516, -10.12063499494, 90.18301107760, -15.60395317669, 0, 0
-23.34854792568, 103.06520648076, -21.21250675330, -10.12601860146, 90.18156111413, -15.60453502140, 0, 0
-23.34467930539, 103.06429390762, -21.21310350428, -10.13140222581, 90.18011132268, -15.60511679340, 0, 0
-23.34081084953, 103.06338111987, -21.21370015809, -10.13678586798, 90.17866170325, -15.60569849275, 0, 0
-23.33694255811, 103.06246811751, -21.21429671472, -10.14216952796, 90.17721225584, -15.60628011951, 0, 0
-23.33307443116, 103.06155490055, -21.21489317418, -10.14755320576, 90.17576298043, -15.60686167373, 0, 0
-23.32920646870, 103.06064146901, -21.21548953645, -10.15293690135, 90.17431387703, -15.60744315546, 0, 0
-23.32533867076, 103.05972782288, -21.21608580153, -10.15832061474, 90.17286494564, -15.60802456475, 0, 0
-23.32147103737, 103.05881396218, -21.21668196942, -10.16370434592, 90.17141618625, -15.60860590165, 0, 0
-23.31760356854, 103.05789988692, -21.21727804011, -10.16908809488, 90.16996759885, -15.60918716622, 0, 0
-23.31373626430, 103.05698559711, -21.21787401359, -10.17447186161, 90.16851918345, -15.60976835851, 0, 0
-23.30986912468, 103.05607109275, -21.21846988985, -10.17985564610, 90.16707094004, -15.61034947857, 0, 0
-23.30600214971, 103.05515637385, -21.21906566890, -10.18523944835, 90.16562286861, -15.61093052645, 0, 0
-23.30213533939, 103.05424144043, -21.21966135073, -10.19062326835, 90.16417496917, -15.61151150221, 0, 0
-23.29826869377, 103.05332629249, -21.22025693532, -10.19600710610, 90.16272724171, -15.61209240589, 0, 0
-23.29440221286, 103.05241093005, -21.22085242269, -10.20139096158, 90.16127968623, -15.61267323756, 0, 0
-23.29053589669, 103.05149535310, -21.22144781281, -10.20677483479, 90.15983230272, -15.61325399725, 0, 0
-23.28666974528, 103.05057956166, -21.22204310568, -10.21215872572, 90.15838509118, -15.61383468503, 0, 0
-23.28280375866, 103.04966355574, -21.22263830131, -10.21754263436, 90.15693805160, -15.61441530095, 0, 0
-23.27893793685, 103.04874733534, -21.22323339967, -10.22292656071, 90.15549118399, -15.61499584506, 0, 0
-23.27507227988, 103.04783090048, -21.22382840078, -10.22831050476, 90.15404448834, -15.61557631740, 0, 0
-23.27120678777, 103.04691425117, -21.22442330462, -10.23369446650, 90.15259796464, -15.61615671804, 0, 0
-23.26734146054, 103.04599738741, -21.22501811118, -10.23907844593, 90.15115161290, -15.61673704703, 0, 0
-23.26347629822, 103.04508030921, -21.22561282046, -10.24446244303, 90.14970543311, -15.61731730441, 0, 0
-23.25961130083, 103.04416301659, -21.22620743246, -10.24984645780, 90.14825942526, -15.61789749024, 0, 0
-23.25574646841, 103.04324550954, -21.22680194717, -10.25523049024, 90.14681358935, -15.61847760457, 0, 0
-23.25188180096, 103.04232778809, -21.22739636459, -10.26061454033, 90.14536792538, -15.61905764746, 0, 0
-23.24801729853, 103.04140985223, -21.22799068470, -10.26599860807, 90.14392243335, -15.61963761895, 0, 0
-23.24415296112, 103.04049170198, -21.22858490750, -10.27138269345, 90.14247711324, -15.62021751910, 0, 0
-23.24028878877, 103.03957333735, -21.22917903299, -10.27676679646, 90.14103196507, -15.62079734797, 0, 0
-23.23642478149, 103.03865475834, -21.22977306117, -10.28215091710, 90.13958698882, -15.62137710559, 0, 0
-23.23256093933, 103.03773596497, -21.23036699202, -10.28753505535, 90.13814218449, -15.62195679203, 0, 0
-23.22869726229, 103.03681695724, -21.23096082554, -10.29291921122, 90.13669755207, -15.62253640733, 0, 0
-23.22483375040, 103.03589773517, -21.23155456172, -10.29830338470, 90.13525309157, -15.62311595155, 0, 0
-23.22097040369, 103.03497829875, -21.23214820057, -10.30368757577, 90.13380880298, -15.62369542475, 0, 0
-23.21710722218, 103.03405864801, -21.23274174206, -10.30907178443, 90.13236468630, -15.62427482696, 0, 0
-23.21324420590, 103.03313878294, -21.23333518621, -10.31445601067, 90.13092074152, -15.62485415825, 0, 0
-23.20938135486, 103.03221870357, -21.23392853300, -10.31984025448, 90.12947696863, -15.62543341867, 0, 0
-23.20551866910, 103.03129840989, -21.23452178243, -10.32522451587, 90.12803336765, -15.62601260827, 0, 0
-23.20165614864, 103.03037790192, -21.23511493449, -10.33060879481, 90.12658993855, -15.62659172710, 0, 0
-23.19779379350, 103.02945717966, -21.23570798917, -10.33599309131, 90.12514668134, -15.62717077521, 0, 0
-23.19393160371, 103.02853624313, -21.23630094647, -10.34137740535, 90.12370359602, -15.62774975266, 0, 0
-23.19006957929, 103.02761509234, -21.23689380639, -10.34676173693, 90.12226068257, -15.62832865949, 0, 0
-23.18620772026, 103.02669372728, -21.23748656892, -10.35214608604, 90.12081794101, -15.62890749577, 0, 0
-23.18234602665, 103.02577214798, -21.23807923406, -10.35753045268, 90.11937537131, -15.62948626153, 0, 0
-23.17848449849, 103.02485035444, -21.23867180179, -10.36291483683, 90.11793297349, -15.63006495684, 0, 0
-23.17462313579, 103.02392834667, -21.23926427211, -10.36829923849, 90.11649074753, -15.63064358174, 0, 0
-23.17076193859, 103.02300612468, -21.23985664502, -10.37368365766, 90.11504869344, -15.63122213630, 0, 0
-23.16690090690, 103.02208368847, -21.24044892051, -10.37906809431, 90.11360681120, -15.63180062055, 0, 0
-23.16304004076, 103.02116103806, -21.24104109858, -10.38445254846, 90.11216510082, -15.63237903455, 0, 0
-23.15917934017, 103.02023817346, -21.24163317921, -10.38983702008, 90.11072356228, -15.63295737836, 0, 0
-23.15531880518, 103.01931509468, -21.24222516242, -10.39522150918, 90.10928219560, -15.63353565202, 0, 0
-23.15145843580, 103.01839180172, -21.24281704818, -10.40060601574, 90.10784100075, -15.63411385559, 0, 0
-23.14759823206, 103.01746829459, -21.24340883649, -10.40599053976, 90.10639997775, -15.63469198912, 0, 0
-23.14373819398, 103.01654457330, -21.24400052735, -10.41137508123, 90.10495912658, -15.63527005266, 0, 0
-23.13987832158, 103.01562063787, -21.24459212076, -10.41675964015, 90.10351844725, -15.63584804626, 0, 0
-23.13601861489, 103.01469648829, -21.24518361670, -10.42214421650, 90.10207793974, -15.63642596998, 0, 0
-23.13215907394, 103.01377212459, -21.24577501517, -10.42752881027, 90.10063760406, -15.63700382387, 0, 0
-23.12829969875, 103.01284754676, -21.24636631617, -10.43291342147, 90.09919744020, -15.63758160798, 0, 0
-23.12444048934, 103.01192275483, -21.24695751969, -10.43829805009, 90.09775744815, -15.63815932235, 0, 0
-23.12058144573, 103.01099774879, -21.24754862572, -10.44368269611, 90.09631762792, -15.63873696706, 0, 0
-23.11672256796, 103.01007252865, -21.24813963426, -10.44906735953, 90.09487797949, -15.63931454213, 0, 0
-23.11286385603, 103.00914709443, -21.24873054531, -10.45445204034, 90.09343850287, -15.63989204764, 0, 0
-23.10900530999, 103.00822144614, -21.24932135885, -10.45983673853, 90.09199919805, -15.64046948362, 0, 0
-23.10514692985, 103.00729558377, -21.24991207488, -10.46522145411, 90.09056006503, -15.64104685013, 0, 0
-23.10128871564, 103.00636950735, -21.25050269340, -10.47060618705, 90.08912110381, -15.64162414723, 0, 0
-23.09743066738, 103.00544321688, -21.25109321441, -10.47599093736, 90.08768231437, -15.64220137496, 0, 0
-23.09357278509, 103.00451671238, -21.25168363788, -10.48137570502, 90.08624369672, -15.64277853338, 0, 0
-23.08971506880, 103.00358999384, -21.25227396383, -10.48676049003, 90.08480525085, -15.64335562254, 0, 0
-23.08585751854, 103.00266306128, -21.25286419224, -10.49214529238, 90.08336697675, -15.64393264249, 0, 0
-23.08200013432, 103.00173591471, -21.25345432311, -10.49753011206, 90.08192887443, -15.64450959328, 0, 0
-23.07814291617, 103.00080855413, -21.25404435643, -10.50291494907, 90.08049094388, -15.64508647496, 0, 0
-23.07428586412, 102.99988097957, -21.25463429220, -10.50829980340, 90.07905318510, -15.64566328759, 0, 0
-23.07042897819, 102.99895319101, -21.25522413041, -10.51368467504, 90.07761559808, -15.64624003122, 0, 0
-23.06657225840, 102.99802518849, -21.25581387106, -10.51906956399, 90.07617818282, -15.64681670590, 0, 0
-23.06271570478, 102.99709697199, -21.25640351414, -10.52445447023, 90.07474093931, -15.64739331168, 0, 0
-23.05885931735, 102.99616854154, -21.25699305965, -10.52983939376, 90.07330386755, -15.64796984861, 0, 0
-23.05500309614, 102.99523989714, -21.25758250757, -10.53522433457, 90.07186696753, -15.64854631675, 0, 0
-23.05114704117, 102.99431103880, -21.25817185791, -10.54060929266, 90.07043023926, -15.64912271615, 0, 0
-23.04729115245, 102.99338196654, -21.25876111065, -10.54599426801, 90.06899368273, -15.64969904686, 0, 0
-23.04343543003, 102.99245268035, -21.25935026580, -10.55137926063, 90.06755729793, -15.65027530892, 0, 0
-23.03957987392, 102.99152318025, -21.25993932335, -10.55676427050, 90.06612108486, -15.65085150240, 0, 0
-23.03572448414, 102.99059346624, -21.26052828329, -10.56214929761, 90.06468504352, -15.65142762735, 0, 0
-23.03186926072, 102.98966353835, -21.26111714561, -10.56753434196, 90.06324917390, -15.65200368381, 0, 0
-23.02801420369, 102.98873339657, -21.26170591031, -10.57291940354, 90.06181347599, -15.65257967184, 0, 0
-23.02415931306, 102.98780304091, -21.26229457739, -10.57830448235, 90.06037794980, -15.65315559149, 0, 0
-23.02030458887, 102.98687247139, -21.26288314684, -10.58368957837, 90.05894259532, -15.65373144281, 0, 0
-23.01645003113, 102.98594168802, -21.26347161865, -10.58907469161, 90.05750741255, -15.65430722585, 0, 0
-23.01259563987, 102.98501069079, -21.26405999282, -10.59445982204, 90.05607240147, -15.65488294067, 0, 0
-23.00874141511, 102.98407947973, -21.26464826935, -10.59984496967, 90.05463756210, -15.65545858732, 0, 0
-23.00488735688, 102.98314805484, -21.26523644822, -10.60523013448, 90.05320289441, -15.65603416585, 0, 0
-23.00103346520, 102.98221641613, -21.26582452943, -10.61061531647, 90.05176839842, -15.65660967631, 0, 0
-22.99717974010, 102.98128456361, -21.26641251298, -10.61600051564, 90.05033407411, -15.65718511874, 0, 0
-22.99332618159, 102.98035249729, -21.26700039885, -10.62138573197, 90.04889992149, -15.65776049322, 0, 0
-22.98947278971, 102.97942021717, -21.26758818706, -10.62677096546, 90.04746594053, -15.65833579978, 0, 0
-22.98561956447, 102.97848772328, -21.26817587758, -10.63215621610, 90.04603213126, -15.65891103848, 0, 0
-22.98176650590, 102.97755501560, -21.26876347041, -10.63754148388, 90.04459849365, -15.65948620936, 0, 0
-22.97791361403, 102.97662209417, -21.26935096555, -10.64292676880, 90.04316502770, -15.66006131249, 0, 0
-22.97406088888, 102.97568895898, -21.26993836300, -10.64831207085, 90.04173173342, -15.66063634791, 0, 0
-22.97020833047, 102.97475561004, -21.27052566274, -10.65369739001, 90.04029861079, -15.66121131567, 0, 0
-22.96635593882, 102.97382204737, -21.27111286477, -10.65908272629, 90.03886565981, -15.66178621584, 0, 0
-22.96250371397, 102.97288827097, -21.27169996909, -10.66446807968, 90.03743288048, -15.66236104845, 0, 0
-22.95865165593, 102.97195428085, -21.27228697569, -10.66985345017, 90.03600027279, -15.66293581355, 0, 0
-22.95479976472, 102.97102007702, -21.27287388456, -10.67523883774, 90.03456783674, -15.66351051121, 0, 0
-22.95094804038, 102.97008565949, -21.27346069570, -10.68062424241, 90.03313557233, -15.66408514148, 0, 0
-22.94709648293, 102.96915102827, -21.27404740911, -10.68600966415, 90.03170347954, -15.66465970440, 0, 0
-22.94324509238, 102.96821618337, -21.27463402477, -10.69139510295, 90.03027155839, -15.66523420002, 0, 0
-22.93939386876, 102.96728112480, -21.27522054269, -10.69678055883, 90.02883980885, -15.66580862840, 0, 0
-22.93554281211, 102.96634585256, -21.27580696285, -10.70216603175, 90.02740823093, -15.66638298959, 0, 0
-22.93169192243, 102.96541036667, -21.27639328525, -10.70755152172, 90.02597682463, -15.66695728365, 0, 0
-22.92784119976, 102.96447466714, -21.27697950989, -10.71293702874, 90.02454558994, -15.66753151061, 0, 0
-22.92399064411, 102.96353875397, -21.27756563675, -10.71832255279, 90.02311452685, -15.66810567054, 0, 0
-22.92014025552, 102.96260262717, -21.27815166584, -10.72370809386, 90.02168363536, -15.66867976349, 0, 0
-22.91629003400, 102.96166628676, -21.27873759715, -10.72909365195, 90.02025291546, -15.66925378951, 0, 0
-22.91243997958, 102.96072973274, -21.27932343068, -10.73447922705, 90.01882236716, -15.66982774864, 0, 0
-22.90859009229, 102.95979296513, -21.27990916641, -10.73986481916, 90.01739199045, -15.67040164095, 0, 0
-22.90474037214, 102.95885598392, -21.28049480434, -10.74525042826, 90.01596178532, -15.67097546647, 0, 0
-22.90089081916, 102.95791878913, -21.28108034447, -10.75063605435, 90.01453175177, -15.67154922528, 0, 0
-22.89704143338, 102.95698138078, -21.28166578679, -10.75602169742, 90.01310188979, -15.67212291741, 0, 0
-22.89319221482, 102.95604375886, -21.28225113129, -10.76140735747, 90.01167219938, -15.67269654291, 0, 0
-22.88934316350, 102.95510592339, -21.28283637797, -10.76679303449, 90.01024268054, -15.67327010185, 0, 0
-22.88549427944, 102.95416787438, -21.28342152683, -10.77217872846, 90.00881333326, -15.67384359426, 0, 0
-22.88164556267, 102.95322961184, -21.28400657786, -10.77756443939, 90.00738415754, -15.67441702021, 0, 0
-22.87779701322, 102.95229113577, -21.28459153104, -10.78295016726, 90.00595515337, -15.67499037974, 0, 0
-22.87394863111, 102.95135244618, -21.28517638639, -10.78833591207, 90.00452632075, -15.67556367291, 0, 0
-22.87010041635, 102.95041354310, -21.28576114389, -10.79372167380, 90.00309765967, -15.67613689976, 0, 0
-22.86625236898, 102.94947442651, -21.28634580353, -10.79910745247, 90.00166917013, -15.67671006036, 0, 0
-22.86240448902, 102.94853509644, -21.28693036531, -10.80449324804, 90.00024085212, -15.67728315474, 0, 0
-22.85855677648, 102.94759555289, -21.28751482923, -10.80987906053, 89.99881270565, -15.67785618296, 0, 0
-22.85470923141, 102.94665579588, -21.28809919528, -10.81526488992, 89.99738473070, -15.67842914508, 0, 0
-22.85086185381, 102.94571582540, -21.28868346345, -10.82065073620, 89.99595692727, -15.67900204114, 0, 0
-22.84701464372, 102.94477564148, -21.28926763374, -10.82603659937, 89.99452929536, -15.67957487120, 0, 0
-22.84316760115, 102.94383524411, -21.28985170614, -10.83142247941, 89.99310183497, -15.68014763531, 0, 0
-22.83932072613, 102.94289463332, -21.29043568065, -10.83680837633, 89.99167454608, -15.68072033351, 0, 0
-22.83547401869, 102.94195380910, -21.29101955726, -10.84219429011, 89.99024742869, -15.68129296587, 0, 0
-22.83162747884, 102.94101277147, -21.29160333596, -10.84758022075, 89.98882048280, -15.68186553242, 0, 0
-22.82778110661, 102.94007152044, -21.29218701676, -10.85296616824, 89.98739370841, -15.68243803323, 0, 0
-22.82393490203, 102.93913005601, -21.29277059964, -10.85835213257, 89.98596710551, -15.68301046835, 0, 0
-22.82008886512, 102.93818837821, -21.29335408460, -10.86373811374, 89.98454067409, -15.68358283782, 0, 0
-22.81624299590, 102.93724648702, -21.29393747163, -10.86912411173, 89.98311441416, -15.68415514170, 0, 0
-22.81239729439, 102.93630438247, -21.29452076073, -10.87451012654, 89.98168832570, -15.68472738004, 0, 0
-22.80855176063, 102.93536206457, -21.29510395189, -10.87989615817, 89.98026240871, -15.68529955289, 0, 0
-22.80470639462, 102.93441953332, -21.29568704511, -10.88528220660, 89.97883666319, -15.68587166031, 0, 0
-22.80086119640, 102.93347678873, -21.29627004038, -10.89066827184, 89.97741108913, -15.68644370233, 0, 0
-22.79701616599, 102.93253383081, -21.29685293770, -10.89605435386, 89.97598568653, -15.68701567903, 0, 0
-22.79317130342, 102.93159065957, -21.29743573706, -10.90144045266, 89.97456045538, -15.68758759044, 0, 0
-22.78932660870, 102.93064727503, -21.29801843844, -10.90682656824, 89.97313539568, -15.68815943661, 0, 0
-22.78548208186, 102.92970367718, -21.29860104186, -10.91221270059, 89.97171050743, -15.68873121761, 0, 0
-22.78163772293, 102.92875986605, -21.29918354730, -10.91759884971, 89.97028579061, -15.68930293348, 0, 0
-22.77779353193, 102.92781584163, -21.29976595476, -10.92298501557, 89.96886124523, -15.68987458427, 0, 0
-22.77394950887, 102.92687160394, -21.30034826423, -10.92837119819, 89.96743687128, -15.69044617003, 0, 0
-22.77010565379, 102.92592715299, -21.30093047571, -10.93375739754, 89.96601266876, -15.69101769082, 0, 0
-22.76626196671, 102.92498248879, -21.30151258919, -10.93914361362, 89.96458863765, -15.69158914669, 0, 0
-22.76241844765, 102.92403761134, -21.30209460466, -10.94452984643, 89.96316477797, -15.69216053768, 0, 0
-22.75857509664, 102.92309252066, -21.30267652212, -10.94991609596, 89.96174108969, -15.69273186386, 0, 0
-22.75473191369, 102.92214721675, -21.30325834157, -10.95530236220, 89.96031757282, -15.69330312526, 0, 0
-22.75088889884, 102.92120169963, -21.30384006300, -10.96068864514, 89.95889422735, -15.69387432194, 0, 0
-22.74704605210, 102.92025596930, -21.30442168639, -10.96607494477, 89.95747105328, -15.69444545396, 0, 0
-22.74320337350, 102.91931002578, -21.30500321176, -10.97146126110, 89.95604805061, -15.69501652137, 0, 0
-22.73936086306, 102.91836386907, -21.30558463909, -10.97684759410, 89.95462521932, -15.69558752421, 0, 0
-22.73551852081, 102.91741749918, -21.30616596837, -10.98223394378, 89.95320255941, -15.69615846254, 0, 0
-22.73167634677, 102.91647091612, -21.30674719960, -10.98762031013, 89.95178007089, -15.69672933640, 0, 0
-22.72783434097, 102.91552411991, -21.30732833278, -10.99300669313, 89.95035775373, -15.69730014586, 0, 0
-22.72399250342, 102.91457711054, -21.30790936790, -10.99839309278, 89.94893560795, -15.69787089096, 0, 0
-22.72015083415, 102.91362988804, -21.30849030495, -11.00377950908, 89.94751363353, -15.69844157175, 0, 0
-22.71630933318, 102.91268245240, -21.30907114393, -11.00916594202, 89.94609183047, -15.69901218828, 0, 0
-22.71246800054, 102.91173480364, -21.30965188483, -11.01455239158, 89.94467019876, -15.69958274061, 0, 0
-22.70862683625, 102.91078694177, -21.31023252765, -11.01993885777, 89.94324873841, -15.70015322879, 0, 0
-22.70478584034, 102.90983886680, -21.31081307238, -11.02532534057, 89.94182744940, -15.70072365286, 0, 0
-22.70094501282, 102.90889057874, -21.31139351901, -11.03071183998, 89.94040633173, -15.70129401289, 0, 0
-22.69710435372, 102.90794207759, -21.31197386755, -11.03609835599, 89.93898538539, -15.70186430891, 0, 0
-22.69326386307, 102.90699336337, -21.31255411798, -11.04148488860, 89.93756461039, -15.70243454099, 0, 0
-22.68942354088, 102.90604443608, -21.31313427030, -11.04687143778, 89.93614400671, -15.70300470917, 0, 0
-22.68558338719, 102.90509529574, -21.31371432450, -11.05225800355, 89.93472357435, -15.70357481350, 0, 0
-22.68174340201, 102.90414594235, -21.31429428058, -11.05764458589, 89.93330331331, -15.70414485404, 0, 0
-22.67790358536, 102.90319637593, -21.31487413853, -11.06303118479, 89.93188322358, -15.70471483084, 0, 0
-22.67406393728, 102.90224659648, -21.31545389835, -11.06841780024, 89.93046330515, -15.70528474394, 0, 0
-22.67022445778, 102.90129660401, -21.31603356003, -11.07380443225, 89.92904355803, -15.70585459340, 0, 0
-22.66638514689, 102.90034639854, -21.31661312357, -11.07919108079, 89.92762398220, -15.70642437928, 0, 0
-22.66254600463, 102.89939598006, -21.31719258895, -11.08457774587, 89.92620457767, -15.70699410161, 0, 0
-22.65870703103, 102.89844534860, -21.31777195618, -11.08996442748, 89.92478534442, -15.70756376046, 0, 0
-22.65486822610, 102.89749450416, -21.31835122525, -11.09535112560, 89.92336628246, -15.70813335587, 0, 0
-22.65102958987, 102.89654344675, -21.31893039615, -11.10073784024, 89.92194739177, -15.70870288790, 0, 0
-22.64719112237, 102.89559217638, -21.31950946888, -11.10612457138, 89.92052867235, -15.70927235660, 0, 0
-22.64335282362, 102.89464069305, -21.32008844344, -11.11151131902, 89.91911012420, -15.70984176201, 0, 0
-22.63951469364, 102.89368899679, -21.32066731980, -11.11689808315, 89.91769174731, -15.71041110419, 0, 0
-22.63567673245, 102.89273708759, -21.32124609798, -11.12228486376, 89.91627354168, -15.71098038319, 0, 0
-22.63183894008, 102.89178496548, -21.32182477796, -11.12767166085, 89.91485550730, -15.71154959907, 0, 0
-22.62800131655, 102.89083263045, -21.32240335975, -11.13305847441, 89.91343764417, -15.71211875186, 0, 0
-22.62416386188, 102.88988008251, -21.32298184332, -11.13844530442, 89.91201995228, -15.71268784163, 0, 0
-22.62032657610, 102.88892732168, -21.32356022869, -11.14383215089, 89.91060243163, -15.71325686842, 0, 0
-22.61648945924, 102.88797434797, -21.32413851584, -11.14921901380, 89.90918508221, -15.71382583229, 0, 0
-22.61265251130, 102.88702116138, -21.32471670476, -11.15460589316, 89.90776790402, -15.71439473329, 0, 0
-22.60881573233, 102.88606776193, -21.32529479546, -11.15999278894, 89.90635089705, -15.71496357147, 0, 0
-22.60497912233, 102.88511414962, -21.32587278792, -11.16537970115, 89.90493406129, -15.71553234687, 0, 0
-22.60114268134, 102.88416032447, -21.32645068215, -11.17076662977, 89.90351739675, -15.71610105956, 0, 0
-22.59730640938, 102.88320628647, -21.32702847812, -11.17615357481, 89.90210090342, -15.71666970957, 0, 0
-22.59347030646, 102.88225203565, -21.32760617585, -11.18154053624, 89.90068458128, -15.71723829697, 0, 0
-22.58963437262, 102.88129757202, -21.32818377532, -11.18692751407, 89.89926843035, -15.71780682181, 0, 0
-22.58579860788, 102.88034289557, -21.32876127653, -11.19231450829, 89.89785245060, -15.71837528412, 0, 0
-22.58196301225, 102.87938800633, -21.32933867947, -11.19770151889, 89.89643664205, -15.71894368398, 0, 0
-22.57812758577, 102.87843290430, -21.32991598414, -11.20308854586, 89.89502100467, -15.71951202142, 0, 0
-22.57429232846, 102.87747758949, -21.33049319053, -11.20847558919, 89.89360553847, -15.72008029650, 0, 0
-22.57045724034, 102.87652206190, -21.33107029864, -11.21386264888, 89.89219024344, -15.72064850927, 0, 0
-22.56662232142, 102.87556632156, -21.33164730845, -11.21924972492, 89.89077511958, -15.72121665978, 0, 0
-22.56278757175, 102.87461036847, -21.33222421998, -11.22463681731, 89.88936016688, -15.72178474808, 0, 0
-22.55895299133, 102.87365420263, -21.33280103319, -11.23002392603, 89.88794538534, -15.72235277422, 0, 0
-22.55511858020, 102.87269782407, -21.33337774811, -11.23541105108, 89.88653077494, -15.72292073826, 0, 0
-22.55128433837, 102.87174123278, -21.33395436471, -11.24079819245, 89.88511633570, -15.72348864024, 0, 0
-22.54745026587, 102.87078442878, -21.33453088299, -11.24618535013, 89.88370206759, -15.72405648021, 0, 0
-22.54361636272, 102.86982741207, -21.33510730295, -11.25157252412, 89.88228797062, -15.72462425824, 0, 0
-22.53978262895, 102.86887018268, -21.33568362458, -11.25695971441, 89.88087404477, -15.72519197436, 0, 0
-22.53594906457, 102.86791274059, -21.33625984788, -11.26234692099, 89.87946029006, -15.72575962863, 0, 0
-22.53211566962, 102.86695508584, -21.33683597283, -11.26773414385, 89.87804670646, -15.72632722110, 0, 0
-22.52828244411, 102.86599721842, -21.33741199944, -11.27312138300, 89.87663329398, -15.72689475182, 0, 0
-22.52444938807, 102.86503913834, -21.33798792770, -11.27850863841, 89.87522005261, -15.72746222084, 0, 0
-22.52061650152, 102.86408084562, -21.33856375760, -11.28389591008, 89.87380698234, -15.72802962821, 0, 0
-22.51678378448, 102.86312234026, -21.33913948914, -11.28928319801, 89.87239408317, -15.72859697399, 0, 0
-22.51295123698, 102.86216362228, -21.33971512231, -11.29467050218, 89.87098135509, -15.72916425822, 0, 0
-22.50911885904, 102.86120469168, -21.34029065711, -11.30005782260, 89.86956879811, -15.72973148096, 0, 0
-22.50528665068, 102.86024554847, -21.34086609352, -11.30544515925, 89.86815641220, -15.73029864225, 0, 0
-22.50145461193, 102.85928619267, -21.34144143156, -11.31083251212, 89.86674419738, -15.73086574216, 0, 0
-22.49762274280, 102.85832662428, -21.34201667120, -11.31621988121, 89.86533215362, -15.73143278072, 0, 0
-22.49379104333, 102.85736684330, -21.34259181244, -11.32160726651, 89.86392028094, -15.73199975799, 0, 0
-22.48995951354, 102.85640684976, -21.34316685529, -11.32699466802, 89.86250857931, -15.73256667402, 0, 0
-22.48612815344, 102.85544664367, -21.34374179973, -11.33238208572, 89.86109704874, -15.73313352886, 0, 0
-22.48229696306, 102.85448622502, -21.34431664575, -11.33776951961, 89.85968568923, -15.73370032257, 0, 0
-22.47846594243, 102.85352559383, -21.34489139336, -11.34315696968, 89.85827450076, -15.73426705518, 0, 0
-22.47463509157, 102.85256475011, -21.34546604254, -11.34854443593, 89.85686348333, -15.73483372677, 0, 0
-22.47080441049, 102.85160369387, -21.34604059329, -11.35393191834, 89.85545263694, -15.73540033736, 0, 0
-22.46697389923, 102.85064242512, -21.34661504561, -11.35931941691, 89.85404196157, -15.73596688703, 0, 0
-22.46314355781, 102.84968094387, -21.34718939948, -11.36470693164, 89.85263145724, -15.73653337581, 0, 0
-22.45931338625, 102.84871925013, -21.34776365491, -11.37009446251, 89.85122112392, -15.73709980375, 0, 0
-22.45548338456, 102.84775734390, -21.34833781189, -11.37548200951, 89.84981096161, -15.73766617092, 0, 0
-22.45165355279, 102.84679522521, -21.34891187041, -11.38086957265, 89.84840097032, -15.73823247735, 0, 0
-22.44782389094, 102.84583289405, -21.34948583047, -11.38625715191, 89.84699115002, -15.73879872311, 0, 0
-22.44399439905, 102.84487035043, -21.35005969205, -11.39164474728, 89.84558150073, -15.73936490824, 0, 0
-22.44016507712, 102.84390759438, -21.35063345517, -11.39703235876, 89.84417202243, -15.73993103279, 0, 0
-22.43633592520, 102.84294462589, -21.35120711980, -11.40241998634, 89.84276271511, -15.74049709681, 0, 0
-22.43250694330, 102.84198144497, -21.35178068595, -11.40780763002, 89.84135357878, -15.74106310036, 0, 0
-22.42867813144, 102.84101805164, -21.35235415360, -11.41319528978, 89.83994461342, -15.74162904348, 0, 0
-22.42484948964, 102.84005444591, -21.35292752277, -11.41858296562, 89.83853581903, -15.74219492623, 0, 0
-22.42102101794, 102.83909062778, -21.35350079342, -11.42397065753, 89.83712719561, -15.74276074865, 0, 0
-22.41719271634, 102.83812659727, -21.35407396557, -11.42935836550, 89.83571874315, -15.74332651080, 0, 0
-22.41336458489, 102.83716235438, -21.35464703921, -11.43474608953, 89.83431046164, -15.74389221273, 0, 0
-22.40953662359, 102.83619789912, -21.35522001433, -11.44013382961, 89.83290235108, -15.74445785449, 0, 0
-22.40570883247, 102.83523323151, -21.35579289092, -11.44552158573, 89.83149441147, -15.74502343612, 0, 0
-22.40188121155, 102.83426835155, -21.35636566898, -11.45090935789, 89.83008664279, -15.74558895769, 0, 0
-22.39805376087, 102.83330325926, -21.35693834851, -11.45629714607, 89.82867904505, -15.74615441924, 0, 0
-22.39422648043, 102.83233795464, -21.35751092949, -11.46168495027, 89.82727161823, -15.74671982082, 0, 0
-22.39039937026, 102.83137243770, -21.35808341193, -11.46707277049, 89.82586436233, -15.74728516248, 0, 0
-22.38657243039, 102.83040670845, -21.35865579581, -11.47246060671, 89.82445727735, -15.74785044428, 0, 0
-22.38274566084, 102.82944076690, -21.35922808114, -11.47784845892, 89.82305036329, -15.74841566626, 0, 0
-22.37891906163, 102.82847461307, -21.35980026790, -11.48323632713, 89.82164362012, -15.74898082848, 0, 0
-22.37509263278, 102.82750824695, -21.36037235610, -11.48862421132, 89.82023704786, -15.74954593098, 0, 0
-22.37126637432, 102.82654166857, -21.36094434572, -11.49401211149, 89.81883064648, -15.75011097382, 0, 0
-22.36744028627, 102.82557487793, -21.36151623675, -11.49940002762, 89.81742441600, -15.75067595705, 0, 0
-22.36361436865, 102.82460787504, -21.36208802920, -11.50478795972, 89.81601835640, -15.75124088072, 0, 0
-22.35978862149, 102.82364065991, -21.36265972306, -11.51017590776, 89.81461246767, -15.75180574487, 0, 0
-22.35596304481, 102.82267323255, -21.36323131833, -11.51556387176, 89.81320674982, -15.75237054956, 0, 0
-22.35213763863, 102.82170559297, -21.36380281499, -11.52095185169, 89.81180120284, -15.75293529485, 0, 0
-22.34831240297, 102.82073774117, -21.36437421304, -11.52633984756, 89.81039582671, -15.75349998077, 0, 0
-22.34448733786, 102.81976967718, -21.36494551247, -11.53172785935, 89.80899062144, -15.75406460739, 0, 0
-22.34066244331, 102.81880140100, -21.36551671329, -11.53711588705, 89.80758558701, -15.75462917475, 0, 0
-22.33683771936, 102.81783291263, -21.36608781548, -11.54250393067, 89.80618072343, -15.75519368290, 0, 0
-22.33301316603, 102.81686421209, -21.36665881904, -11.54789199018, 89.80477603069, -15.75575813190, 0, 0
-22.32918878333, 102.81589529939, -21.36722972397, -11.55328006560, 89.80337150878, -15.75632252179, 0, 0
-22.32536457130, 102.81492617454, -21.36780053025, -11.55866815690, 89.80196715770, -15.75688685263, 0, 0
-22.32154052994, 102.81395683755, -21.36837123788, -11.56405626408, 89.80056297743, -15.75745112446, 0, 0
-22.31771665930, 102.81298728842, -21.36894184686, -11.56944438713, 89.79915896799, -15.75801533734, 0, 0
-22.31389295938, 102.81201752717, -21.36951235718, -11.57483252604, 89.79775512935, -15.75857949131, 0, 0
-22.31006943022, 102.81104755381, -21.37008276884, -11.58022068082, 89.79635146151, -15.75914358644, 0, 0
-22.30624607182, 102.81007736834, -21.37065308183, -11.58560885145, 89.79494796447, -15.75970762276, 0, 0
-22.30242288423, 102.80910697078, -21.37122329614, -11.59099703792, 89.79354463823, -15.76027160033, 0, 0
-22.29859986746, 102.80813636114, -21.37179341177, -11.59638524022, 89.79214148277, -15.76083551920, 0, 0
-22.29477702153, 102.80716553942, -21.37236342871, -11.60177345835, 89.79073849809, -15.76139937942, 0, 0
-22.29095434646, 102.80619450564, -21.37293334696, -11.60716169231, 89.78933568419, -15.76196318105, 0, 0
-22.28713184228, 102.80522325980, -21.37350316651, -11.61254994208, 89.78793304105, -15.76252692412, 0, 0
-22.28330950902, 102.80425180192, -21.37407288736, -11.61793820765, 89.78653056868, -15.76309060870, 0, 0
-22.27948734668, 102.80328013200, -21.37464250950, -11.62332648903, 89.78512826707, -15.76365423483, 0, 0
-22.27566535531, 102.80230825006, -21.37521203293, -11.62871478619, 89.78372613621, -15.76421780256, 0, 0
-22.27184353491, 102.80133615610, -21.37578145763, -11.63410309915, 89.78232417610, -15.76478131195, 0, 0
-22.26802188551, 102.80036385014, -21.37635078361, -11.63949142787, 89.78092238672, -15.76534476304, 0, 0
-22.26420040714, 102.79939133218, -21.37692001085, -11.64487977237, 89.77952076808, -15.76590815589, 0, 0
-22.26037909982, 102.79841860224, -21.37748913936, -11.65026813263, 89.77811932017, -15.76647149054, 0, 0
-22.25655796356, 102.79744566032, -21.37805816913, -11.65565650865, 89.77671804298, -15.76703476705, 0, 0
-22.25273699840, 102.79647250643, -21.37862710015, -11.66104490041, 89.77531693651, -15.76759798547, 0, 0
-22.24891620435, 102.79549914059, -21.37919593241, -11.66643330791, 89.77391600075, -15.76816114584, 0, 0
-22.24509558144, 102.79452556280, -21.37976466591, -11.67182173115, 89.77251523570, -15.76872424823, 0, 0
-22.24127512969, 102.79355177307, -21.38033330065, -11.67721017011, 89.77111464134, -15.76928729267, 0, 0
-22.23745484913, 102.79257777142, -21.38090183662, -11.68259862479, 89.76971421768, -15.76985027922, 0, 0
-22.23363473976, 102.79160355785, -21.38147027381, -11.68798709518, 89.76831396471, -15.77041320793, 0, 0
-22.22981480163, 102.79062913237, -21.38203861222, -11.69337558128, 89.76691388242, -15.77097607885, 0, 0
-22.22599503475, 102.78965449500, -21.38260685184, -11.69876408307, 89.76551397080, -15.77153889203, 0, 0
-22.22217543914, 102.78867964573, -21.38317499267, -11.70415260055, 89.76411422986, -15.77210164752, 0, 0
-22.21835601483, 102.78770458459, -21.38374303470, -11.70954113371, 89.76271465958, -15.77266434537, 0, 0
-22.21453676183, 102.78672931158, -21.38431097793, -11.71492968255, 89.76131525995, -15.77322698564, 0, 0
-22.21071768018, 102.78575382671, -21.38487882234, -11.72031824705, 89.75991603098, -15.77378956836, 0, 0
-22.20689876989, 102.78477813000, -21.38544656794, -11.72570682721, 89.75851697266, -15.77435209361, 0, 0
-22.20308003099, 102.78380222144, -21.38601421472, -11.73109542303, 89.75711808498, -15.77491456141, 0, 0
-22.19926146349, 102.78282610106, -21.38658176268, -11.73648403449, 89.75571936793, -15.77547697183, 0, 0
-22.19544306743, 102.78184976886, -21.38714921179, -11.74187266159, 89.75432082151, -15.77603932491, 0, 0
-22.19162484282, 102.78087322485, -21.38771656208, -11.74726130431, 89.75292244571, -15.77660162071, 0, 0
-22.18780678969, 102.77989646904, -21.38828381351, -11.75264996266, 89.75152424053, -15.77716385928, 0, 0
-22.18398890805, 102.77891950144, -21.38885096610, -11.75803863663, 89.75012620596, -15.77772604066, 0, 0
-22.18017119794, 102.77794232206, -21.38941801984, -11.76342732620, 89.74872834200, -15.77828816490, 0, 0
-22.17635365937, 102.77696493091, -21.38998497471, -11.76881603138, 89.74733064863, -15.77885023207, 0, 0
-22.17253629237, 102.77598732801, -21.39055183072, -11.77420475214, 89.74593312586, -15.77941224220, 0, 0
-22.16871909696, 102.77500951335, -21.39111858786, -11.77959348850, 89.74453577367, -15.77997419535, 0, 0
-22.16490207316, 102.77403148695, -21.39168524612, -11.78498224043, 89.74313859207, -15.78053609156, 0, 0
-22.16108522099, 102.77305324883, -21.39225180549, -11.79037100793, 89.74174158104, -15.78109793090, 0, 0
-22.15726854048, 102.77207479898, -21.39281826598, -11.79575979100, 89.74034474058, -15.78165971340, 0, 0
-22.15345203165, 102.77109613742, -21.39338462758, -11.80114858963, 89.73894807068, -15.78222143913, 0, 0
-22.14963569452, 102.77011726417, -21.39395089027, -11.80653740380, 89.73755157133, -15.78278310812, 0, 0
-22.14581952912, 102.76913817922, -21.39451705406, -11.81192623352, 89.73615524254, -15.78334472043, 0, 0
-22.14200353546, 102.76815888259, -21.39508311894, -11.81731507877, 89.73475908429, -15.78390627612, 0, 0
-22.13818771357, 102.76717937429, -21.39564908490, -11.82270393954, 89.73336309659, -15.78446777522, 0, 0
-22.13437206347, 102.76619965433, -21.39621495195, -11.82809281584, 89.73196727941, -15.78502921780, 0, 0
-22.13055658519, 102.76521972272, -21.39678072006, -11.83348170765, 89.73057163276, -15.78559060390, 0, 0
-22.12674127874, 102.76423957947, -21.39734638924, -11.83887061497, 89.72917615663, -15.78615193357, 0, 0
-22.12292614415, 102.76325922459, -21.39791195948, -11.84425953778, 89.72778085101, -15.78671320686, 0, 0
-22.11911118144, 102.76227865809, -21.39847743078, -11.84964847608, 89.72638571590, -15.78727442382, 0, 0
-22.11529639064, 102.76129787998, -21.39904280313, -11.85503742987, 89.72499075129, -15.78783558451, 0, 0
-22.11148177176, 102.76031689026, -21.39960807652, -11.86042639913, 89.72359595718, -15.78839668897, 0, 0
-22.10766732483, 102.75933568896, -21.40017325095, -11.86581538386, 89.72220133356, -15.78895773725, 0, 0
-22.10385304987, 102.75835427607, -21.40073832642, -11.87120438406, 89.72080688042, -15.78951872941, 0, 0
-22.10003894691, 102.75737265161, -21.40130330291, -11.87659339970, 89.71941259776, -15.79007966549, 0, 0
-22.09622501596, 102.75639081559, -21.40186818042, -11.88198243079, 89.71801848557, -15.79064054555, 0, 0
-22.09241125704, 102.75540876802, -21.40243295895, -11.88737147733, 89.71662454384, -15.79120136963, 0, 0
-22.08859767019, 102.75442650891, -21.40299763850, -11.89276053929, 89.71523077257, -15.79176213779, 0, 0
-22.08478425542, 102.75344403827, -21.40356221904, -11.89814961668, 89.71383717176, -15.79232285007, 0, 0
-22.08097101276, 102.75246135610, -21.40412670059, -11.90353870948, 89.71244374139, -15.79288350653, 0, 0
-22.07715794223, 102.75147846243, -21.40469108313, -11.90892781770, 89.71105048146, -15.79344410721, 0, 0
-22.07334504384, 102.75049535725, -21.40525536666, -11.91431694131, 89.70965739196, -15.79400465217, 0, 0
-22.06953231763, 102.74951204058, -21.40581955118, -11.91970608033, 89.70826447289, -15.79456514146, 0, 0
-22.06571976361, 102.74852851242, -21.40638363667, -11.92509523472, 89.70687172425, -15.79512557512, 0, 0
-22.06190738180, 102.74754477280, -21.40694762313, -11.93048440450, 89.70547914601, -15.79568595321, 0, 0
-22.05809517224, 102.74656082172, -21.40751151056, -11.93587358966, 89.70408673819, -15.79624627578, 0, 0
-22.05428313494, 102.74557665918, -21.40807529895, -11.94126279018, 89.70269450077, -15.79680654288, 0, 0
-22.05047126992, 102.74459228520, -21.40863898829, -11.94665200605, 89.70130243375, -15.79736675455, 0, 0
-22.04665957721, 102.74360769979, -21.40920257859, -11.95204123728, 89.69991053711, -15.79792691085, 0, 0
-22.04284805683, 102.74262290296, -21.40976606982, -11.95743048385, 89.69851881086, -15.79848701183, 0, 0
-22.03903670880, 102.74163789471, -21.41032946200, -11.96281974576, 89.69712725498, -15.79904705753, 0, 0
-22.03522553314, 102.74065267506, -21.41089275511, -11.96820902300, 89.69573586948, -15.79960704802, 0, 0
-22.03141452987, 102.73966724403, -21.41145594914, -11.97359831555, 89.69434465434, -15.80016698333, 0, 0
-22.02760369903, 102.73868160160, -21.41201904410, -11.97898762343, 89.69295360956, -15.80072686353, 0, 0
-22.02379304062, 102.73769574781, -21.41258203997, -11.98437694660, 89.69156273514, -15.80128668865, 0, 0
-22.01998255467, 102.73670968266, -21.41314493676, -11.98976628508, 89.69017203105, -15.80184645875, 0, 0
-22.01617224121, 102.73572340615, -21.41370773445, -11.99515563885, 89.68878149731, -15.80240617388, 0, 0
-22.01236210026, 102.73473691830, -21.41427043303, -12.00054500791, 89.68739113390, -15.80296583409, 0, 0
-22.00855213184, 102.73375021912, -21.41483303251, -12.00593439224, 89.68600094082, -15.80352543943, 0, 0
-22.00474233596, 102.73276330862, -21.41539553288, -12.01132379184, 89.68461091805, -15.80408498995, 0, 0
-22.00093271266, 102.73177618681, -21.41595793413, -12.01671320671, 89.68322106560, -15.80464448570, 0, 0
-21.99712326196, 102.73078885369, -21.41652023626, -12.02210263683, 89.68183138346, -15.80520392673, 0, 0
-21.99331398387, 102.72980130929, -21.41708243926, -12.02749208220, 89.68044187162, -15.80576331309, 0, 0
-21.98950487842, 102.72881355360, -21.41764454312, -12.03288154281, 89.67905253007, -15.80632264483, 0, 0
-21.98569594564, 102.72782558663, -21.41820654785, -12.03827101866, 89.67766335881, -15.80688192201, 0, 0
-21.98188718554, 102.72683740841, -21.41876845342, -12.04366050972, 89.67627435784, -15.80744114466, 0, 0
-21.97807859814, 102.72584901894, -21.41933025985, -12.04905001601, 89.67488552714, -15.80800031284, 0, 0
-21.97427018348, 102.72486041822, -21.41989196712, -12.05443953751, 89.67349686670, -15.80855942661, 0, 0
-21.97046194156, 102.72387160627, -21.42045357523, -12.05982907422, 89.67210837653, -15.80911848600, 0, 0
-21.96665387242, 102.72288258310, -21.42101508417, -12.06521862612, 89.67072005662, -15.80967749108, 0, 0
-21.96284597607, 102.72189334872, -21.42157649393, -12.07060819321, 89.66933190696, -15.81023644188, 0, 0
-21.95903825255, 102.72090390314, -21.42213780452, -12.07599777548, 89.66794392754, -15.81079533847, 0, 0
-21.95523070186, 102.71991424637, -21.42269901592, -12.08138737292, 89.66655611835, -15.81135418089, 0, 0
-21.95142332403, 102.71892437841, -21.42326012813, -12.08677698554, 89.66516847940, -15.81191296920, 0, 0
-21.94761611908, 102.71793429929, -21.42382114115, -12.09216661331, 89.66378101066, -15.81247170343, 0, 0
-21.94380908705, 102.71694400900, -21.42438205496, -12.09755625624, 89.66239371215, -15.81303038364, 0, 0
-21.94000222794, 102.71595350756, -21.42494286957, -12.10294591431, 89.66100658385, -15.81358900989, 0, 0
-21.93619554178, 102.71496279498, -21.42550358496, -12.10833558752, 89.65961962575, -15.81414758222, 0, 0
-21.93238902859, 102.71397187127, -21.42606420113, -12.11372527586, 89.65823283785, -15.81470610067, 0, 0
-21.92858268839, 102.71298073644, -21.42662471809, -12.11911497932, 89.65684622013, -15.81526456532, 0, 0
-21.92477652122, 102.71198939050, -21.42718513581, -12.12450469790, 89.65545977261, -15.81582297619, 0, 0
-21.92097052708, 102.71099783345, -21.42774545429, -12.12989443159, 89.65407349526, -15.81638133334, 0, 0
-21.91716470600, 102.71000606532, -21.42830567354, -12.13528418038, 89.65268738808, -15.81693963683, 0, 0
-21.91335905801, 102.70901408610, -21.42886579354, -12.14067394426, 89.65130145107, -15.81749788669, 0, 0
-21.90955358312, 102.70802189582, -21.42942581428, -12.14606372323, 89.64991568421, -15.81805608299, 0, 0
-21.90574828135, 102.70702949447, -21.42998573577, -12.15145351728, 89.64853008751, -15.81861422577, 0, 0
-21.90194315274, 102.70603688208, -21.43054555800, -12.15684332640, 89.64714466095, -15.81917231509, 0, 0
-21.89813819730, 102.70504405864, -21.43110528096, -12.16223315059, 89.64575940453, -15.81973035098, 0, 0
-21.89433341505, 102.70405102417, -21.43166490464, -12.16762298983, 89.64437431824, -15.82028833351, 0, 0
-21.89052880601, 102.70305777869, -21.43222442904, -12.17301284412, 89.64298940208, -15.82084626271, 0, 0
-21.88672437021, 102.70206432219, -21.43278385416, -12.17840271346, 89.64160465603, -15.82140413865, 0, 0
-21.88292010767, 102.70107065469, -21.43334317998, -12.18379259783, 89.64022008010, -15.82196196137, 0, 0
-21.87911601842, 102.70007677621, -21.43390240651, -12.18918249722, 89.63883567427, -15.82251973092, 0, 0
-21.87531210246, 102.69908268674, -21.43446153374, -12.19457241164, 89.63745143854, -15.82307744736, 0, 0
-21.87150835983, 102.69808838631, -21.43502056166, -12.19996234107, 89.63606737290, -15.82363511072, 0, 0
-21.86770479055, 102.69709387491, -21.43557949026, -12.20535228551, 89.63468347735, -15.82419272106, 0, 0
-21.86390139464, 102.69609915257, -21.43613831955, -12.21074224494, 89.63329975188, -15.82475027844, 0, 0
-21.86009817211, 102.69510421929, -21.43669704951, -12.21613221937, 89.63191619647, -15.82530778290, 0, 0
-21.85629512301, 102.69410907508, -21.43725568014, -12.22152220878, 89.63053281113, -15.82586523449, 0, 0
-21.85249224733, 102.69311371995, -21.43781421144, -12.22691221317, 89.62914959585, -15.82642263325, 0, 0
-21.84868954511, 102.69211815391, -21.43837264339, -12.23230223252, 89.62776655063, -15.82697997925, 0, 0
-21.84488701638, 102.69112237697, -21.43893097600, -12.23769226684, 89.62638367544, -15.82753727253, 0, 0
-21.84108466114, 102.69012638914, -21.43948920925, -12.24308231611, 89.62500097030, -15.82809451315, 0, 0
-21.83728247943, 102.68913019044, -21.44004734314, -12.24847238033, 89.62361843518, -15.82865170114, 0, 0
-21.83348047126, 102.68813378087, -21.44060537768, -12.25386245949, 89.62223607009, -15.82920883656, 0, 0
-21.82967863665, 102.68713716044, -21.44116331284, -12.25925255358, 89.62085387502, -15.82976591946, 0, 0
-21.82587697564, 102.68614032916, -21.44172114862, -12.26464266260, 89.61947184996, -15.83032294989, 0, 0
-21.82207548824, 102.68514328705, -21.44227888503, -12.27003278653, 89.61808999491, -15.83087992790, 0, 0
-21.81827417447, 102.68414603410, -21.44283652205, -12.27542292538, 89.61670830985, -15.83143685354, 0, 0
-21.81447303435, 102.68314857034, -21.44339405968, -12.28081307913, 89.61532679478, -15.83199372686, 0, 0
-21.81067206791, 102.68215089578, -21.44395149791, -12.28620324777, 89.61394544970, -15.83255054791, 0, 0
-21.80687127517, 102.68115301041, -21.44450883673, -12.29159343130, 89.61256427459, -15.83310731674, 0, 0
-21.80307065615, 102.68015491426, -21.44506607615, -12.29698362971, 89.61118326946, -15.83366403340, 0, 0
-21.79927021087, 102.67915660733, -21.44562321616, -12.30237384300, 89.60980243428, -15.83422069793, 0, 0
-21.79546993935, 102.67815808964, -21.44618025674, -12.30776407115, 89.60842176907, -15.83477731040, 0, 0
-21.79166984162, 102.67715936119, -21.44673719790, -12.31315431416, 89.60704127380, -15.83533387084, 0, 0
-21.78786991770, 102.67616042200, -21.44729403963, -12.31854457203, 89.60566094848, -15.83589037931, 0, 0
-21.78407016761, 102.67516127206, -21.44785078192, -12.32393484474, 89.60428079309, -15.83644683586, 0, 0
-21.78027059137, 102.67416191141, -21.44840742476, -12.32932513228, 89.60290080763, -15.83700324054, 0, 0
-21.77647118900, 102.67316234003, -21.44896396816, -12.33471543465, 89.60152099210, -15.83755959339, 0, 0
-21.77267196053, 102.67216255796, -21.44952041211, -12.34010575185, 89.60014134648, -15.83811589447, 0, 0
-21.76887290597, 102.67116256518, -21.45007675660, -12.34549608386, 89.59876187076, -15.83867214383, 0, 0
-21.76507402535, 102.67016236173, -21.45063300162, -12.35088643068, 89.59738256495, -15.83922834151, 0, 0
-21.76127531869, 102.66916194759, -21.45118914718, -12.35627679230, 89.59600342904, -15.83978448758, 0, 0
-21.75747678602, 102.66816132280, -21.45174519325, -12.36166716872, 89.59462446301, -15.84034058206, 0, 0
-21.75367842735, 102.66716048735, -21.45230113985, -12.36705755991, 89.59324566687, -15.84089662503, 0, 0
-21.74988024270, 102.66615944125, -21.45285698696, -12.37244796589, 89.59186704059, -15.84145261652, 0, 0
-21.74608223211, 102.66515818453, -21.45341273457, -12.37783838664, 89.59048858419, -15.84200855658, 0, 0
-21.74228439558, 102.66415671717, -21.45396838269, -12.38322882215, 89.58911029764, -15.84256444527, 0, 0
-21.73848673314, 102.66315503921, -21.45452393131, -12.38861927242, 89.58773218095, -15.84312028264, 0, 0
-21.73468924482, 102.66215315064, -21.45507938041, -12.39400973743, 89.58635423410, -15.84367606872, 0, 0
-21.73089193063, 102.66115105148, -21.45563473000, -12.39940021719, 89.58497645710, -15.84423180359, 0, 0
-21.72709479060, 102.66014874174, -21.45618998007, -12.40479071169, 89.58359884992, -15.84478748728, 0, 0
-21.72329782474, 102.65914622142, -21.45674513061, -12.41018122091, 89.58222141257, -15.84534311984, 0, 0
-21.71950103309, 102.65814349054, -21.45730018162, -12.41557174485, 89.58084414504, -15.84589870132, 0, 0
-21.71570441566, 102.65714054911, -21.45785513309, -12.42096228350, 89.57946704732, -15.84645423178, 0, 0
-21.71190797247, 102.65613739714, -21.45840998502, -12.42635283685, 89.57809011941, -15.84700971126, 0, 0
-21.70811170355, 102.65513403464, -21.45896473741, -12.43174340491, 89.57671336129, -15.84756513981, 0, 0
-21.70431560891, 102.65413046162, -21.45951939023, -12.43713398765, 89.57533677296, -15.84812051748, 0, 0
-21.70051968858, 102.65312667808, -21.46007394350, -12.44252458508, 89.57396035441, -15.84867584433, 0, 0
-21.69672394258, 102.65212268405, -21.46062839720, -12.44791519719, 89.57258410564, -15.84923112039, 0, 0
-21.69292837094, 102.65111847952, -21.46118275133, -12.45330582396, 89.57120802664, -15.84978634573, 0, 0
-21.68913297367, 102.65011406452, -21.46173700589, -12.45869646539, 89.56983211741, -15.85034152039, 0, 0
-21.68533775079, 102.64910943905, -21.46229116086, -12.46408712148, 89.56845637792, -15.85089664442, 0, 0
-21.68154270233, 102.64810460311, -21.46284521624, -12.46947779221, 89.56708080819, -15.85145171786, 0, 0
-21.67774782831, 102.64709955673, -21.46339917204, -12.47486847758, 89.56570540819, -15.85200674078, 0, 0
-21.67395312875, 102.64609429991, -21.46395302823, -12.48025917759, 89.56433017793, -15.85256171322, 0, 0
-21.67015860368, 102.64508883266, -21.46450678482, -12.48564989221, 89.56295511739, -15.85311663522, 0, 0
-21.66636425310, 102.64408315499, -21.46506044179, -12.49104062146, 89.56158022658, -15.85367150684, 0, 0
-21.66257007705, 102.64307726691, -21.46561399915, -12.49643136531, 89.56020550548, -15.85422632813, 0, 0
-21.65877607555, 102.64207116843, -21.46616745689, -12.50182212377, 89.55883095408, -15.85478109914, 0, 0
-21.65498224862, 102.64106485957, -21.46672081501, -12.50721289682, 89.55745657238, -15.85533581991, 0, 0
-21.65118859628, 102.64005834033, -21.46727407349, -12.51260368446, 89.55608236037, -15.85589049050, 0, 0
-21.64739511855, 102.63905161073, -21.46782723233, -12.51799448668, 89.55470831804, -15.85644511096, 0, 0
-21.64360181545, 102.63804467076, -21.46838029153, -12.52338530348, 89.55333444539, -15.85699968133, 0, 0
-21.63980868701, 102.63703752046, -21.46893325108, -12.52877613484, 89.55196074241, -15.85755420166, 0, 0
-21.63601573324, 102.63603015981, -21.46948611097, -12.53416698075, 89.55058720909, -15.85810867202, 0, 0
-21.63222295418, 102.63502258884, -21.47003887121, -12.53955784122, 89.54921384543, -15.85866309243, 0, 0
-21.62843034983, 102.63401480756, -21.47059153178, -12.54494871623, 89.54784065141, -15.85921746296, 0, 0
-21.62463792022, 102.63300681596, -21.47114409267, -12.55033960578, 89.54646762704, -15.85977178365, 0, 0
-21.62084566538, 102.63199861408, -21.47169655389, -12.55573050986, 89.54509477230, -15.86032605455, 0, 0
-21.61705358533, 102.63099020191, -21.47224891543, -12.56112142846, 89.54372208718, -15.86088027572, 0, 0
-21.61326168007, 102.62998157947, -21.47280117727, -12.56651236157, 89.54234957169, -15.86143444720, 0, 0
-21.60946994965, 102.62897274676, -21.47335333943, -12.57190330920, 89.54097722580, -15.86198856904, 0, 0
-21.60567839408, 102.62796370380, -21.47390540188, -12.57729427132, 89.53960504952, -15.86254264129, 0, 0
-21.60188701338, 102.62695445060, -21.47445736463, -12.58268524793, 89.53823304284, -15.86309666400, 0, 0
-21.59809580756, 102.62594498716, -21.47500922766, -12.58807623903, 89.53686120575, -15.86365063721, 0, 0
-21.59430477667, 102.62493531350, -21.47556099098, -12.59346724460, 89.53548953823, -15.86420456099, 0, 0
-21.59051392071, 102.62392542963, -21.47611265458, -12.59885826465, 89.53411804030, -15.86475843538, 0, 0
-21.58672323970, 102.62291533556, -21.47666421845, -12.60424929916, 89.53274671193, -15.86531226042, 0, 0
-21.58293273368, 102.62190503130, -21.47721568259, -12.60964034813, 89.53137555312, -15.86586603617, 0, 0
-21.57914240265, 102.62089451685, -21.47776704699, -12.61503141154, 89.53000456387, -15.86641976268, 0, 0
-21.57535224665, 102.61988379224, -21.47831831164, -12.62042248940, 89.52863374416, -15.86697344000, 0, 0
-21.57156226569, 102.61887285746, -21.47886947655, -12.62581358169, 89.52726309400, -15.86752706817, 0, 0
-21.56777245979, 102.61786171254, -21.47942054170, -12.63120468840, 89.52589261336, -15.86808064724, 0, 0
-21.56398282898, 102.61685035748, -21.47997150708, -12.63659580954, 89.52452230225, -15.86863417727, 0, 0
-21.56019337328, 102.61583879228, -21.48052237270, -12.64198694508, 89.52315216065, -15.86918765831, 0, 0
-21.55640409270, 102.61482701697, -21.48107313855, -12.64737809504, 89.52178218857, -15.86974109039, 0, 0
-21.55261498728, 102.61381503155, -21.48162380462, -12.65276925939, 89.52041238598, -15.87029447358, 0, 0
-21.54882605703, 102.61280283603, -21.48217437091, -12.65816043812, 89.51904275289, -15.87084780792, 0, 0
-21.54503730197, 102.61179043043, -21.48272483740, -12.66355163125, 89.51767328929, -15.87140109347, 0, 0
-21.54124872213, 102.61077781475, -21.48327520410, -12.66894283874, 89.51630399517, -15.87195433026, 0, 0
-21.53746031752, 102.60976498900, -21.48382547101, -12.67433406061, 89.51493487052, -15.87250751835, 0, 0
-21.53367208817, 102.60875195319, -21.48437563810, -12.67972529683, 89.51356591533, -15.87306065780, 0, 0
-21.52988403410, 102.60773870734, -21.48492570539, -12.68511654741, 89.51219712961, -15.87361374864, 0, 0
-21.52609615532, 102.60672525145, -21.48547567285, -12.69050781234, 89.51082851333, -15.87416679093, 0, 0
-21.52230845188, 102.60571158554, -21.48602554050, -12.69589909160, 89.50946006650, -15.87471978472, 0, 0
-21.51852092377, 102.60469770962, -21.48657530831, -12.70129038519, 89.50809178910, -15.87527273005, 0, 0
-21.51473357103, 102.60368362368, -21.48712497629, -12.70668169311, 89.50672368113, -15.87582562699, 0, 0
-21.51094639367, 102.60266932776, -21.48767454443, -12.71207301535, 89.50535574258, -15.87637847556, 0, 0
-21.50715939173, 102.60165482185, -21.48822401273, -12.71746435189, 89.50398797344, -15.87693127583, 0, 0
-21.50337256521, 102.60064010597, -21.48877338117, -12.72285570274, 89.50262037371, -15.87748402785, 0, 0
-21.49958591414, 102.59962518012, -21.48932264976, -12.72824706788, 89.50125294338, -15.87803673166, 0, 0
-21.49579943854, 102.59861004433, -21.48987181849, -12.73363844731, 89.49988568244, -15.87858938731, 0, 0
-21.49201313843, 102.59759469859, -21.49042088735, -12.73902984102, 89.49851859088, -15.87914199486, 0, 0
-21.48822701384, 102.59657914292, -21.49096985634, -12.74442124900, 89.49715166870, -15.87969455434, 0, 0
-21.48444106479, 102.59556337733, -21.49151872544, -12.74981267125, 89.49578491588, -15.88024706582, 0, 0
-21.48065529129, 102.59454740183, -21.49206749467, -12.75520410776, 89.49441833243, -15.88079952934, 0, 0
-21.47686969337, 102.59353121643, -21.49261616400, -12.76059555851, 89.49305191833, -15.88135194494, 0, 0
-21.47308427105, 102.59251482114, -21.49316473344, -12.76598702351, 89.49168567358, -15.88190431269, 0, 0
-21.46929902435, 102.59149821597, -21.49371320297, -12.77137850275, 89.49031959816, -15.88245663262, 0, 0
-21.46551395329, 102.59048140093, -21.49426157260, -12.77676999622, 89.48895369207, -15.88300890479, 0, 0
-21.46172905790, 102.58946437603, -21.49480984232, -12.78216150390, 89.48758795531, -15.88356112924, 0, 0
-21.45794433819, 102.58844714128, -21.49535801212, -12.78755302580, 89.48622238786, -15.88411330603, 0, 0
-21.45415979418, 102.58742969670, -21.49590608199, -12.79294456191, 89.48485698972, -15.88466543521, 0, 0
-21.45037542591, 102.58641204229, -21.49645405194, -12.79833611222, 89.48349176088, -15.88521751682, 0, 0
-21.44659123338, 102.58539417807, -21.49700192195, -12.80372767672, 89.48212670134, -15.88576955091, 0, 0
-21.44280721662, 102.58437610404, -21.49754969202, -12.80911925541, 89.48076181107, -15.88632153753, 0, 0
-21.43902337565, 102.58335782021, -21.49809736215, -12.81451084827, 89.47939709009, -15.88687347674, 0, 0
-21.43523971050, 102.58233932660, -21.49864493232, -12.81990245530, 89.47803253838, -15.88742536858, 0, 0
-21.43145622118, 102.58132062321, -21.49919240254, -12.82529407650, 89.47666815592, -15.88797721309, 0, 0
-21.42767290771, 102.58030171006, -21.49973977279, -12.83068571185, 89.47530394273, -15.88852901034, 0, 0
-21.42388977012, 102.57928258715, -21.50028704308, -12.83607736135, 89.47393989878, -15.88908076036, 0, 0
-21.42010680843, 102.57826325450, -21.50083421339, -12.84146902499, 89.47257602407, -15.88963246322, 0, 0
-21.41632402266, 102.57724371212, -21.50138128372, -12.84686070277, 89.47121231859, -15.89018411894, 0, 0
-21.41254141282, 102.57622396002, -21.50192825407, -12.85225239467, 89.46984878233, -15.89073572760, 0, 0
-21.40875897895, 102.57520399821, -21.50247512443, -12.85764410069, 89.46848541529, -15.89128728923, 0, 0
-21.40497672106, 102.57418382669, -21.50302189479, -12.86303582083, 89.46712221746, -15.89183880388, 0, 0
-21.40119463917, 102.57316344549, -21.50356856514, -12.86842755507, 89.46575918883, -15.89239027160, 0, 0
-21.39741273331, 102.57214285460, -21.50411513549, -12.87381930340, 89.46439632940, -15.89294169245, 0, 0
-21.39363100349, 102.57112205404, -21.50466160583, -12.87921106583, 89.46303363915, -15.89349306647, 0, 0
-21.38984944974, 102.57010104383, -21.50520797615, -12.88460284233, 89.46167111808, -15.89404439371, 0, 0
-21.38606807208, 102.56907982396, -21.50575424644, -12.88999463292, 89.46030876617, -15.89459567422, 0, 0
-21.38228687052, 102.56805839446, -21.50630041671, -12.89538643757, 89.45894658343, -15.89514690805, 0, 0
-21.37850584510, 102.56703675533, -21.50684648694, -12.90077825628, 89.45758456985, -15.89569809525, 0, 0
-21.37472499583, 102.56601490659, -21.50739245713, -12.90617008905, 89.45622272541, -15.89624923586, 0, 0
-21.37094432273, 102.56499284823, -21.50793832727, -12.91156193586, 89.45486105011, -15.89680032994, 0, 0
-21.36716382582, 102.56397058028, -21.50848409736, -12.91695379671, 89.45349954395, -15.89735137753, 0, 0
-21.36338350513, 102.56294810275, -21.50902976739, -12.92234567159, 89.45213820690, -15.89790237869, 0, 0
-21.35960336068, 102.56192541564, -21.50957533736, -12.92773756050, 89.45077703898, -15.89845333347, 0, 0
-21.35582339248, 102.56090251896, -21.51012080725, -12.93312946342, 89.44941604016, -15.89900424190, 0, 0
-21.35204360057, 102.55987941274, -21.51066617708, -12.93852138035, 89.44805521044, -15.89955510405, 0, 0
-21.34826398495, 102.55885609696, -21.51121144682, -12.94391331129, 89.44669454981, -15.90010591995, 0, 0
-21.34448454565, 102.55783257166, -21.51175661648, -12.94930525622, 89.44533405827, -15.90065668967, 0, 0
-21.34070528269, 102.55680883683, -21.51230168605, -12.95469721514, 89.44397373581, -15.90120741324, 0, 0
-21.33692619610, 102.55578489249, -21.51284665552, -12.96008918803, 89.44261358241, -15.90175809072, 0, 0
-21.33314728589, 102.55476073865, -21.51339152488, -12.96548117491, 89.44125359808, -15.90230872216, 0, 0
-21.32936855208, 102.55373637532, -21.51393629414, -12.97087317574, 89.43989378280, -15.90285930760, 0, 0
-21.32558999471, 102.55271180251, -21.51448096329, -12.97626519054, 89.43853413656, -15.90340984710, 0, 0
-21.32181161377, 102.55168702023, -21.51502553231, -12.98165721928, 89.43717465937, -15.90396034070, 0, 0
-21.31803340931, 102.55066202850, -21.51557000121, -12.98704926197, 89.43581535120, -15.90451078846, 0, 0
-21.31425538133, 102.54963682731, -21.51611436998, -12.99244131860, 89.43445621206, -15.90506119041, 0, 0
-21.31047752987, 102.54861141668, -21.51665863862, -12.99783338916, 89.43309724193, -15.90561154662, 0, 0
-21.30669985494, 102.54758579663, -21.51720280711, -13.00322547364, 89.43173844080, -15.90616185713, 0, 0
-21.30292235656, 102.54655996716, -21.51774687545, -13.00861757203, 89.43037980868, -15.90671212198, 0, 0
-21.29914503475, 102.54553392829, -21.51829084365, -13.01400968433, 89.42902134554, -15.90726234123, 0, 0
-21.29536788953, 102.54450768002, -21.51883471168, -13.01940181053, 89.42766305139, -15.90781251493, 0, 0
-21.29159092094, 102.54348122236, -21.51937847955, -13.02479395062, 89.42630492621, -15.90836264312, 0, 0
-21.28781412897, 102.54245455533, -21.51992214725, -13.03018610460, 89.42494697000, -15.90891272586, 0, 0
-21.28403751367, 102.54142767894, -21.52046571477, -13.03557827246, 89.42358918275, -15.90946276319, 0, 0
-21.28026107504, 102.54040059319, -21.52100918211, -13.04097045418, 89.42223156444, -15.91001275517, 0, 0
-21.27648481311, 102.53937329810, -21.52155254927, -13.04636264977, 89.42087411509, -15.91056270183, 0, 0
-21.27270872791, 102.53834579368, -21.52209581623, -13.05175485922, 89.41951683466, -15.91111260324, 0, 0
-21.26893281944, 102.53731807994, -21.52263898300, -13.05714708252, 89.41815972317, -15.91166245943, 0, 0
-21.26515708774, 102.53629015689, -21.52318204956, -13.06253931966, 89.41680278059, -15.91221227046, 0, 0
-21.26138153282, 102.53526202453, -21.52372501592, -13.06793157063, 89.41544600692, -15.91276203638, 0, 0
-21.25760615470, 102.53423368289, -21.52426788206, -13.07332383543, 89.41408940216, -15.91331175723, 0, 0
-21.25383095341, 102.53320513197, -21.52481064798, -13.07871611405, 89.41273296629, -15.91386143307, 0, 0
-21.25005592896, 102.53217637178, -21.52535331367, -13.08410840648, 89.41137669931, -15.91441106394, 0, 0
-21.24628108139, 102.53114740233, -21.52589587913, -13.08950071271, 89.41002060121, -15.91496064989, 0, 0
-21.24250641069, 102.53011822364, -21.52643834436, -13.09489303275, 89.40866467198, -15.91551019098, 0, 0
-21.23873191691, 102.52908883571, -21.52698070934, -13.10028536657, 89.40730891161, -15.91605968724, 0, 0
-21.23495760006, 102.52805923855, -21.52752297408, -13.10567771418, 89.40595332009, -15.91660913873, 0, 0
-21.23118346016, 102.52702943218, -21.52806513856, -13.11107007556, 89.40459789743, -15.91715854551, 0, 0
-21.22740949723, 102.52599941660, -21.52860720278, -13.11646245072, 89.40324264360, -15.91770790760, 0, 0
-21.22363571129, 102.52496919183, -21.52914916674, -13.12185483963, 89.40188755860, -15.91825722508, 0, 0
-21.21986210236, 102.52393875788, -21.52969103043, -13.12724724230, 89.40053264243, -15.91880649797, 0, 0
-21.21608867047, 102.52290811476, -21.53023279384, -13.13263965872, 89.39917789507, -15.91935572634, 0, 0
-21.21231541564, 102.52187726247, -21.53077445697, -13.13803208887, 89.39782331652, -15.91990491023, 0, 0
-21.20854233788, 102.52084620103, -21.53131601981, -13.14342453276, 89.39646890677, -15.92045404970, 0, 0
-21.20476943721, 102.51981493045, -21.53185748236, -13.14881699037, 89.39511466580, -15.92100314478, 0, 0
-21.20099671367, 102.51878345074, -21.53239884461, -13.15420946170, 89.39376059362, -15.92155219553, 0, 0
-21.19722416726, 102.51775176191, -21.53294010655, -13.15960194674, 89.39240669021, -15.92210120199, 0, 0
-21.19345179801, 102.51671986397, -21.53348126819, -13.16499444548, 89.39105295557, -15.92265016423, 0, 0
-21.18967960594, 102.51568775694, -21.53402232951, -13.17038695792, 89.38969938969, -15.92319908227, 0, 0
-21.18590759108, 102.51465544082, -21.53456329051, -13.17577948405, 89.38834599256, -15.92374795618, 0, 0
-21.18213575343, 102.51362291562, -21.53510415119, -13.18117202385, 89.38699276416, -15.92429678601, 0, 0
-21.17836409303, 102.51259018135, -21.53564491153, -13.18656457734, 89.38563970450, -15.92484557179, 0, 0
-21.17459260989, 102.51155723803, -21.53618557154, -13.19195714449, 89.38428681357, -15.92539431358, 0, 0
-21.17082130403, 102.51052408567, -21.53672613120, -13.19734972529, 89.38293409136, -15.92594301143, 0, 0
-21.16705017548, 102.50949072427, -21.53726659051, -13.20274231975, 89.38158153785, -15.92649166539, 0, 0
-21.16327922426, 102.50845715385, -21.53780694947, -13.20813492786, 89.38022915304, -15.92704027550, 0, 0
-21.15950845038, 102.50742337441, -21.53834720807, -13.21352754960, 89.37887693693, -15.92758884182, 0, 0
-21.15573785387, 102.50638938598, -21.53888736630, -13.21892018497, 89.37752488950, -15.92813736439, 0, 0
-21.15196743475, 102.50535518855, -21.53942742416, -13.22431283397, 89.37617301075, -15.92868584327, 0, 0
-21.14819719303, 102.50432078214, -21.53996738165, -13.22970549658, 89.37482130066, -15.92923427849, 0, 0
-21.14442712875, 102.50328616676, -21.54050723875, -13.23509817280, 89.37346975924, -15.92978267011, 0, 0
-21.14065724191, 102.50225134243, -21.54104699547, -13.24049086262, 89.37211838646, -15.93033101819, 0, 0
-21.13688753255, 102.50121630914, -21.54158665179, -13.24588356603, 89.37076718233, -15.93087932275, 0, 0
-21.13311800068, 102.50018106692, -21.54212620771, -13.25127628303, 89.36941614683, -15.93142758387, 0, 0
-21.12934864632, 102.49914561577, -21.54266566323, -13.25666901361, 89.36806527997, -15.93197580158, 0, 0
-21.12557946949, 102.49810995570, -21.54320501834, -13.26206175777, 89.36671458172, -15.93252397593, 0, 0
-21.12181047022, 102.49707408673, -21.54374427303, -13.26745451548, 89.36536405207, -15.93307210697, 0, 0
-21.11804164853, 102.49603800887, -21.54428342730, -13.27284728676, 89.36401369104, -15.93362019475, 0, 0
-21.11427300442, 102.49500172212, -21.54482248114, -13.27824007158, 89.36266349859, -15.93416823932, 0, 0
-21.11050453794, 102.49396522649, -21.54536143455, -13.28363286995, 89.36131347473, -15.93471624073, 0, 0
-21.10673624909, 102.49292852201, -21.54590028752, -13.28902568185, 89.35996361945, -15.93526419902, 0, 0
-21.10296813790, 102.49189160867, -21.54643904005, -13.29441850728, 89.35861393273, -15.93581211425, 0, 0
-21.09920020439, 102.49085448649, -21.54697769213, -13.29981134623, 89.35726441458, -15.93635998646, 0, 0
-21.09543244857, 102.48981715548, -21.54751624376, -13.30520419869, 89.35591506498, -15.93690781570, 0, 0
-21.09166487048, 102.48877961566, -21.54805469492, -13.31059706466, 89.35456588392, -15.93745560203, 0, 0
-21.08789747012, 102.48774186702, -21.54859304562, -13.31598994413, 89.35321687140, -15.93800334548, 0, 0
-21.08413024753, 102.48670390958, -21.54913129584, -13.32138283710, 89.35186802740, -15.93855104611, 0, 0
-21.08036320272, 102.48566574336, -21.54966944559, -13.32677574354, 89.35051935193, -15.93909870396, 0, 0
-21.07659633571, 102.48462736836, -21.55020749485, -13.33216866346, 89.34917084496, -15.93964631909, 0, 0
-21.07282964652, 102.48358878460, -21.55074544363, -13.33756159686, 89.34782250649, -15.94019389155, 0, 0
-21.06906313517, 102.48254999208, -21.55128329191, -13.34295454371, 89.34647433652, -15.94074142137, 0, 0
-21.06529680169, 102.48151099081, -21.55182103969, -13.34834750403, 89.34512633504, -15.94128890862, 0, 0
-21.06153064610, 102.48047178081, -21.55235868697, -13.35374047779, 89.34377850203, -15.94183635334, 0, 0
-21.05776466841, 102.47943236209, -21.55289623374, -13.35913346499, 89.34243083749, -15.94238375557, 0, 0
-21.05399886864, 102.47839273466, -21.55343367998, -13.36452646562, 89.34108334140, -15.94293111537, 0, 0
-21.05023324682, 102.47735289853, -21.55397102571, -13.36991947968, 89.33973601377, -15.94347843278, 0, 0
-21.04646780297, 102.47631285370, -21.55450827091, -13.37531250716, 89.33838885459, -15.94402570786, 0, 0
-21.04270253711, 102.47527260020, -21.55504541558, -13.38070554805, 89.33704186383, -15.94457294065, 0, 0
-21.03893744925, 102.47423213803, -21.55558245970, -13.38609860235, 89.33569504151, -15.94512013120, 0, 0
-21.03517253942, 102.47319146719, -21.55611940329, -13.39149167004, 89.33434838760, -15.94566727955, 0, 0
-21.03140780764, 102.47215058772, -21.55665624632, -13.39688475112, 89.33300190210, -15.94621438577, 0, 0
-21.02764325394, 102.47110949960, -21.55719298880, -13.40227784559, 89.33165558500, -15.94676144989, 0, 0
-21.02387887832, 102.47006820286, -21.55772963071, -13.40767095343, 89.33030943629, -15.94730847196, 0, 0
-21.02011468081, 102.46902669751, -21.55826617206, -13.41306407464, 89.32896345597, -15.94785545204, 0, 0
-21.01635066143, 102.46798498355, -21.55880261284, -13.41845720921, 89.32761764402, -15.94840239017, 0, 0
-21.01258682021, 102.46694306099, -21.55933895303, -13.42385035713, 89.32627200044, -15.94894928640, 0, 0
-21.00882315716, 102.46590092986, -21.55987519265, -13.42924351840, 89.32492652522, -15.94949614077, 0, 0
-21.00505967230, 102.46485859015, -21.56041133167, -13.43463669301, 89.32358121835, -15.95004295335, 0, 0
-21.00129636566, 102.46381604188, -21.56094737010, -13.44002988095, 89.32223607982, -15.95058972416, 0, 0
-20.99753323724, 102.46277328507, -21.56148330793, -13.44542308222, 89.32089110962, -15.95113645327, 0, 0
-20.99377028709, 102.46173031971, -21.56201914516, -13.45081629680, 89.31954630775, -15.95168314073, 0, 0
-20.99000751521, 102.46068714582, -21.56255488177, -13.45620952469, 89.31820167419, -15.95222978657, 0, 0
-20.98624492162, 102.45964376342, -21.56309051776, -13.46160276589, 89.31685720893, -15.95277639085, 0, 0
-20.98248250635, 102.45860017251, -21.56362605314, -13.46699602038, 89.31551291198, -15.95332295362, 0, 0
-20.97872026942, 102.45755637311, -21.56416148788, -13.47238928815, 89.31416878332, -15.95386947492, 0, 0
-20.97495821084, 102.45651236522, -21.56469682199, -13.47778256921, 89.31282482293, -15.95441595481, 0, 0
-20.97119633064, 102.45546814885, -21.56523205546, -13.48317586355, 89.31148103083, -15.95496239333, 0, 0
-20.96743462884, 102.45442372402, -21.56576718828, -13.48856917115, 89.31013740698, -15.95550879053, 0, 0
-20.96367310545, 102.45337909074, -21.56630222046, -13.49396249200, 89.30879395139, -15.95605514646, 0, 0
-20.95991176051, 102.45233424902, -21.56683715198, -13.49935582612, 89.30745066405, -15.95660146117, 0, 0
-20.95615059402, 102.45128919887, -21.56737198283, -13.50474917347, 89.30610754494, -15.95714773471, 0, 0
-20.95238960602, 102.45024394029, -21.56790671302, -13.51014253406, 89.30476459407, -15.95769396711, 0, 0
-20.94862879651, 102.44919847331, -21.56844134253, -13.51553590788, 89.30342181141, -15.95824015844, 0, 0
-20.94486816552, 102.44815279793, -21.56897587137, -13.52092929493, 89.30207919697, -15.95878630874, 0, 0
-20.94110771308, 102.44710691416, -21.56951029952, -13.52632269519, 89.30073675073, -15.95933241807, 0, 0
-20.93734743919, 102.44606082202, -21.57004462699, -13.53171610866, 89.29939447269, -15.95987848645, 0, 0
-20.93358734389, 102.44501452151, -21.57057885375, -13.53710953533, 89.29805236283, -15.96042451396, 0, 0
-20.92982742719, 102.44396801264, -21.57111297982, -13.54250297519, 89.29671042116, -15.96097050063, 0, 0
-20.92606768911, 102.44292129543, -21.57164700518, -13.54789642824, 89.29536864765, -15.96151644651, 0, 0
-20.92230812967, 102.44187436989, -21.57218092982, -13.55328989447, 89.29402704230, -15.96206235165, 0, 0
-20.91854874890, 102.44082723603, -21.57271475375, -13.55868337387, 89.29268560510, -15.96260821610, 0, 0
-20.91478954681, 102.43977989385, -21.57324847696, -13.56407686644, 89.29134433604, -15.96315403991, 0, 0
-20.91103052342, 102.43873234337, -21.57378209943, -13.56947037216, 89.29000323512, -15.96369982312, 0, 0
-20.90727167876, 102.43768458461, -21.57431562118, -13.57486389104, 89.28866230233, -15.96424556579, 0, 0
-20.90351301284, 102.43663661756, -21.57484904218, -13.58025742305, 89.28732153765, -15.96479126796, 0, 0
-20.89975452569, 102.43558844225, -21.57538236243, -13.58565096820, 89.28598094108, -15.96533692968, 0, 0
-20.89599621732, 102.43454005868, -21.57591558194, -13.59104452648, 89.28464051261, -15.96588255100, 0, 0
-20.89223808776, 102.43349146687, -21.57644870069, -13.59643809789, 89.28330025223, -15.96642813197, 0, 0
-20.88848013702, 102.43244266682, -21.57698171867, -13.60183168240, 89.28196015993, -15.96697367263, 0, 0
-20.88472236513, 102.43139365854, -21.57751463589, -13.60722528002, 89.28062023571, -15.96751917304, 0, 0
-20.88096477211, 102.43034444206, -21.57804745233, -13.61261889075, 89.27928047954, -15.96806463324, 0, 0
-20.87720735797, 102.42929501737, -21.57858016799, -13.61801251456, 89.27794089144, -15.96861005328, 0, 0
-20.87345012274, 102.42824538449, -21.57911278287, -13.62340615146, 89.27660147138, -15.96915543320, 0, 0
-20.86969306644, 102.42719554342, -21.57964529696, -13.62879980143, 89.27526221936, -15.96970077307, 0, 0
-20.86593618908, 102.42614549419, -21.58017771025, -13.63419346448, 89.27392313537, -15.97024607291, 0, 0
-20.86217949069, 102.42509523680, -21.58071002274, -13.63958714059, 89.27258421939, -15.97079133279, 0, 0
-20.85842297129, 102.42404477127, -21.58124223442, -13.64498082976, 89.27124547143, -15.97133655276, 0, 0
-20.85466663090, 102.42299409759, -21.58177434529, -13.65037453197, 89.26990689148, -15.97188173285, 0, 0
-20.85091046954, 102.42194321579, -21.58230635535, -13.65576824723, 89.26856847951, -15.97242687312, 0, 0
-20.84715448722, 102.42089212588, -21.58283826457, -13.66116197552, 89.26723023553, -15.97297197361, 0, 0
-20.84339868398, 102.41984082786, -21.58337007297, -13.66655571683, 89.26589215953, -15.97351703438, 0, 0
-20.83964305982, 102.41878932174, -21.58390178053, -13.67194947117, 89.26455425149, -15.97406205547, 0, 0
-20.83588761477, 102.41773760755, -21.58443338726, -13.67734323852, 89.26321651141, -15.97460703693, 0, 0
-20.83213234886, 102.41668568528, -21.58496489313, -13.68273701887, 89.26187893929, -15.97515197881, 0, 0
-20.82837726209, 102.41563355496, -21.58549629815, -13.68813081222, 89.26054153510, -15.97569688116, 0, 0
-20.82462235449, 102.41458121658, -21.58602760232, -13.69352461857, 89.25920429884, -15.97624174402, 0, 0
-20.82086762608, 102.41352867017, -21.58655880562, -13.69891843789, 89.25786723051, -15.97678656744, 0, 0
-20.81711307689, 102.41247591573, -21.58708990806, -13.70431227019, 89.25653033009, -15.97733135148, 0, 0
-20.81335870692, 102.41142295327, -21.58762090962, -13.70970611547, 89.25519359757, -15.97787609617, 0, 0
-20.80960451620, 102.41036978281, -21.58815181030, -13.71509997370, 89.25385703296, -15.97842080157, 0, 0
-20.80585050476, 102.40931640435, -21.58868261009, -13.72049384488, 89.25252063622, -15.97896546773, 0, 0
-20.80209667261, 102.40826281791, -21.58921330899, -13.72588772902, 89.25118440737, -15.97951009469, 0, 0
-20.79834301976, 102.40720902350, -21.58974390700, -13.73128162609, 89.24984834639, -15.98005468250, 0, 0
-20.79458954625, 102.40615502113, -21.59027440410, -13.73667553610, 89.24851245326, -15.98059923121, 0, 0
-20.79083625209, 102.40510081080, -21.59080480030, -13.74206945903, 89.24717672799, -15.98114374087, 0, 0
-20.78708313731, 102.40404639254, -21.59133509558, -13.74746339488, 89.24584117056, -15.98168821152, 0, 0
-20.78333020191, 102.40299176634, -21.59186528994, -13.75285734364, 89.24450578096, -15.98223264322, 0, 0
-20.77957744593, 102.40193693223, -21.59239538338, -13.75825130531, 89.24317055919, -15.98277703601, 0, 0
-20.77582486938, 102.40088189022, -21.59292537589, -13.76364527987, 89.24183550523, -15.98332138994, 0, 0
-20.77207247228, 102.39982664030, -21.59345526746, -13.76903926732, 89.24050061908, -15.98386570506, 0, 0
-20.76832025465, 102.39877118250, -21.59398505809, -13.77443326765, 89.23916590073, -15.98440998141, 0, 0
-20.76456821652, 102.39771551683, -21.59451474778, -13.77982728086, 89.23783135016, -15.98495421905, 0, 0
-20.76081635789, 102.39665964330, -21.59504433651, -13.78522130694, 89.23649696738, -15.98549841802, 0, 0
-20.75706467880, 102.39560356191, -21.59557382428, -13.79061534587, 89.23516275236, -15.98604257837, 0, 0
-20.75331317927, 102.39454727269, -21.59610321109, -13.79600939766, 89.23382870511, -15.98658670014, 0, 0
-20.74956185930, 102.39349077563, -21.59663249693, -13.80140346229, 89.23249482561, -15.98713078340, 0, 0
-20.74581071893, 102.39243407076, -21.59716168180, -13.80679753977, 89.23116111385, -15.98767482818, 0, 0
-20.74205975818, 102.39137715808, -21.59769076568, -13.81219163007, 89.22982756982, -15.98821883453, 0, 0
-20.73830897705, 102.39032003760, -21.59821974858, -13.81758573320, 89.22849419352, -15.98876280250, 0, 0
-20.73455837558, 102.38926270933, -21.59874863049, -13.82297984914, 89.22716098494, -15.98930673214, 0, 0
-20.73080795378, 102.38820517329, -21.59927741140, -13.82837397790, 89.22582794406, -15.98985062349, 0, 0
-20.72705771167, 102.38714742949, -21.59980609130, -13.83376811946, 89.22449507088, -15.99039447661, 0, 0
-20.72330764928, 102.38608947794, -21.60033467020, -13.83916227381, 89.22316236539, -15.99093829154, 0, 0
-20.71955776662, 102.38503131864, -21.60086314808, -13.84455644095, 89.22182982758, -15.99148206833, 0, 0
-20.71580806371, 102.38397295162, -21.60139152495, -13.84995062087, 89.22049745744, -15.99202580703, 0, 0
-20.71205854058, 102.38291437687, -21.60191980079, -13.85534481356, 89.21916525496, -15.99256950768, 0, 0
-20.70830919724, 102.38185559442, -21.60244797559, -13.86073901902, 89.21783322013, -15.99311317034, 0, 0
-20.70456003371, 102.38079660427, -21.60297604937, -13.86613323724, 89.21650135295, -15.99365679505, 0, 0
-20.70081105002, 102.37973740643, -21.60350402210, -13.87152746822, 89.21516965340, -15.99420038186, 0, 0
-20.69706224618, 102.37867800092, -21.60403189378, -13.87692171193, 89.21383812147, -15.99474393082, 0, 0
-20.69331362221, 102.37761838774, -21.60455966441, -13.88231596838, 89.21250675716, -15.99528744197, 0, 0
-20.68956517814, 102.37655856691, -21.60508733398, -13.88771023757, 89.21117556046, -15.99583091537, 0, 0
-20.68581691397, 102.37549853844, -21.60561490248, -13.89310451947, 89.20984453135, -15.99637435105, 0, 0
-20.68206882974, 102.37443830233, -21.60614236992, -13.89849881410, 89.20851366983, -15.99691774908, 0, 0
-20.67832092547, 102.37337785861, -21.60666973628, -13.90389312143, 89.20718297590, -15.99746110949, 0, 0
-20.67457320117, 102.37231720728, -21.60719700156, -13.90928744146, 89.20585244953, -15.99800443234, 0, 0
-20.67082565686, 102.37125634835, -21.60772416575, -13.91468177418, 89.20452209072, -15.99854771767, 0, 0
-20.66707829256, 102.37019528184, -21.60825122885, -13.92007611960, 89.20319189946, -15.99909096554, 0, 0
-20.66333110829, 102.36913400775, -21.60877819085, -13.92547047769, 89.20186187574, -15.99963417598, 0, 0
-20.65958410408, 102.36807252609, -21.60930505175, -13.93086484845, 89.20053201956, -16.00017734904, 0, 0
-20.65583727994, 102.36701083688, -21.60983181154, -13.93625923188, 89.19920233090, -16.00072048479, 0, 0
-20.65209063590, 102.36594894013, -21.61035847022, -13.94165362797, 89.19787280975, -16.00126358325, 0, 0
-20.64834417196, 102.36488683585, -21.61088502777, -13.94704803671, 89.19654345611, -16.00180664448, 0, 0
-20.64459788816, 102.36382452404, -21.61141148420, -13.95244245809, 89.19521426997, -16.00234966853, 0, 0
-20.64085178451, 102.36276200473, -21.61193783950, -13.95783689211, 89.19388525131, -16.00289265545, 0, 0
-20.63710586103, 102.36169927792, -21.61246409366, -13.96323133875, 89.19255640013, -16.00343560528, 0, 0
-20.63336011774, 102.36063634363, -21.61299024668, -13.96862579802, 89.19122771641, -16.00397851807, 0, 0
-20.62961455467, 102.35957320185, -21.61351629855, -13.97402026990, 89.18989920016, -16.00452139387, 0, 0
-20.62586917182, 102.35850985262, -21.61404224926, -13.97941475439, 89.18857085136, -16.00506423273, 0, 0
-20.62212396923, 102.35744629593, -21.61456809882, -13.98480925148, 89.18724266999, -16.00560703469, 0, 0
-20.61837894691, 102.35638253179, -21.61509384721, -13.99020376117, 89.18591465606, -16.00614979980, 0, 0
-20.61463410488, 102.35531856023, -21.61561949443, -13.99559828344, 89.18458680954, -16.00669252812, 0, 0
-20.61088944316, 102.35425438125, -21.61614504048, -14.00099281828, 89.18325913044, -16.00723521968, 0, 0
-20.60714496177, 102.35318999485, -21.61667048534, -14.00638736570, 89.18193161874, -16.00777787454, 0, 0
-20.60340066074, 102.35212540106, -21.61719582902, -14.01178192568, 89.18060427444, -16.00832049274, 0, 0
-20.59965654007, 102.35106059988, -21.61772107150, -14.01717649822, 89.17927709752, -16.00886307433, 0, 0
-20.59591259979, 102.34999559133, -21.61824621279, -14.02257108331, 89.17795008797, -16.00940561936, 0, 0
-20.59216883993, 102.34893037541, -21.61877125287, -14.02796568094, 89.17662324579, -16.00994812788, 0, 0
-20.58842526049, 102.34786495214, -21.61929619174, -14.03336029111, 89.17529657097, -16.01049059993, 0, 0
-20.58468186150, 102.34679932152, -21.61982102940, -14.03875491380, 89.17397006349, -16.01103303556, 0, 0
-20.58093864299, 102.34573348358, -21.62034576583, -14.04414954902, 89.17264372335, -16.01157543483, 0, 0
-20.57719560496, 102.34466743831, -21.62087040104, -14.04954419675, 89.17131755053, -16.01211779777, 0, 0
-20.57345274744, 102.34360118574, -21.62139493502, -14.05493885698, 89.16999154504, -16.01266012443, 0, 0
-20.56971007045, 102.34253472587, -21.62191936776, -14.06033352972, 89.16866570685, -16.01320241487, 0, 0
-20.56596757400, 102.34146805871, -21.62244369926, -14.06572821494, 89.16734003597, -16.01374466913, 0, 0
-20.56222525813, 102.34040118428, -21.62296792951, -14.07112291265, 89.16601453237, -16.01428688726, 0, 0
-20.55848312284, 102.33933410258, -21.62349205850, -14.07651762284, 89.16468919606, -16.01482906930, 0, 0
-20.55474116816, 102.33826681363, -21.62401608623, -14.08191234550, 89.16336402701, -16.01537121531, 0, 0
-20.55099939411, 102.33719931744, -21.62454001270, -14.08730708062, 89.16203902523, -16.01591332533, 0, 0
-20.54725780071, 102.33613161401, -21.62506383790, -14.09270182820, 89.16071419070, -16.01645539940, 0, 0
-20.54351638797, 102.33506370337, -21.62558756182, -14.09809658823, 89.15938952341, -16.01699743759, 0, 0
-20.53977515592, 102.33399558552, -21.62611118446, -14.10349136069, 89.15806502336, -16.01753943993, 0, 0
-20.53603410457, 102.33292726047, -21.62663470581, -14.10888614559, 89.15674069053, -16.01808140647, 0, 0
-20.53229323396, 102.33185872823, -21.62715812587, -14.11428094292, 89.15541652491, -16.01862333726, 0, 0
-20.52855254408, 102.33078998882, -21.62768144463, -14.11967575267, 89.15409252650, -16.01916523234, 0, 0
-20.52481203497, 102.32972104225, -21.62820466208, -14.12507057483, 89.15276869528, -16.01970709177, 0, 0
-20.52107170665, 102.32865188852, -21.62872777823, -14.13046540940, 89.15144503125, -16.02024891560, 0, 0
-20.51733155913, 102.32758252766, -21.62925079305, -14.13586025637, 89.15012153440, -16.02079070386, 0, 0
-20.51359159244, 102.32651295966, -21.62977370656, -14.14125511572, 89.14879820471, -16.02133245661, 0, 0
-20.50985180659, 102.32544318454, -21.63029651874, -14.14664998746, 89.14747504218, -16.02187417389, 0, 0
-20.50611220160, 102.32437320232, -21.63081922959, -14.15204487158, 89.14615204680, -16.02241585576, 0, 0
-20.50237277750, 102.32330301300, -21.63134183910, -14.15743976807, 89.14482921856, -16.02295750226, 0, 0
-20.49863353430, 102.32223261659, -21.63186434727, -14.16283467691, 89.14350655744, -16.02349911344, 0, 0
-20.49489447203, 102.32116201311, -21.63238675408, -14.16822959812, 89.14218406345, -16.02404068934, 0, 0
-20.49115559069, 102.32009120257, -21.63290905955, -14.17362453167, 89.14086173656, -16.02458223001, 0, 0
-20.48741689032, 102.31902018498, -21.63343126365, -14.17901947756, 89.13953957678, -16.02512373551, 0, 0
-20.48367837093, 102.31794896034, -21.63395336638, -14.18441443579, 89.13821758408, -16.02566520587, 0, 0
-20.47994003254, 102.31687752868, -21.63447536775, -14.18980940634, 89.13689575847, -16.02620664115, 0, 0
-20.47620187517, 102.31580589000, -21.63499726773, -14.19520438921, 89.13557409992, -16.02674804139, 0, 0
-20.47246389884, 102.31473404431, -21.63551906634, -14.20059938439, 89.13425260844, -16.02728940664, 0, 0
-20.46872610357, 102.31366199162, -21.63604076356, -14.20599439188, 89.13293128401, -16.02783073695, 0, 0
-20.46498848938, 102.31258973195, -21.63656235938, -14.21138941167, 89.13161012662, -16.02837203237, 0, 0
-20.46125105628, 102.31151726531, -21.63708385380, -14.21678444374, 89.13028913627, -16.02891329294, 0, 0
-20.45751380431, 102.31044459171, -21.63760524682, -14.22217948810, 89.12896831293, -16.02945451870, 0, 0
-20.45377673348, 102.30937171115, -21.63812653843, -14.22757454473, 89.12764765661, -16.02999570972, 0, 0
-20.45003984380, 102.30829862366, -21.63864772862, -14.23296961364, 89.12632716730, -16.03053686603, 0, 0
-20.44630313530, 102.30722532924, -21.63916881739, -14.23836469480, 89.12500684498, -16.03107798769, 0, 0
-20.44256660800, 102.30615182790, -21.63968980473, -14.24375978822, 89.12368668964, -16.03161907474, 0, 0
-20.43883026191, 102.30507811965, -21.64021069064, -14.24915489389, 89.12236670128, -16.03216012722, 0, 0
-20.43509409706, 102.30400420451, -21.64073147511, -14.25455001179, 89.12104687988, -16.03270114519, 0, 0
-20.43135811346, 102.30293008249, -21.64125215814, -14.25994514193, 89.11972722544, -16.03324212869, 0, 0
-20.42762231114, 102.30185575360, -21.64177273971, -14.26534028430, 89.11840773794, -16.03378307778, 0, 0
-20.42388669012, 102.30078121784, -21.64229321984, -14.27073543888, 89.11708841738, -16.03432399249, 0, 0
-20.42015125040, 102.29970647524, -21.64281359850, -14.27613060567, 89.11576926375, -16.03486487287, 0, 0
-20.41641599203, 102.29863152580, -21.64333387569, -14.28152578467, 89.11445027703, -16.03540571898, 0, 0
-20.41268091500, 102.29755636953, -21.64385405141, -14.28692097587, 89.11313145722, -16.03594653086, 0, 0
-20.40894601935, 102.29648100644, -21.64437412566, -14.29231617925, 89.11181280431, -16.03648730855, 0, 0
-20.40521130508, 102.29540543655, -21.64489409842, -14.29771139482, 89.11049431828, -16.03702805212, 0, 0
-20.40147677223, 102.29432965987, -21.64541396969, -14.30310662256, 89.10917599913, -16.03756876159, 0, 0
-20.39774242081, 102.29325367641, -21.64593373947, -14.30850186247, 89.10785784685, -16.03810943702, 0, 0
-20.39400825084, 102.29217748617, -21.64645340775, -14.31389711455, 89.10653986143, -16.03865007846, 0, 0
-20.39027426234, 102.29110108918, -21.64697297452, -14.31929237877, 89.10522204285, -16.03919068595, 0, 0
-20.38654045533, 102.29002448544, -21.64749243979, -14.32468765514, 89.10390439112, -16.03973125955, 0, 0
-20.38280682983, 102.28894767496, -21.64801180353, -14.33008294366, 89.10258690621, -16.04027179929, 0, 0
-20.37907338586, 102.28787065776, -21.64853106575, -14.33547824430, 89.10126958812, -16.04081230523, 0, 0
-20.37534012343, 102.28679343384, -21.64905022645, -14.34087355707, 89.09995243684, -16.04135277742, 0, 0
-20.37160704257, 102.28571600322, -21.64956928561, -14.34626888196, 89.09863545236, -16.04189321589, 0, 0
-20.36787414330, 102.28463836591, -21.65008824324, -14.35166421895, 89.09731863467, -16.04243362071, 0, 0
-20.36414142563, 102.28356052192, -21.65060709931, -14.35705956805, 89.09600198375, -16.04297399191, 0, 0
-20.36040888959, 102.28248247126, -21.65112585384, -14.36245492925, 89.09468549961, -16.04351432954, 0, 0
-20.35667653519, 102.28140421394, -21.65164450682, -14.36785030254, 89.09336918223, -16.04405463366, 0, 0
-20.35294436245, 102.28032574998, -21.65216305823, -14.37324568791, 89.09205303160, -16.04459490430, 0, 0
-20.34921237140, 102.27924707938, -21.65268150807, -14.37864108535, 89.09073704771, -16.04513514151, 0, 0
-20.34548056205, 102.27816820216, -21.65319985634, -14.38403649486, 89.08942123054, -16.04567534535, 0, 0
-20.34174893443, 102.27708911833, -21.65371810304, -14.38943191644, 89.08810558010, -16.04621551586, 0, 0
-20.33801748854, 102.27600982789, -21.65423624815, -14.39482735006, 89.08679009637, -16.04675565309, 0, 0
-20.33428622442, 102.27493033087, -21.65475429167, -14.40022279573, 89.08547477934, -16.04729575707, 0, 0
-20.33055514207, 102.27385062727, -21.65527223360, -14.40561825344, 89.08415962900, -16.04783582788, 0, 0
-20.32682424153, 102.27277071710, -21.65579007392, -14.41101372319, 89.08284464534, -16.04837586554, 0, 0
-20.32309352280, 102.27169060037, -21.65630781264, -14.41640920495, 89.08152982836, -16.04891587010, 0, 0
-20.31936298591, 102.27061027710, -21.65682544975, -14.42180469874, 89.08021517803, -16.04945584162, 0, 0
-20.31563263088, 102.26952974730, -21.65734298524, -14.42720020453, 89.07890069436, -16.04999578014, 0, 0
-20.31190245773, 102.26844901098, -21.65786041911, -14.43259572233, 89.07758637732, -16.05053568571, 0, 0
-20.30817246647, 102.26736806815, -21.65837775136, -14.43799125212, 89.07627222692, -16.05107555837, 0, 0
-20.30444265713, 102.26628691881, -21.65889498196, -14.44338679391, 89.07495824314, -16.05161539817, 0, 0
-20.30071302972, 102.26520556299, -21.65941211093, -14.44878234767, 89.07364442597, -16.05215520516, 0, 0
-20.29698358426, 102.26412400070, -21.65992913825, -14.45417791341, 89.07233077540, -16.05269497939, 0, 0
-20.29325432078, 102.26304223194, -21.66044606393, -14.45957349112, 89.07101729142, -16.05323472091, 0, 0
-20.28952523929, 102.26196025673, -21.66096288794, -14.46496908078, 89.06970397403, -16.05377442975, 0, 0
-20.28579633982, 102.26087807507, -21.66147961030, -14.47036468240, 89.06839082320, -16.05431410598, 0, 0
-20.28206762237, 102.25979568698, -21.66199623098, -14.47576029597, 89.06707783894, -16.05485374962, 0, 0
-20.27833908698, 102.25871309248, -21.66251275000, -14.48115592147, 89.06576502123, -16.05539336074, 0, 0
-20.27461073365, 102.25763029157, -21.66302916733, -14.48655155891, 89.06445237006, -16.05593293939, 0, 0
-20.27088256241, 102.25654728426, -21.66354548298, -14.49194720827, 89.06313988542, -16.05647248559, 0, 0
-20.26715457328, 102.25546407056, -21.66406169695, -14.49734286955, 89.06182756730, -16.05701199941, 0, 0
-20.26342676628, 102.25438065049, -21.66457780921, -14.50273854273, 89.06051541570, -16.05755148090, 0, 0
-20.25969914142, 102.25329702406, -21.66509381978, -14.50813422782, 89.05920343059, -16.05809093009, 0, 0
-20.25597169873, 102.25221319128, -21.66560972864, -14.51352992481, 89.05789161198, -16.05863034703, 0, 0
-20.25224443823, 102.25112915216, -21.66612553579, -14.51892563368, 89.05657995985, -16.05916973178, 0, 0
-20.24851735993, 102.25004490671, -21.66664124122, -14.52432135444, 89.05526847419, -16.05970908438, 0, 0
-20.24479046385, 102.24896045494, -21.66715684493, -14.52971708707, 89.05395715499, -16.06024840488, 0, 0
-20.24106375001, 102.24787579687, -21.66767234691, -14.53511283157, 89.05264600224, -16.06078769331, 0, 0
-20.23733721844, 102.24679093251, -21.66818774715, -14.54050858793, 89.05133501593, -16.06132694974, 0, 0
-20.23361086915, 102.24570586186, -21.66870304566, -14.54590435614, 89.05002419606, -16.06186617421, 0, 0
-20.22988470215, 102.24462058494, -21.66921824241, -14.55130013619, 89.04871354260, -16.06240536677, 0, 0
-20.22615871748, 102.24353510176, -21.66973333742, -14.55669592809, 89.04740305556, -16.06294452745, 0, 0
-20.22243291514, 102.24244941233, -21.67024833068, -14.56209173181, 89.04609273491, -16.06348365632, 0, 0
-20.21870729517, 102.24136351667, -21.67076322217, -14.56748754736, 89.04478258066, -16.06402275341, 0, 0
-20.21498185757, 102.24027741478, -21.67127801189, -14.57288337473, 89.04347259279, -16.06456181877, 0, 0
-20.21125660236, 102.23919110668, -21.67179269984, -14.57827921391, 89.04216277128, -16.06510085246, 0, 0
-20.20753152957, 102.23810459237, -21.67230728601, -14.58367506489, 89.04085311614, -16.06563985451, 0, 0
-20.20380663921, 102.23701787187, -21.67282177039, -14.58907092767, 89.03954362735, -16.06617882498, 0, 0
-20.20008193131, 102.23593094520, -21.67333615299, -14.59446680223, 89.03823430490, -16.06671776391, 0, 0
-20.19635740588, 102.23484381235, -21.67385043379, -14.59986268858, 89.03692514877, -16.06725667135, 0, 0
-20.19263306294, 102.23375647335, -21.67436461279, -14.60525858670, 89.03561615897, -16.06779554734, 0, 0
-20.18890890251, 102.23266892820, -21.67487868998, -14.61065449658, 89.03430733547, -16.06833439194, 0, 0
-20.18518492461, 102.23158117692, -21.67539266536, -14.61605041823, 89.03299867828, -16.06887320518, 0, 0
-20.18146112926, 102.23049321952, -21.67590653892, -14.62144635163, 89.03169018737, -16.06941198713, 0, 0
-20.17773751648, 102.22940505600, -21.67642031066, -14.62684229678, 89.03038186274, -16.06995073781, 0, 0
-20.17401408628, 102.22831668639, -21.67693398057, -14.63223825366, 89.02907370438, -16.07048945729, 0, 0
-20.17029083869, 102.22722811068, -21.67744754865, -14.63763422227, 89.02776571228, -16.07102814561, 0, 0
-20.16656777373, 102.22613932890, -21.67796101488, -14.64303020261, 89.02645788643, -16.07156680281, 0, 0
-20.16284489141, 102.22505034106, -21.67847437927, -14.64842619467, 89.02515022681, -16.07210542894, 0, 0
-20.15912219175, 102.22396114716, -21.67898764181, -14.65382219844, 89.02384273343, -16.07264402405, 0, 0
-20.15539967477, 102.22287174722, -21.67950080249, -14.65921821391, 89.02253540626, -16.07318258819, 0, 0
-20.15167734050, 102.22178214124, -21.68001386131, -14.66461424107, 89.02122824529, -16.07372112139, 0, 0
-20.14795518894, 102.22069232925, -21.68052681826, -14.67001027993, 89.01992125053, -16.07425962372, 0, 0
-20.14423322013, 102.21960231125, -21.68103967334, -14.67540633046, 89.01861442195, -16.07479809522, 0, 0
-20.14051143407, 102.21851208726, -21.68155242654, -14.68080239267, 89.01730775954, -16.07533653592, 0, 0
-20.13678983079, 102.21742165728, -21.68206507785, -14.68619846655, 89.01600126331, -16.07587494589, 0, 0
-20.13306841031, 102.21633102132, -21.68257762727, -14.69159455208, 89.01469493322, -16.07641332517, 0, 0
-20.12934717264, 102.21524017940, -21.68309007480, -14.69699064927, 89.01338876929, -16.07695167380, 0, 0
-20.12562611781, 102.21414913154, -21.68360242043, -14.70238675811, 89.01208277149, -16.07748999183, 0, 0
-20.12190524583, 102.21305787773, -21.68411466414, -14.70778287858, 89.01077693981, -16.07802827930, 0, 0
-20.11818455672, 102.21196641800, -21.68462680595, -14.71317901069, 89.00947127425, -16.07856653628, 0, 0
-20.11446405050, 102.21087475235, -21.68513884584, -14.71857515442, 89.00816577479, -16.07910476279, 0, 0
-20.11074372719, 102.20978288079, -21.68565078380, -14.72397130976, 89.00686044143, -16.07964295889, 0, 0
-20.10702358682, 102.20869080335, -21.68616261984, -14.72936747672, 89.00555527415, -16.08018112463, 0, 0
-20.10330362939, 102.20759852002, -21.68667435394, -14.73476365528, 89.00425027294, -16.08071926005, 0, 0
-20.09958385493, 102.20650603082, -21.68718598610, -14.74015984544, 89.00294543780, -16.08125736520, 0, 0
-20.09586426345, 102.20541333576, -21.68769751631, -14.74555604718, 89.00164076870, -16.08179544013, 0, 0
-20.09214485498, 102.20432043485, -21.68820894457, -14.75095226051, 89.00033626566, -16.08233348488, 0, 0
-20.08842562953, 102.20322732811, -21.68872027088, -14.75634848541, 88.99903192864, -16.08287149950, 0, 0
-20.08470658713, 102.20213401555, -21.68923149522, -14.76174472188, 88.99772775764, -16.08340948403, 0, 0
-20.08098772778, 102.20104049717, -21.68974261759, -14.76714096991, 88.99642375266, -16.08394743853, 0, 0
-20.07726905152, 102.19994677300, -21.69025363799, -14.77253722949, 88.99511991367, -16.08448536304, 0, 0
-20.07355055836, 102.19885284303, -21.69076455641, -14.77793350061, 88.99381624068, -16.08502325760, 0, 0
-20.06983224831, 102.19775870729, -21.69127537284, -14.78332978328, 88.99251273366, -16.08556112227, 0, 0
-20.06611412141, 102.19666436577, -21.69178608729, -14.78872607748, 88.99120939262, -16.08609895709, 0, 0
-20.06239617765, 102.19556981851, -21.69229669974, -14.79412238320, 88.98990621753, -16.08663676211, 0, 0
-20.05867841708, 102.19447506550, -21.69280721018, -14.79951870044, 88.98860320839, -16.08717453737, 0, 0
-20.05496083970, 102.19338010676, -21.69331761862, -14.80491502919, 88.98730036519, -16.08771228292, 0, 0
-20.05124344553, 102.19228494230, -21.69382792505, -14.81031136945, 88.98599768792, -16.08824999881, 0, 0
-20.04752623459, 102.19118957213, -21.69433812945, -14.81570772120, 88.98469517656, -16.08878768508, 0, 0
-20.04380920690, 102.19009399626, -21.69484823184, -14.82110408444, 88.98339283111, -16.08932534179, 0, 0
-20.04009236249, 102.18899821471, -21.69535823219, -14.82650045916, 88.98209065156, -16.08986296897, 0, 0
-20.03637570136, 102.18790222748, -21.69586813051, -14.83189684535, 88.98078863789, -16.09040056668, 0, 0
-20.03265922353, 102.18680603459, -21.69637792679, -14.83729324302, 88.97948679010, -16.09093813495, 0, 0
-20.02894292904, 102.18570963605, -21.69688762102, -14.84268965214, 88.97818510817, -16.09147567385, 0, 0
-20.02522681789, 102.18461303187, -21.69739721320, -14.84808607272, 88.97688359210, -16.09201318341, 0, 0
-20.02151089010, 102.18351622207, -21.69790670332, -14.85348250474, 88.97558224187, -16.09255066369, 0, 0
-20.01779514569, 102.18241920664, -21.69841609138, -14.85887894821, 88.97428105748, -16.09308811472, 0, 0
-20.01407958469, 102.18132198562, -21.69892537737, -14.86427540310, 88.97298003890, -16.09362553655, 0, 0
-20.01036420710, 102.18022455900, -21.69943456129, -14.86967186942, 88.97167918614, -16.09416292924, 0, 0
-20.00664901296, 102.17912692679, -21.69994364312, -14.87506834716, 88.97037849918, -16.09470029283, 0, 0
-20.00293400227, 102.17802908902, -21.70045262287, -14.88046483631, 88.96907797801, -16.09523762736, 0, 0
-19.99921917505, 102.17693104569, -21.70096150053, -14.88586133687, 88.96777762263, -16.09577493288, 0, 0
-19.99550453134, 102.17583279682, -21.70147027610, -14.89125784882, 88.96647743301, -16.09631220944, 0, 0
-19.99179007113, 102.17473434240, -21.70197894956, -14.89665437215, 88.96517740915, -16.09684945709, 0, 0
-19.98807579446, 102.17363568247, -21.70248752091, -14.90205090688, 88.96387755104, -16.09738667587, 0, 0
-19.98436170134, 102.17253681702, -21.70299599015, -14.90744745297, 88.96257785867, -16.09792386583, 0, 0
-19.98064779179, 102.17143774607, -21.70350435727, -14.91284401044, 88.96127833203, -16.09846102701, 0, 0
-19.97693406583, 102.17033846964, -21.70401262227, -14.91824057927, 88.95997897110, -16.09899815946, 0, 0
-19.97322052348, 102.16923898772, -21.70452078514, -14.92363715945, 88.95867977588, -16.09953526323, 0, 0
-19.96950716475, 102.16813930034, -21.70502884587, -14.92903375097, 88.95738074636, -16.10007233837, 0, 0
-19.96579398967, 102.16703940751, -21.70553680446, -14.93443035384, 88.95608188252, -16.10060938491, 0, 0
-19.96208099825, 102.16593930924, -21.70604466091, -14.93982696804, 88.95478318435, -16.10114640292, 0, 0
-19.95836819051, 102.16483900553, -21.70655241520, -14.94522359357, 88.95348465185, -16.10168339243, 0, 0
-19.95465556647, 102.16373849640, -21.70706006733, -14.95062023041, 88.95218628501, -16.10222035349, 0, 0
-19.95094312616, 102.16263778187, -21.70756761730, -14.95601687857, 88.95088808380, -16.10275728615, 0, 0
-19.94723086958, 102.16153686194, -21.70807506511, -14.96141353803, 88.94959004823, -16.10329419046, 0, 0
-19.94351879676, 102.16043573663, -21.70858241073, -14.96681020878, 88.94829217828, -16.10383106645, 0, 0
-19.93980690772, 102.15933440595, -21.70908965418, -14.97220689083, 88.94699447394, -16.10436791418, 0, 0
-19.93609520247, 102.15823286990, -21.70959679544, -14.97760358416, 88.94569693520, -16.10490473370, 0, 0
-19.93238368103, 102.15713112851, -21.71010383452, -14.98300028877, 88.94439956205, -16.10544152505, 0, 0
-19.92867234342, 102.15602918177, -21.71061077139, -14.98839700464, 88.94310235448, -16.10597828827, 0, 0
-19.92496118967, 102.15492702971, -21.71111760606, -14.99379373178, 88.94180531247, -16.10651502342, 0, 0
-19.92125021978, 102.15382467234, -21.71162433853, -14.99919047017, 88.94050843603, -16.10705173054, 0, 0
-19.91753943378, 102.15272210966, -21.71213096878, -15.00458721981, 88.93921172513, -16.10758840967, 0, 0
-19.91382883169, 102.15161934170, -21.71263749681, -15.00998398069, 88.93791517976, -16.10812506087, 0, 0
-19.91011841353, 102.15051636845, -21.71314392262, -15.01538075281, 88.93661879993, -16.10866168418, 0, 0
-19.90640817930, 102.14941318993, -21.71365024619, -15.02077753615, 88.93532258560, -16.10919827965, 0, 0
-19.90269812904, 102.14830980616, -21.71415646753, -15.02617433070, 88.93402653678, -16.10973484731, 0, 0
-19.89898826276, 102.14720621715, -21.71466258663, -15.03157113648, 88.93273065345, -16.11027138723, 0, 0
-19.89527858048, 102.14610242290, -21.71516860349, -15.03696795345, 88.93143493561, -16.11080789944, 0, 0
-19.89156908221, 102.14499842343, -21.71567451809, -15.04236478163, 88.93013938323, -16.11134438400, 0, 0
-19.88785976799, 102.14389421875, -21.71618033043, -15.04776162099, 88.92884399632, -16.11188084094, 0, 0
-19.88415063782, 102.14278980888, -21.71668604051, -15.05315847154, 88.92754877486, -16.11241727032, 0, 0
-19.88044169172, 102.14168519381, -21.71719164832, -15.05855533327, 88.92625371883, -16.11295367219, 0, 0
-19.87673292971, 102.14058037358, -21.71769715386, -15.06395220616, 88.92495882824, -16.11349004658, 0, 0
-19.87302435182, 102.13947534818, -21.71820255711, -15.06934909022, 88.92366410306, -16.11402639354, 0, 0
-19.86931595805, 102.13837011763, -21.71870785808, -15.07474598543, 88.92236954329, -16.11456271313, 0, 0
-19.86560774843, 102.13726468193, -21.71921305676, -15.08014289180, 88.92107514891, -16.11509900538, 0, 0
-19.86189972298, 102.13615904112, -21.71971815314, -15.08553980930, 88.91978091992, -16.11563527035, 0, 0
-19.85819188171, 102.13505319518, -21.72022314722, -15.09093673794, 88.91848685630, -16.11617150807, 0, 0
-19.85448422465, 102.13394714414, -21.72072803899, -15.09633367770, 88.91719295805, -16.11670771861, 0, 0
-19.85077675181, 102.13284088801, -21.72123282845, -15.10173062859, 88.91589922515, -16.11724390199, 0, 0
-19.84706946321, 102.13173442680, -21.72173751558, -15.10712759059, 88.91460565759, -16.11778005828, 0, 0
-19.84336235886, 102.13062776052, -21.72224210040, -15.11252456369, 88.91331225537, -16.11831618751, 0, 0
-19.83965543880, 102.12952088918, -21.72274658288, -15.11792154789, 88.91201901846, -16.11885228974, 0, 0
-19.83594870303, 102.12841381279, -21.72325096303, -15.12331854319, 88.91072594686, -16.11938836500, 0, 0
-19.83224215158, 102.12730653137, -21.72375524083, -15.12871554957, 88.90943304056, -16.11992441335, 0, 0
-19.82853578446, 102.12619904493, -21.72425941629, -15.13411256703, 88.90814029955, -16.12046043483, 0, 0
-19.82482960169, 102.12509135348, -21.72476348940, -15.13950959555, 88.90684772381, -16.12099642949, 0, 0
-19.82112360329, 102.12398345703, -21.72526746014, -15.14490663515, 88.90555531334, -16.12153239737, 0, 0
-19.81741778927, 102.12287535559, -21.72577132853, -15.15030368579, 88.90426306812, -16.12206833853, 0, 0
-19.81371215967, 102.12176704917, -21.72627509454, -15.15570074749, 88.90297098815, -16.12260425300, 0, 0
-19.81000671449, 102.12065853780, -21.72677875818, -15.16109782023, 88.90167907341, -16.12314014083, 0, 0
-19.80630145375, 102.11954982147, -21.72728231944, -15.16649490401, 88.90038732390, -16.12367600207, 0, 0
-19.80259637748, 102.11844090019, -21.72778577832, -15.17189199881, 88.89909573959, -16.12421183677, 0, 0
-19.79889148569, 102.11733177400, -21.72828913480, -15.17728910464, 88.89780432048, -16.12474764497, 0, 0
-19.79518677839, 102.11622244288, -21.72879238888, -15.18268622148, 88.89651306657, -16.12528342672, 0, 0
-19.79148225561, 102.11511290686, -21.72929554056, -15.18808334932, 88.89522197783, -16.12581918206, 0, 0
-19.78777791737, 102.11400316594, -21.72979858984, -15.19348048817, 88.89393105426, -16.12635491105, 0, 0
-19.78407376368, 102.11289322015, -21.73030153670, -15.19887763801, 88.89264029584, -16.12689061372, 0, 0
-19.78036979457, 102.11178306948, -21.73080438114, -15.20427479883, 88.89134970257, -16.12742629013, 0, 0
-19.77666601005, 102.11067271395, -21.73130712316, -15.20967197064, 88.89005927444, -16.12796194031, 0, 0
-19.77296241013, 102.10956215358, -21.73180976274, -15.21506915341, 88.88876901142, -16.12849756433, 0, 0
-19.76925899485, 102.10845138838, -21.73231229989, -15.22046634715, 88.88747891352, -16.12903316221, 0, 0
-19.76555576420, 102.10734041835, -21.73281473460, -15.22586355185, 88.88618898073, -16.12956873401, 0, 0
-19.76185271823, 102.10622924351, -21.73331706686, -15.23126076750, 88.88489921302, -16.13010427978, 0, 0
-19.75814985693, 102.10511786387, -21.73381929667, -15.23665799409, 88.88360961039, -16.13063979956, 0, 0
-19.75444718034, 102.10400627944, -21.73432142402, -15.24205523162, 88.88232017283, -16.13117529340, 0, 0
-19.75074468847, 102.10289449023, -21.73482344890, -15.24745248008, 88.88103090033, -16.13171076134, 0, 0
-19.74704238134, 102.10178249627, -21.73532537132, -15.25284973946, 88.87974179287, -16.13224620343, 0, 0
-19.74334025896, 102.10067029755, -21.73582719126, -15.25824700975, 88.87845285045, -16.13278161972, 0, 0
-19.73963832135, 102.09955789409, -21.73632890872, -15.26364429096, 88.87716407305, -16.13331701025, 0, 0
-19.73593656854, 102.09844528590, -21.73683052369, -15.26904158306, 88.87587546066, -16.13385237506, 0, 0
-19.73223500054, 102.09733247299, -21.73733203618, -15.27443888606, 88.87458701328, -16.13438771421, 0, 0
-19.72853361737, 102.09621945538, -21.73783344616, -15.27983619995, 88.87329873089, -16.13492302775, 0, 0
-19.72483241905, 102.09510623307, -21.73833475365, -15.28523352472, 88.87201061348, -16.13545831571, 0, 0
-19.72113140559, 102.09399280609, -21.73883595862, -15.29063086036, 88.87072266103, -16.13599357814, 0, 0
-19.71743057702, 102.09287917443, -21.73933706108, -15.29602820686, 88.86943487355, -16.13652881509, 0, 0
-19.71372993335, 102.09176533812, -21.73983806102, -15.30142556423, 88.86814725101, -16.13706402661, 0, 0
-19.71002947460, 102.09065129716, -21.74033895844, -15.30682293245, 88.86685979340, -16.13759921274, 0, 0
-19.70632920079, 102.08953705156, -21.74083975332, -15.31222031151, 88.86557250073, -16.13813437352, 0, 0
-19.70262911193, 102.08842260134, -21.74134044567, -15.31761770141, 88.86428537296, -16.13866950902, 0, 0
-19.69892920806, 102.08730794651, -21.74184103548, -15.32301510214, 88.86299841009, -16.13920461926, 0, 0
-19.69522948917, 102.08619308709, -21.74234152274, -15.32841251369, 88.86171161212, -16.13973970429, 0, 0
-19.69152995530, 102.08507802307, -21.74284190745, -15.33380993606, 88.86042497903, -16.14027476417, 0, 0
-19.68783060646, 102.08396275448, -21.74334218960, -15.33920736924, 88.85913851080, -16.14080979894, 0, 0
-19.68413144267, 102.08284728133, -21.74384236919, -15.34460481323, 88.85785220744, -16.14134480864, 0, 0
-19.68043246394, 102.08173160362, -21.74434244620, -15.35000226801, 88.85656606891, -16.14187979333, 0, 0
-19.67673367030, 102.08061572137, -21.74484242064, -15.35539973357, 88.85528009523, -16.14241475304, 0, 0
-19.67303506176, 102.07949963460, -21.74534229250, -15.36079720992, 88.85399428637, -16.14294968782, 0, 0
-19.66933663835, 102.07838334331, -21.74584206178, -15.36619469705, 88.85270864232, -16.14348459772, 0, 0
-19.66563840007, 102.07726684752, -21.74634172846, -15.37159219494, 88.85142316307, -16.14401948279, 0, 0
-19.66194034695, 102.07615014723, -21.74684129254, -15.37698970359, 88.85013784861, -16.14455434306, 0, 0
-19.65824247901, 102.07503324246, -21.74734075403, -15.38238722299, 88.84885269893, -16.14508917860, 0, 0
-19.65454479626, 102.07391613322, -21.74784011290, -15.38778475315, 88.84756771402, -16.14562398944, 0, 0
-19.65084729873, 102.07279881953, -21.74833936916, -15.39318229404, 88.84628289387, -16.14615877562, 0, 0
-19.64714998642, 102.07168130139, -21.74883852280, -15.39857984566, 88.84499823846, -16.14669353720, 0, 0
-19.64345285937, 102.07056357882, -21.74933757381, -15.40397740801, 88.84371374778, -16.14722827423, 0, 0
-19.63975591758, 102.06944565182, -21.74983652220, -15.40937498107, 88.84242942183, -16.14776298674, 0, 0
-19.63605916107, 102.06832752042, -21.75033536795, -15.41477256485, 88.84114526059, -16.14829767478, 0, 0
-19.63236258987, 102.06720918461, -21.75083411105, -15.42017015933, 88.83986126405, -16.14883233840, 0, 0
-19.62866620399, 102.06609064443, -21.75133275151, -15.42556776451, 88.83857743221, -16.14936697765, 0, 0
-19.62497000345, 102.06497189986, -21.75183128932, -15.43096538038, 88.83729376503, -16.14990159257, 0, 0
-19.62127398826, 102.06385295094, -21.75232972447, -15.43636300694, 88.83601026253, -16.15043618321, 0, 0
-19.61757815846, 102.06273379767, -21.75282805695, -15.44176064417, 88.83472692468, -16.15097074961, 0, 0
-19.61388251404, 102.06161444005, -21.75332628676, -15.44715829206, 88.83344375147, -16.15150529182, 0, 0
-19.61018705504, 102.06049487811, -21.75382441390, -15.45255595062, 88.83216074290, -16.15203980988, 0, 0
-19.60649178147, 102.05937511186, -21.75432243836, -15.45795361984, 88.83087789895, -16.15257430385, 0, 0
-19.60279669334, 102.05825514130, -21.75482036013, -15.46335129970, 88.82959521961, -16.15310877376, 0, 0
-19.59910179068, 102.05713496645, -21.75531817921, -15.46874899021, 88.82831270486, -16.15364321966, 0, 0
-19.59540707351, 102.05601458732, -21.75581589560, -15.47414669134, 88.82703035471, -16.15417764161, 0, 0
-19.59171254184, 102.05489400393, -21.75631350928, -15.47954440311, 88.82574816913, -16.15471203964, 0, 0
-19.58801819568, 102.05377321628, -21.75681102025, -15.48494212549, 88.82446614811, -16.15524641380, 0, 0
-19.58432403507, 102.05265222438, -21.75730842851, -15.49033985849, 88.82318429165, -16.15578076414, 0, 0
-19.58063006001, 102.05153102826, -21.75780573405, -15.49573760210, 88.82190259973, -16.15631509070, 0, 0
-19.57693627053, 102.05040962791, -21.75830293686, -15.50113535630, 88.82062107235, -16.15684939352, 0, 0
-19.57324266664, 102.04928802336, -21.75880003694, -15.50653312110, 88.81933970948, -16.15738367267, 0, 0
-19.56954924836, 102.04816621461, -21.75929703429, -15.51193089648, 88.81805851112, -16.15791792817, 0, 0
-19.56585601571, 102.04704420168, -21.75979392889, -15.51732868243, 88.81677747725, -16.15845216008, 0, 0
-19.56216296870, 102.04592198457, -21.76029072075, -15.52272647896, 88.81549660787, -16.15898636844, 0, 0
-19.55847010736, 102.04479956330, -21.76078740985, -15.52812428606, 88.81421590297, -16.15952055330, 0, 0
-19.55477743171, 102.04367693789, -21.76128399620, -15.53352210371, 88.81293536253, -16.16005471470, 0, 0
-19.55108494175, 102.04255410834, -21.76178047978, -15.53891993190, 88.81165498653, -16.16058885270, 0, 0
-19.54739263751, 102.04143107467, -21.76227686059, -15.54431777065, 88.81037477498, -16.16112296733, 0, 0
-19.54370051901, 102.04030783688, -21.76277313863, -15.54971561993, 88.80909472786, -16.16165705864, 0, 0
-19.54000858626, 102.03918439499, -21.76326931388, -15.55511347973, 88.80781484515, -16.16219112667, 0, 0
-19.53631683929, 102.03806074902, -21.76376538635, -15.56051135006, 88.80653512685, -16.16272517148, 0, 0
-19.53262527810, 102.03693689896, -21.76426135603, -15.56590923091, 88.80525557294, -16.16325919311, 0, 0
-19.52893390273, 102.03581284485, -21.76475722291, -15.57130712226, 88.80397618342, -16.16379319161, 0, 0
-19.52524271318, 102.03468858668, -21.76525298699, -15.57670502411, 88.80269695826, -16.16432716701, 0, 0
-19.52155170947, 102.03356412446, -21.76574864826, -15.58210293646, 88.80141789746, -16.16486111937, 0, 0
-19.51786089163, 102.03243945822, -21.76624420672, -15.58750085929, 88.80013900102, -16.16539504874, 0, 0
-19.51417025966, 102.03131458797, -21.76673966235, -15.59289879261, 88.79886026891, -16.16592895515, 0, 0
-19.51047981360, 102.03018951370, -21.76723501516, -15.59829673639, 88.79758170112, -16.16646283866, 0, 0
-19.50678955345, 102.02906423545, -21.76773026514, -15.60369469064, 88.79630329765, -16.16699669930, 0, 0
-19.50309947923, 102.02793875321, -21.76822541229, -15.60909265536, 88.79502505848, -16.16753053713, 0, 0
-19.49940959097, 102.02681306701, -21.76872045659, -15.61449063052, 88.79374698360, -16.16806435219, 0, 0
-19.49571988868, 102.02568717684, -21.76921539804, -15.61988861613, 88.79246907299, -16.16859814453, 0, 0
-19.49203037237, 102.02456108273, -21.76971023665, -15.62528661217, 88.79119132666, -16.16913191419, 0, 0
-19.48834104207, 102.02343478469, -21.77020497239, -15.63068461865, 88.78991374458, -16.16966566122, 0, 0
-19.48465189779, 102.02230828273, -21.77069960527, -15.63608263555, 88.78863632675, -16.17019938566, 0, 0
-19.48096293956, 102.02118157686, -21.77119413528, -15.64148066287, 88.78735907315, -16.17073308757, 0, 0
-19.47727416738, 102.02005466709, -21.77168856241, -15.64687870060, 88.78608198377, -16.17126676698, 0, 0
-19.47358558128, 102.01892755343, -21.77218288667, -15.65227674873, 88.78480505860, -16.17180042393, 0, 0
-19.46989718128, 102.01780023590, -21.77267710804, -15.65767480725, 88.78352829762, -16.17233405849, 0, 0
-19.46620896739, 102.01667271451, -21.77317122651, -15.66307287617, 88.78225170084, -16.17286767069, 0, 0
-19.46252093962, 102.01554498927, -21.77366524209, -15.66847095547, 88.78097526823, -16.17340126058, 0, 0
-19.45883309801, 102.01441706019, -21.77415915477, -15.67386904514, 88.77969899978, -16.17393482820, 0, 0
-19.45514544256, 102.01328892729, -21.77465296454, -15.67926714518, 88.77842289549, -16.17446837360, 0, 0
-19.45145797330, 102.01216059057, -21.77514667139, -15.68466525558, 88.77714695533, -16.17500189683, 0, 0
-19.44777069024, 102.01103205005, -21.77564027533, -15.69006337634, 88.77587117930, -16.17553539793, 0, 0
-19.44408359340, 102.00990330575, -21.77613377634, -15.69546150744, 88.77459556739, -16.17606887694, 0, 0
-19.44039668280, 102.00877435766, -21.77662717441, -15.70085964889, 88.77332011959, -16.17660233392, 0, 0
-19.43670995845, 102.00764520581, -21.77712046956, -15.70625780066, 88.77204483588, -16.17713576891, 0, 0
-19.43302342037, 102.00651585021, -21.77761366176, -15.71165596277, 88.77076971625, -16.17766918195, 0, 0
-19.42933706859, 102.00538629086, -21.77810675101, -15.71705413519, 88.76949476069, -16.17820257308, 0, 0
-19.42565090311, 102.00425652778, -21.77859973731, -15.72245231792, 88.76821996919, -16.17873594237, 0, 0
-19.42196492396, 102.00312656099, -21.77909262066, -15.72785051096, 88.76694534174, -16.17926928984, 0, 0
-19.41827913116, 102.00199639049, -21.77958540103, -15.73324871430, 88.76567087832, -16.17980261555, 0, 0
-19.41459352472, 102.00086601630, -21.78007807844, -15.73864692793, 88.76439657893, -16.18033591954, 0, 0
-19.41090810465, 101.99973543842, -21.78057065288, -15.74404515184, 88.76312244355, -16.18086920186, 0, 0
-19.40722287099, 101.99860465688, -21.78106312433, -15.74944338603, 88.76184847217, -16.18140246256, 0, 0
-19.40353782374, 101.99747367168, -21.78155549280, -15.75484163050, 88.76057466477, -16.18193570167, 0, 0
-19.39985296292, 101.99634248283, -21.78204775828, -15.76023988522, 88.75930102136, -16.18246891924, 0, 0
-19.39616828855, 101.99521109035, -21.78253992075, -15.76563815020, 88.75802754191, -16.18300211533, 0, 0
-19.39248380065, 101.99407949425, -21.78303198023, -15.77103642543, 88.75675422641, -16.18353528997, 0, 0
-19.38879949924, 101.99294769454, -21.78352393670, -15.77643471091, 88.75548107486, -16.18406844321, 0, 0
-19.38511538433, 101.99181569123, -21.78401579015, -15.78183300661, 88.75420808723, -16.18460157510, 0, 0
-19.38143145595, 101.99068348434, -21.78450754059, -15.78723131255, 88.75293526353, -16.18513468568, 0, 0
-19.37774771410, 101.98955107387, -21.78499918800, -15.79262962871, 88.75166260373, -16.18566777500, 0, 0
-19.37406415881, 101.98841845984, -21.78549073238, -15.79802795509, 88.75039010782, -16.18620084310, 0, 0
-19.37038079009, 101.98728564227, -21.78598217372, -15.80342629167, 88.74911777580, -16.18673389003, 0, 0
-19.36669760797, 101.98615262115, -21.78647351202, -15.80882463845, 88.74784560765, -16.18726691583, 0, 0
-19.36301461245, 101.98501939651, -21.78696474728, -15.81422299543, 88.74657360336, -16.18779992055, 0, 0
-19.35933180357, 101.98388596836, -21.78745587948, -15.81962136259, 88.74530176292, -16.18833290424, 0, 0
-19.35564918132, 101.98275233671, -21.78794690862, -15.82501973993, 88.74403008631, -16.18886586694, 0, 0
-19.35196674575, 101.98161850157, -21.78843783470, -15.83041812745, 88.74275857353, -16.18939880870, 0, 0
-19.34828449685, 101.98048446295, -21.78892865771, -15.83581652513, 88.74148722456, -16.18993172955, 0, 0
-19.34460243465, 101.97935022087, -21.78941937765, -15.84121493297, 88.74021603939, -16.19046462956, 0, 0
-19.34092055917, 101.97821577533, -21.78990999450, -15.84661335096, 88.73894501801, -16.19099750875, 0, 0
-19.33723887042, 101.97708112635, -21.79040050827, -15.85201177910, 88.73767416041, -16.19153036719, 0, 0
-19.33355736842, 101.97594627395, -21.79089091895, -15.85741021738, 88.73640346657, -16.19206320491, 0, 0
-19.32987605319, 101.97481121813, -21.79138122653, -15.86280866579, 88.73513293648, -16.19259602196, 0, 0
-19.32619492474, 101.97367595890, -21.79187143101, -15.86820712432, 88.73386257014, -16.19312881838, 0, 0
-19.32251398310, 101.97254049628, -21.79236153238, -15.87360559297, 88.73259236753, -16.19366159422, 0, 0
-19.31883322828, 101.97140483029, -21.79285153064, -15.87900407173, 88.73132232863, -16.19419434953, 0, 0
-19.31515266030, 101.97026896092, -21.79334142577, -15.88440256059, 88.73005245344, -16.19472708434, 0, 0
-19.31147227918, 101.96913288820, -21.79383121779, -15.88980105955, 88.72878274195, -16.19525979872, 0, 0
-19.30779208493, 101.96799661213, -21.79432090667, -15.89519956860, 88.72751319413, -16.19579249269, 0, 0
-19.30411207758, 101.96686013273, -21.79481049241, -15.90059808773, 88.72624380999, -16.19632516632, 0, 0
-19.30043225713, 101.96572345002, -21.79529997502, -15.90599661694, 88.72497458951, -16.19685781963, 0, 0
-19.29675262361, 101.96458656399, -21.79578935448, -15.91139515621, 88.72370553267, -16.19739045268, 0, 0
-19.29307317703, 101.96344947467, -21.79627863078, -15.91679370555, 88.72243663947, -16.19792306552, 0, 0
-19.28939391742, 101.96231218207, -21.79676780393, -15.92219226494, 88.72116790989, -16.19845565818, 0, 0
-19.28571484478, 101.96117468619, -21.79725687391, -15.92759083438, 88.71989934392, -16.19898823072, 0, 0
-19.28203595915, 101.96003698706, -21.79774584073, -15.93298941387, 88.71863094155, -16.19952078318, 0, 0
-19.27835726053, 101.95889908467, -21.79823470437, -15.93838800338, 88.71736270276, -16.20005331560, 0, 0
-19.27467874894, 101.95776097906, -21.79872346483, -15.94378660292, 88.71609462755, -16.20058582803, 0, 0
-19.27100042439, 101.95662267022, -21.79921212210, -15.94918521249, 88.71482671591, -16.20111832052, 0, 0
-19.26732228692, 101.95548415817, -21.79970067618, -15.95458383206, 88.71355896782, -16.20165079311, 0, 0
-19.26364433653, 101.95434544292, -21.80018912707, -15.95998246164, 88.71229138326, -16.20218324584, 0, 0
-19.25996657325, 101.95320652449, -21.80067747475, -15.96538110123, 88.71102396223, -16.20271567877, 0, 0
-19.25628899708, 101.95206740288, -21.80116571923, -15.97077975080, 88.70975670472, -16.20324809193, 0, 0
-19.25261160805, 101.95092807810, -21.80165386049, -15.97617841036, 88.70848961071, -16.20378048538, 0, 0
-19.24893440617, 101.94978855018, -21.80214189853, -15.98157707990, 88.70722268020, -16.20431285915, 0, 0
-19.24525739147, 101.94864881912, -21.80262983335, -15.98697575941, 88.70595591316, -16.20484521329, 0, 0
-19.24158056396, 101.94750888494, -21.80311766494, -15.99237444888, 88.70468930959, -16.20537754785, 0, 0
-19.23790392365, 101.94636874764, -21.80360539329, -15.99777314831, 88.70342286947, -16.20590986288, 0, 0
-19.23422747057, 101.94522840724, -21.80409301841, -16.00317185770, 88.70215659280, -16.20644215841, 0, 0
-19.23055120473, 101.94408786375, -21.80458054027, -16.00857057702, 88.70089047956, -16.20697443450, 0, 0
-19.22687512615, 101.94294711718, -21.80506795888, -16.01396930629, 88.69962452974, -16.20750669118, 0, 0
-19.22319923484, 101.94180616755, -21.80555527424, -16.01936804548, 88.69835874332, -16.20803892851, 0, 0
-19.21952353083, 101.94066501487, -21.80604248633, -16.02476679460, 88.69709312031, -16.20857114653, 0, 0
-19.21584801414, 101.93952365914, -21.80652959515, -16.03016555363, 88.69582766067, -16.20910334529, 0, 0
-19.21217268477, 101.93838210039, -21.80701660070, -16.03556432258, 88.69456236441, -16.20963552482, 0, 0
-19.20849754274, 101.93724033862, -21.80750350297, -16.04096310142, 88.69329723150, -16.21016768518, 0, 0
-19.20482258808, 101.93609837384, -21.80799030195, -16.04636189016, 88.69203226194, -16.21069982641, 0, 0
-19.20114782081, 101.93495620608, -21.80847699764, -16.05176068879, 88.69076745572, -16.21123194856, 0, 0
-19.19747324093, 101.93381383533, -21.80896359004, -16.05715949730, 88.68950281282, -16.21176405167, 0, 0
-19.19379884846, 101.93267126162, -21.80945007913, -16.06255831569, 88.68823833323, -16.21229613578, 0, 0
-19.19012464343, 101.93152848495, -21.80993646492, -16.06795714394, 88.68697401694, -16.21282820094, 0, 0
-19.18645062585, 101.93038550534, -21.81042274739, -16.07335598205, 88.68570986393, -16.21336024720, 0, 0
-19.18277679574, 101.92924232279, -21.81090892654, -16.07875483002, 88.68444587420, -16.21389227460, 0, 0
-19.17910315312, 101.92809893733, -21.81139500237, -16.08415368784, 88.68318204774, -16.21442428319, 0, 0
-19.17542969799, 101.92695534896, -21.81188097487, -16.08955255549, 88.68191838452, -16.21495627301, 0, 0
-19.17175643039, 101.92581155770, -21.81236684403, -16.09495143298, 88.68065488454, -16.21548824411, 0, 0
-19.16808335033, 101.92466756355, -21.81285260985, -16.10035032030, 88.67939154779, -16.21602019653, 0, 0
-19.16441045782, 101.92352336653, -21.81333827233, -16.10574921743, 88.67812837425, -16.21655213032, 0, 0
-19.16073775288, 101.92237896666, -21.81382383145, -16.11114812438, 88.67686536391, -16.21708404552, 0, 0
-19.15706523553, 101.92123436394, -21.81430928722, -16.11654704113, 88.67560251677, -16.21761594217, 0, 0
-19.15339290579, 101.92008955839, -21.81479463963, -16.12194596768, 88.67433983280, -16.21814782033, 0, 0
-19.14972076367, 101.91894455001, -21.81527988866, -16.12734490403, 88.67307731199, -16.21867968004, 0, 0
-19.14604880919, 101.91779933883, -21.81576503432, -16.13274385016, 88.67181495434, -16.21921152134, 0, 0
-19.14237704237, 101.91665392485, -21.81625007660, -16.13814280606, 88.67055275983, -16.21974334428, 0, 0
-19.13870546323, 101.91550830808, -21.81673501550, -16.14354177174, 88.66929072845, -16.22027514891, 0, 0
-19.13503407178, 101.91436248854, -21.81721985100, -16.14894074718, 88.66802886018, -16.22080693526, 0, 0
-19.13136286804, 101.91321646624, -21.81770458311, -16.15433973238, 88.66676715502, -16.22133870338, 0, 0
-19.12769185203, 101.91207024120, -21.81818921182, -16.15973872733, 88.66550561295, -16.22187045332, 0, 0
-19.12402102376, 101.91092381341, -21.81867373712, -16.16513773202, 88.66424423396, -16.22240218513, 0, 0
-19.12035038326, 101.90977718291, -21.81915815901, -16.17053674645, 88.66298301804, -16.22293389885, 0, 0
-19.11667993053, 101.90863034969, -21.81964247747, -16.17593577061, 88.66172196517, -16.22346559452, 0, 0
-19.11300966560, 101.90748331378, -21.82012669252, -16.18133480450, 88.66046107535, -16.22399727218, 0, 0
-19.10933958849, 101.90633607517, -21.82061080413, -16.18673384809, 88.65920034856, -16.22452893189, 0, 0
-19.10566969921, 101.90518863389, -21.82109481231, -16.19213290140, 88.65793978479, -16.22506057370, 0, 0
-19.10199999777, 101.90404098995, -21.82157871705, -16.19753196441, 88.65667938402, -16.22559219763, 0, 0
-19.09833048420, 101.90289314336, -21.82206251835, -16.20293103712, 88.65541914625, -16.22612380374, 0, 0
-19.09466115852, 101.90174509414, -21.82254621619, -16.20833011951, 88.65415907146, -16.22665539208, 0, 0
-19.09099202073, 101.90059684228, -21.82302981057, -16.21372921158, 88.65289915964, -16.22718696269, 0, 0
-19.08732307086, 101.89944838782, -21.82351330149, -16.21912831333, 88.65163941077, -16.22771851561, 0, 0
-19.08365430892, 101.89829973075, -21.82399668895, -16.22452742475, 88.65037982485, -16.22825005088, 0, 0
-19.07998573494, 101.89715087109, -21.82447997293, -16.22992654583, 88.64912040187, -16.22878156857, 0, 0
-19.07631734893, 101.89600180886, -21.82496315343, -16.23532567656, 88.64786114180, -16.22931306870, 0, 0
-19.07264915090, 101.89485254406, -21.82544623044, -16.24072481694, 88.64660204465, -16.22984455133, 0, 0
-19.06898114087, 101.89370307671, -21.82592920397, -16.24612396696, 88.64534311039, -16.23037601649, 0, 0
-19.06531331887, 101.89255340682, -21.82641207399, -16.25152312661, 88.64408433901, -16.23090746424, 0, 0
-19.06164568490, 101.89140353440, -21.82689484052, -16.25692229589, 88.64282573050, -16.23143889462, 0, 0
-19.05797823898, 101.89025345947, -21.82737750354, -16.26232147479, 88.64156728486, -16.23197030767, 0, 0
-19.05431098114, 101.88910318203, -21.82786006305, -16.26772066330, 88.64030900206, -16.23250170344, 0, 0
-19.05064391139, 101.88795270211, -21.82834251904, -16.27311986142, 88.63905088209, -16.23303308197, 0, 0
-19.04697702974, 101.88680201970, -21.82882487151, -16.27851906914, 88.63779292495, -16.23356444331, 0, 0
-19.04331033622, 101.88565113483, -21.82930712044, -16.28391828645, 88.63653513061, -16.23409578751, 0, 0
-19.03964383083, 101.88450004751, -21.82978926584, -16.28931751334, 88.63527749907, -16.23462711460, 0, 0
-19.03597751361, 101.88334875774, -21.83027130771, -16.29471674981, 88.63402003032, -16.23515842464, 0, 0
-19.03231138455, 101.88219726554, -21.83075324602, -16.30011599586, 88.63276272434, -16.23568971766, 0, 0
-19.02864544369, 101.88104557093, -21.83123508079, -16.30551525146, 88.63150558112, -16.23622099372, 0, 0
-19.02497969104, 101.87989367391, -21.83171681200, -16.31091451663, 88.63024860065, -16.23675225286, 0, 0
-19.02131412661, 101.87874157450, -21.83219843964, -16.31631379135, 88.62899178291, -16.23728349512, 0, 0
-19.01764875043, 101.87758927271, -21.83267996372, -16.32171307561, 88.62773512789, -16.23781472054, 0, 0
-19.01398356250, 101.87643676856, -21.83316138423, -16.32711236941, 88.62647863559, -16.23834592918, 0, 0
-19.01031856285, 101.87528406204, -21.83364270115, -16.33251167274, 88.62522230598, -16.23887712108, 0, 0
-19.00665375150, 101.87413115319, -21.83412391449, -16.33791098559, 88.62396613906, -16.23940829628, 0, 0
-19.00298912846, 101.87297804200, -21.83460502424, -16.34331030796, 88.62271013481, -16.23993945483, 0, 0
-18.99932469374, 101.87182472850, -21.83508603040, -16.34870963983, 88.62145429323, -16.24047059677, 0, 0
-18.99566044737, 101.87067121268, -21.83556693295, -16.35410898121, 88.62019861429, -16.24100172214, 0, 0
-18.99199638936, 101.86951749458, -21.83604773190, -16.35950833209, 88.61894309798, -16.24153283100, 0, 0
-18.98833251973, 101.86836357419, -21.83652842724, -16.36490769246, 88.61768774430, -16.24206392338, 0, 0
-18.98466883850, 101.86720945154, -21.83700901896, -16.37030706231, 88.61643255323, -16.24259499934, 0, 0
-18.98100534568, 101.86605512662, -21.83748950705, -16.37570644163, 88.61517752476, -16.24312605891, 0, 0
-18.97734204129, 101.86490059947, -21.83796989152, -16.38110583042, 88.61392265888, -16.24365710214, 0, 0
-18.97367892535, 101.86374587008, -21.83845017235, -16.38650522868, 88.61266795556, -16.24418812908, 0, 0
-18.97001599787, 101.86259093847, -21.83893034954, -16.39190463638, 88.61141341481, -16.24471913977, 0, 0
-18.96635325887, 101.86143580465, -21.83941042309, -16.39730405354, 88.61015903661, -16.24525013425, 0, 0
-18.96269070837, 101.86028046864, -21.83989039298, -16.40270348014, 88.60890482094, -16.24578111258, 0, 0
-18.95902834638, 101.85912493044, -21.84037025922, -16.40810291617, 88.60765076780, -16.24631207479, 0, 0
-18.95536617293, 101.85796919008, -21.84085002180, -16.41350236163, 88.60639687717, -16.24684302092, 0, 0
-18.95170418803, 101.85681324755, -21.84132968071, -16.41890181651, 88.60514314903, -16.24737395104, 0, 0
-18.94804239169, 101.85565710288, -21.84180923595, -16.42430128080, 88.60388958338, -16.24790486517, 0, 0
-18.94438078393, 101.85450075608, -21.84228868751, -16.42970075451, 88.60263618021, -16.24843576336, 0, 0
-18.94071936478, 101.85334420715, -21.84276803538, -16.43510023761, 88.60138293949, -16.24896664567, 0, 0
-18.93705813424, 101.85218745612, -21.84324727957, -16.44049973010, 88.60012986123, -16.24949751213, 0, 0
-18.93339709233, 101.85103050299, -21.84372642006, -16.44589923198, 88.59887694539, -16.25002836278, 0, 0
-18.92973623907, 101.84987334778, -21.84420545685, -16.45129874324, 88.59762419199, -16.25055919768, 0, 0
-18.92607557449, 101.84871599049, -21.84468438993, -16.45669826387, 88.59637160099, -16.25109001687, 0, 0
-18.92241509858, 101.84755843115, -21.84516321930, -16.46209779387, 88.59511917239, -16.25162082038, 0, 0
-18.91875481138, 101.84640066976, -21.84564194496, -16.46749733323, 88.59386690617, -16.25215160828, 0, 0
-18.91509471290, 101.84524270633, -21.84612056689, -16.47289688194, 88.59261480233, -16.25268238060, 0, 0
-18.91143480315, 101.84408454089, -21.84659908509, -16.47829644000, 88.59136286085, -16.25321313738, 0, 0
-18.90777508215, 101.84292617343, -21.84707749956, -16.48369600739, 88.59011108171, -16.25374387867, 0, 0
-18.90411554992, 101.84176760397, -21.84755581029, -16.48909558412, 88.58885946491, -16.25427460452, 0, 0
-18.90045620648, 101.84060883253, -21.84803401728, -16.49449517017, 88.58760801044, -16.25480531497, 0, 0
-18.89679705184, 101.83944985912, -21.84851212052, -16.49989476553, 88.58635671827, -16.25533601006, 0, 0
-18.89313808602, 101.83829068375, -21.84899012000, -16.50529437021, 88.58510558839, -16.25586668985, 0, 0
-18.88947930903, 101.83713130643, -21.84946801571, -16.51069398420, 88.58385462081, -16.25639735437, 0, 0
-18.88582072090, 101.83597172717, -21.84994580766, -16.51609360748, 88.58260381549, -16.25692800366, 0, 0
-18.88216232164, 101.83481194600, -21.85042349584, -16.52149324005, 88.58135317243, -16.25745863778, 0, 0
-18.87850411127, 101.83365196291, -21.85090108024, -16.52689288191, 88.58010269162, -16.25798925677, 0, 0
-18.87484608979, 101.83249177792, -21.85137856086, -16.53229253304, 88.57885237305, -16.25851986067, 0, 0
-18.87118825724, 101.83133139105, -21.85185593769, -16.53769219344, 88.57760221669, -16.25905044953, 0, 0
-18.86753061363, 101.83017080230, -21.85233321072, -16.54309186311, 88.57635222254, -16.25958102339, 0, 0
-18.86387315897, 101.82901001169, -21.85281037996, -16.54849154203, 88.57510239059, -16.26011158229, 0, 0
-18.86021589328, 101.82784901924, -21.85328744539, -16.55389123020, 88.57385272082, -16.26064212629, 0, 0
-18.85655881658, 101.82668782494, -21.85376440700, -16.55929092762, 88.57260321322, -16.26117265542, 0, 0
-18.85290192888, 101.82552642883, -21.85424126480, -16.56469063427, 88.57135386778, -16.26170316973, 0, 0
-18.84924523021, 101.82436483090, -21.85471801878, -16.57009035015, 88.57010468448, -16.26223366927, 0, 0
-18.84558872057, 101.82320303118, -21.85519466893, -16.57549007526, 88.56885566332, -16.26276415408, 0, 0
-18.84193239999, 101.82204102966, -21.85567121525, -16.58088980958, 88.56760680427, -16.26329462420, 0, 0
-18.83827626848, 101.82087882638, -21.85614765773, -16.58628955311, 88.56635810733, -16.26382507967, 0, 0
-18.83462032605, 101.81971642133, -21.85662399636, -16.59168930584, 88.56510957249, -16.26435552056, 0, 0
-18.83096457273, 101.81855381453, -21.85710023115, -16.59708906776, 88.56386119972, -16.26488594688, 0, 0
-18.82730900854, 101.81739100600, -21.85757636208, -16.60248883888, 88.56261298903, -16.26541635871, 0, 0
-18.82365363348, 101.81622799574, -21.85805238914, -16.60788861917, 88.56136494039, -16.26594675606, 0, 0
-18.81999844758, 101.81506478377, -21.85852831235, -16.61328840864, 88.56011705379, -16.26647713900, 0, 0
-18.81634345085, 101.81390137010, -21.85900413168, -16.61868820728, 88.55886932922, -16.26700750756, 0, 0
-18.81268864330, 101.81273775475, -21.85947984713, -16.62408801508, 88.55762176667, -16.26753786180, 0, 0
-18.80903402497, 101.81157393772, -21.85995545870, -16.62948783203, 88.55637436613, -16.26806820174, 0, 0
-18.80537959585, 101.81040991903, -21.86043096638, -16.63488765813, 88.55512712757, -16.26859852745, 0, 0
-18.80172535598, 101.80924569868, -21.86090637017, -16.64028749338, 88.55388005100, -16.26912883896, 0, 0
-18.79807130535, 101.80808127671, -21.86138167005, -16.64568733775, 88.55263313639, -16.26965913632, 0, 0
-18.79441744401, 101.80691665310, -21.86185686604, -16.65108719126, 88.55138638373, -16.27018941957, 0, 0
-18.79076377195, 101.80575182789, -21.86233195811, -16.65648705388, 88.55013979301, -16.27071968875, 0, 0
-18.78711028919, 101.80458680107, -21.86280694627, -16.66188692562, 88.54889336423, -16.27124994392, 0, 0
-18.78345699576, 101.80342157267, -21.86328183050, -16.66728680646, 88.54764709735, -16.27178018512, 0, 0
-18.77980389167, 101.80225614269, -21.86375661081, -16.67268669641, 88.54640099238, -16.27231041238, 0, 0
-18.77615097693, 101.80109051115, -21.86423128718, -16.67808659544, 88.54515504930, -16.27284062576, 0, 0
-18.77249825156, 101.79992467806, -21.86470585962, -16.68348650357, 88.54390926809, -16.27337082530, 0, 0
-18.76884571559, 101.79875864344, -21.86518032811, -16.68888642077, 88.54266364875, -16.27390101104, 0, 0
-18.76519336902, 101.79759240729, -21.86565469266, -16.69428634705, 88.54141819126, -16.27443118302, 0, 0
-18.76154121187, 101.79642596962, -21.86612895325, -16.69968628239, 88.54017289560, -16.27496134130, 0, 0
-18.75788924416, 101.79525933046, -21.86660310988, -16.70508622679, 88.53892776177, -16.27549148592, 0, 0
-18.75423746590, 101.79409248981, -21.86707716254, -16.71048618024, 88.53768278975, -16.27602161692, 0, 0
-18.75058587712, 101.79292544768, -21.86755111123, -16.71588614274, 88.53643797953, -16.27655173434, 0, 0
-18.74693447782, 101.79175820410, -21.86802495595, -16.72128611428, 88.53519333110, -16.27708183823, 0, 0
-18.74328326803, 101.79059075906, -21.86849869668, -16.72668609485, 88.53394884444, -16.27761192864, 0, 0
-18.73963224777, 101.78942311258, -21.86897233342, -16.73208608445, 88.53270451954, -16.27814200560, 0, 0
-18.73598141704, 101.78825526468, -21.86944586618, -16.73748608306, 88.53146035638, -16.27867206917, 0, 0
-18.73233077586, 101.78708721537, -21.86991929493, -16.74288609069, 88.53021635497, -16.27920211939, 0, 0
-18.72868032426, 101.78591896466, -21.87039261968, -16.74828610732, 88.52897251527, -16.27973215629, 0, 0
-18.72503006224, 101.78475051256, -21.87086584042, -16.75368613294, 88.52772883728, -16.28026217993, 0, 0
-18.72137998983, 101.78358185909, -21.87133895714, -16.75908616756, 88.52648532099, -16.28079219036, 0, 0
-18.71773010704, 101.78241300425, -21.87181196984, -16.76448621117, 88.52524196638, -16.28132218760, 0, 0
-18.71408041389, 101.78124394807, -21.87228487852, -16.76988626375, 88.52399877344, -16.28185217172, 0, 0
-18.71043091039, 101.78007469054, -21.87275768316, -16.77528632531, 88.52275574215, -16.28238214274, 0, 0
-18.70678159656, 101.77890523169, -21.87323038377, -16.78068639582, 88.52151287251, -16.28291210073, 0, 0
-18.70313247242, 101.77773557153, -21.87370298033, -16.78608647530, 88.52027016450, -16.28344204572, 0, 0
-18.69948353799, 101.77656571007, -21.87417547285, -16.79148656372, 88.51902761811, -16.28397197775, 0, 0
-18.69583479327, 101.77539564733, -21.87464786131, -16.79688666109, 88.51778523332, -16.28450189687, 0, 0
-18.69218623829, 101.77422538331, -21.87512014571, -16.80228676740, 88.51654301012, -16.28503180313, 0, 0
-18.68853787307, 101.77305491802, -21.87559232605, -16.80768688264, 88.51530094851, -16.28556169656, 0, 0
-18.68488969761, 101.77188425149, -21.87606440231, -16.81308700680, 88.51405904846, -16.28609157722, 0, 0
-18.68124171194, 101.77071338372, -21.87653637450, -16.81848713988, 88.51281730996, -16.28662144515, 0, 0
-18.67759391608, 101.76954231473, -21.87700824261, -16.82388728187, 88.51157573300, -16.28715130038, 0, 0
-18.67394631003, 101.76837104452, -21.87748000663, -16.82928743276, 88.51033431757, -16.28768114298, 0, 0
-18.67029889382, 101.76719957311, -21.87795166656, -16.83468759255, 88.50909306365, -16.28821097297, 0, 0
-18.66665166746, 101.76602790052, -21.87842322239, -16.84008776122, 88.50785197123, -16.28874079041, 0, 0
-18.66300463097, 101.76485602675, -21.87889467412, -16.84548793878, 88.50661104030, -16.28927059533, 0, 0
-18.65935778436, 101.76368395183, -21.87936602173, -16.85088812522, 88.50537027084, -16.28980038779, 0, 0
-18.65571112766, 101.76251167575, -21.87983726524, -16.85628832053, 88.50412966285, -16.29033016782, 0, 0
-18.65206466087, 101.76133919853, -21.88030840462, -16.86168852470, 88.50288921630, -16.29085993548, 0, 0
-18.64841838402, 101.76016652020, -21.88077943987, -16.86708873772, 88.50164893119, -16.29138969080, 0, 0
-18.64477229712, 101.75899364075, -21.88125037100, -16.87248895960, 88.50040880750, -16.29191943383, 0, 0
-18.64112640019, 101.75782056020, -21.88172119799, -16.87788919031, 88.49916884522, -16.29244916461, 0, 0
-18.63748069324, 101.75664727857, -21.88219192084, -16.88328942987, 88.49792904434, -16.29297888319, 0, 0
-18.63383517629, 101.75547379586, -21.88266253953, -16.88868967825, 88.49668940483, -16.29350858961, 0, 0
-18.63018984935, 101.75430011209, -21.88313305408, -16.89408993545, 88.49544992670, -16.29403828392, 0, 0
-18.62654471245, 101.75312622727, -21.88360346447, -16.89949020147, 88.49421060993, -16.29456796615, 0, 0
-18.62289976560, 101.75195214142, -21.88407377069, -16.90489047630, 88.49297145450, -16.29509763637, 0, 0
-18.61925500882, 101.75077785454, -21.88454397274, -16.91029075993, 88.49173246040, -16.29562729460, 0, 0
-18.61561044211, 101.74960336665, -21.88501407062, -16.91569105236, 88.49049362761, -16.29615694089, 0, 0
-18.61196606551, 101.74842867777, -21.88548406432, -16.92109135357, 88.48925495613, -16.29668657529, 0, 0
-18.60832187902, 101.74725378790, -21.88595395383, -16.92649166357, 88.48801644594, -16.29721619784, 0, 0
-18.60467788266, 101.74607869705, -21.88642373914, -16.93189198234, 88.48677809703, -16.29774580858, 0, 0
-18.60103407645, 101.74490340525, -21.88689342026, -16.93729230988, 88.48553990939, -16.29827540757, 0, 0
-18.59739046040, 101.74372791250, -21.88736299718, -16.94269264618, 88.48430188299, -16.29880499483, 0, 0
-18.59374703454, 101.74255221881, -21.88783246989, -16.94809299123, 88.48306401784, -16.29933457043, 0, 0
-18.59010379887, 101.74137632420, -21.88830183839, -16.95349334504, 88.48182631391, -16.29986413439, 0, 0
-18.58646075341, 101.74020022868, -21.88877110266, -16.95889370758, 88.48058877119, -16.30039368677, 0, 0
-18.58281789818, 101.73902393226, -21.88924026271, -16.96429407886, 88.47935138967, -16.30092322761, 0, 0
-18.57917523320, 101.73784743496, -21.88970931854, -16.96969445887, 88.47811416933, -16.30145275695, 0, 0
-18.57553275848, 101.73667073678, -21.89017827012, -16.97509484760, 88.47687711017, -16.30198227484, 0, 0
-18.57189047403, 101.73549383775, -21.89064711746, -16.98049524504, 88.47564021217, -16.30251178132, 0, 0
-18.56824837988, 101.73431673787, -21.89111586056, -16.98589565119, 88.47440347531, -16.30304127644, 0, 0
-18.56460647605, 101.73313943715, -21.89158449940, -16.99129606604, 88.47316689958, -16.30357076023, 0, 0
-18.56096476254, 101.73196193562, -21.89205303399, -16.99669648959, 88.47193048498, -16.30410023275, 0, 0
-18.55732323937, 101.73078423327, -21.89252146431, -17.00209692182, 88.47069423148, -16.30462969404, 0, 0
-18.55368190656, 101.72960633013, -21.89298979037, -17.00749736273, 88.46945813907, -16.30515914413, 0, 0
-18.55004076413, 101.72842822621, -21.89345801214, -17.01289781232, 88.46822220775, -16.30568858309, 0, 0
-18.54639981209, 101.72724992151, -21.89392612964, -17.01829827058, 88.46698643749, -16.30621801094, 0, 0
-18.54275905046, 101.72607141605, -21.89439414286, -17.02369873749, 88.46575082828, -16.30674742774, 0, 0
-18.53911847925, 101.72489270985, -21.89486205178, -17.02909921306, 88.46451538011, -16.30727683352, 0, 0
-18.53547809848, 101.72371380292, -21.89532985641, -17.03449969728, 88.46328009297, -16.30780622834, 0, 0
-18.53183790817, 101.72253469527, -21.89579755673, -17.03990019013, 88.46204496685, -16.30833561223, 0, 0
-18.52819790834, 101.72135538690, -21.89626515274, -17.04530069162, 88.46081000172, -16.30886498524, 0, 0
-18.52455809899, 101.72017587785, -21.89673264445, -17.05070120174, 88.45957519758, -16.30939434741, 0, 0
-18.52091848015, 101.71899616811, -21.89720003183, -17.05610172048, 88.45834055441, -16.30992369879, 0, 0
-18.51727905183, 101.71781625770, -21.89766731489, -17.06150224783, 88.45710607221, -16.31045303942, 0, 0
-18.51363981405, 101.71663614663, -21.89813449362, -17.06690278379, 88.45587175095, -16.31098236935, 0, 0
-18.51000076682, 101.71545583492, -21.89860156802, -17.07230332835, 88.45463759062, -16.31151168862, 0, 0
-18.50636191017, 101.71427532257, -21.89906853807, -17.07770388150, 88.45340359121, -16.31204099726, 0, 0
-18.50272324410, 101.71309460961, -21.89953540378, -17.08310444324, 88.45216975272, -16.31257029534, 0, 0
-18.49908476863, 101.71191369604, -21.90000216514, -17.08850501355, 88.45093607511, -16.31309958289, 0, 0
-18.49544648378, 101.71073258188, -21.90046882214, -17.09390559244, 88.44970255839, -16.31362885995, 0, 0
-18.49180838957, 101.70955126713, -21.90093537478, -17.09930617990, 88.44846920253, -16.31415812657, 0, 0
-18.48817048601, 101.70836975182, -21.90140182305, -17.10470677592, 88.44723600752, -16.31468738279, 0, 0
-18.48453277312, 101.70718803595, -21.90186816694, -17.11010738049, 88.44600297336, -16.31521662866, 0, 0
-18.48089525091, 101.70600611954, -21.90233440646, -17.11550799361, 88.44477010002, -16.31574586422, 0, 0
-18.47725791940, 101.70482400260, -21.90280054159, -17.12090861526, 88.44353738749, -16.31627508951, 0, 0
-18.47362077860, 101.70364168514, -21.90326657234, -17.12630924545, 88.44230483577, -16.31680430458, 0, 0
-18.46998382854, 101.70245916717, -21.90373249868, -17.13170988417, 88.44107244483, -16.31733350947, 0, 0
-18.46634706922, 101.70127644872, -21.90419832063, -17.13711053141, 88.43984021467, -16.31786270423, 0, 0
-18.46271050067, 101.70009352978, -21.90466403817, -17.14251118715, 88.43860814526, -16.31839188890, 0, 0
-18.45907412291, 101.69891041037, -21.90512965129, -17.14791185141, 88.43737623660, -16.31892106352, 0, 0
-18.45543793593, 101.69772709052, -21.90559516000, -17.15331252416, 88.43614448868, -16.31945022813, 0, 0
-18.45180193977, 101.69654357022, -21.90606056429, -17.15871320541, 88.43491290147, -16.31997938279, 0, 0
-18.44816613444, 101.69535984949, -21.90652586414, -17.16411389514, 88.43368147497, -16.32050852754, 0, 0
-18.44453051995, 101.69417592834, -21.90699105957, -17.16951459336, 88.43245020916, -16.32103766241, 0, 0
-18.44089509633, 101.69299180679, -21.90745615055, -17.17491530004, 88.43121910403, -16.32156678745, 0, 0
-18.43725986358, 101.69180748485, -21.90792113709, -17.18031601519, 88.42998815957, -16.32209590271, 0, 0
-18.43362482172, 101.69062296254, -21.90838601917, -17.18571673880, 88.42875737576, -16.32262500823, 0, 0
-18.42998997077, 101.68943823985, -21.90885079680, -17.19111747087, 88.42752675259, -16.32315410405, 0, 0
-18.42635531075, 101.68825331682, -21.90931546997, -17.19651821138, 88.42629629004, -16.32368319023, 0, 0
-18.42272084167, 101.68706819344, -21.90978003868, -17.20191896033, 88.42506598811, -16.32421226679, 0, 0
-18.41908656355, 101.68588286974, -21.91024450290, -17.20731971771, 88.42383584677, -16.32474133379, 0, 0
-18.41545247639, 101.68469734572, -21.91070886266, -17.21272048351, 88.42260586602, -16.32527039126, 0, 0
-18.41181858023, 101.68351162140, -21.91117311792, -17.21812125774, 88.42137604584, -16.32579943926, 0, 0
-18.40818487508, 101.68232569680, -21.91163726870, -17.22352204038, 88.42014638622, -16.32632847782, 0, 0
-18.40455136094, 101.68113957191, -21.91210131498, -17.22892283142, 88.41891688714, -16.32685750700, 0, 0
-18.40091803784, 101.67995324676, -21.91256525677, -17.23432363087, 88.41768754859, -16.32738652683, 0, 0
-18.39728490580, 101.67876672137, -21.91302909405, -17.23972443871, 88.41645837056, -16.32791553735, 0, 0
-18.39365196482, 101.67757999573, -21.91349282681, -17.24512525493, 88.41522935304, -16.32844453862, 0, 0
-18.39001921493, 101.67639306987, -21.91395645506, -17.25052607953, 88.41400049600, -16.32897353067, 0, 0
-18.38638665614, 101.67520594380, -21.91441997879, -17.25592691250, 88.41277179944, -16.32950251355, 0, 0
-18.38275428847, 101.67401861752, -21.91488339799, -17.26132775384, 88.41154326335, -16.33003148730, 0, 0
-18.37912211193, 101.67283109106, -21.91534671266, -17.26672860354, 88.41031488770, -16.33056045197, 0, 0
-18.37549012654, 101.67164336443, -21.91580992278, -17.27212946160, 88.40908667249, -16.33108940759, 0, 0
-18.37185833232, 101.67045543763, -21.91627302837, -17.27753032799, 88.40785861770, -16.33161835422, 0, 0
-18.36822672927, 101.66926731069, -21.91673602940, -17.28293120273, 88.40663072333, -16.33214729190, 0, 0
-18.36459531743, 101.66807898360, -21.91719892588, -17.28833208580, 88.40540298934, -16.33267622067, 0, 0
-18.36096409679, 101.66689045640, -21.91766171780, -17.29373297719, 88.40417541574, -16.33320514057, 0, 0
-18.35733306739, 101.66570172909, -21.91812440515, -17.29913387691, 88.40294800251, -16.33373405164, 0, 0
-18.35370222923, 101.66451280167, -21.91858698793, -17.30453478493, 88.40172074963, -16.33426295394, 0, 0
-18.35007158233, 101.66332367418, -21.91904946614, -17.30993570127, 88.40049365709, -16.33479184751, 0, 0
-18.34644112670, 101.66213434661, -21.91951183976, -17.31533662590, 88.39926672488, -16.33532073238, 0, 0
-18.34281086237, 101.66094481898, -21.91997410879, -17.32073755882, 88.39803995299, -16.33584960861, 0, 0
-18.33918078935, 101.65975509130, -21.92043627323, -17.32613850003, 88.39681334139, -16.33637847623, 0, 0
-18.33555090765, 101.65856516360, -21.92089833307, -17.33153944952, 88.39558689008, -16.33690733529, 0, 0
-18.33192121730, 101.65737503587, -21.92136028830, -17.33694040728, 88.39436059905, -16.33743618583, 0, 0
-18.32829171829, 101.65618470813, -21.92182213893, -17.34234137331, 88.39313446827, -16.33796502790, 0, 0
-18.32466241066, 101.65499418039, -21.92228388494, -17.34774234760, 88.39190849774, -16.33849386154, 0, 0
-18.32103329442, 101.65380345268, -21.92274552632, -17.35314333014, 88.39068268744, -16.33902268680, 0, 0
-18.31740436958, 101.65261252499, -21.92320706309, -17.35854432092, 88.38945703736, -16.33955150371, 0, 0
-18.31377563616, 101.65142139735, -21.92366849521, -17.36394531995, 88.38823154748, -16.34008031232, 0, 0
-18.31014709418, 101.65023006976, -21.92412982271, -17.36934632721, 88.38700621780, -16.34060911268, 0, 0
-18.30651874365, 101.64903854225, -21.92459104555, -17.37474734269, 88.38578104829, -16.34113790482, 0, 0
-18.30289058458, 101.64784681481, -21.92505216375, -17.38014836639, 88.38455603894, -16.34166668880, 0, 0
-18.29926261700, 101.64665488747, -21.92551317730, -17.38554939831, 88.38333118975, -16.34219546465, 0, 0
-18.29563484092, 101.64546276023, -21.92597408619, -17.39095043843, 88.38210650069, -16.34272423242, 0, 0
-18.29200725635, 101.64427043312, -21.92643489041, -17.39635148675, 88.38088197175, -16.34325299215, 0, 0
-18.28837986331, 101.64307790613, -21.92689558996, -17.40175254326, 88.37965760293, -16.34378174389, 0, 0
-18.28475266182, 101.64188517930, -21.92735618483, -17.40715360796, 88.37843339419, -16.34431048767, 0, 0
-18.28112565189, 101.64069225262, -21.92781667503, -17.41255468084, 88.37720934554, -16.34483922355, 0, 0
-18.27749883353, 101.63949912611, -21.92827706053, -17.41795576189, 88.37598545696, -16.34536795156, 0, 0
-18.27387220678, 101.63830579979, -21.92873734134, -17.42335685111, 88.37476172843, -16.34589667176, 0, 0
-18.27024577163, 101.63711227366, -21.92919751746, -17.42875794849, 88.37353815994, -16.34642538417, 0, 0
-18.26661952810, 101.63591854774, -21.92965758887, -17.43415905402, 88.37231475148, -16.34695408885, 0, 0
-18.26299347622, 101.63472462205, -21.93011755557, -17.43956016770, 88.37109150303, -16.34748278585, 0, 0
-18.25936761599, 101.63353049659, -21.93057741756, -17.44496128951, 88.36986841458, -16.34801147519, 0, 0
-18.25574194743, 101.63233617137, -21.93103717483, -17.45036241946, 88.36864548611, -16.34854015694, 0, 0
-18.25211647057, 101.63114164642, -21.93149682737, -17.45576355754, 88.36742271762, -16.34906883112, 0, 0
-18.24849118540, 101.62994692175, -21.93195637518, -17.46116470373, 88.36620010908, -16.34959749778, 0, 0
-18.24486609196, 101.62875199736, -21.93241581826, -17.46656585804, 88.36497766048, -16.35012615698, 0, 0
-18.24124119025, 101.62755687327, -21.93287515659, -17.47196702046, 88.36375537182, -16.35065480874, 0, 0
-18.23761648029, 101.62636154949, -21.93333439018, -17.47736819098, 88.36253324307, -16.35118345312, 0, 0
-18.23399196210, 101.62516602604, -21.93379351901, -17.48276936958, 88.36131127423, -16.35171209015, 0, 0
-18.23036763570, 101.62397030292, -21.93425254308, -17.48817055628, 88.36008946527, -16.35224071989, 0, 0
-18.22674350109, 101.62277438016, -21.93471146239, -17.49357175105, 88.35886781619, -16.35276934237, 0, 0
-18.22311955829, 101.62157825776, -21.93517027693, -17.49897295390, 88.35764632697, -16.35329795763, 0, 0
-18.21949580732, 101.62038193573, -21.93562898670, -17.50437416482, 88.35642499759, -16.35382656573, 0, 0
-18.21587224820, 101.61918541410, -21.93608759168, -17.50977538380, 88.35520382805, -16.35435516670, 0, 0
-18.21224888094, 101.61798869287, -21.93654609188, -17.51517661082, 88.35398281833, -16.35488376059, 0, 0
-18.20862570556, 101.61679177205, -21.93700448729, -17.52057784590, 88.35276196842, -16.35541234744, 0, 0
-18.20500272207, 101.61559465166, -21.93746277790, -17.52597908902, 88.35154127829, -16.35594092730, 0, 0
-18.20137993049, 101.61439733172, -21.93792096371, -17.53138034017, 88.35032074795, -16.35646950020, 0, 0
-18.19775733083, 101.61319981223, -21.93837904471, -17.53678159935, 88.34910037736, -16.35699806619, 0, 0
-18.19413492311, 101.61200209320, -21.93883702090, -17.54218286654, 88.34788016653, -16.35752662532, 0, 0
-18.19051270734, 101.61080417465, -21.93929489227, -17.54758414176, 88.34666011544, -16.35805517762, 0, 0
-18.18689068355, 101.60960605660, -21.93975265881, -17.55298542498, 88.34544022406, -16.35858372315, 0, 0
-18.18326885174, 101.60840773905, -21.94021032053, -17.55838671620, 88.34422049240, -16.35911226194, 0, 0
-18.17964721193, 101.60720922202, -21.94066787741, -17.56378801541, 88.34300092043, -16.35964079404, 0, 0
-18.17602576414, 101.60601050552, -21.94112532944, -17.56918932261, 88.34178150814, -16.36016931948, 0, 0
-18.17240450839, 101.60481158957, -21.94158267664, -17.57459063779, 88.34056225552, -16.36069783833, 0, 0
-18.16878344468, 101.60361247417, -21.94203991898, -17.57999196095, 88.33934316255, -16.36122635061, 0, 0
-18.16516257304, 101.60241315934, -21.94249705646, -17.58539329208, 88.33812422921, -16.36175485637, 0, 0
-18.16154189347, 101.60121364510, -21.94295408908, -17.59079463116, 88.33690545551, -16.36228335565, 0, 0
-18.15792140600, 101.60001393145, -21.94341101683, -17.59619597820, 88.33568684141, -16.36281184850, 0, 0
-18.15430111065, 101.59881401841, -21.94386783971, -17.60159733319, 88.33446838691, -16.36334033496, 0, 0
-18.15068100742, 101.59761390599, -21.94432455771, -17.60699869612, 88.33325009200, -16.36386881508, 0, 0
-18.14706109633, 101.59641359421, -21.94478117082, -17.61240006698, 88.33203195665, -16.36439728889, 0, 0
-18.14344137740, 101.59521308307, -21.94523767905, -17.61780144577, 88.33081398086, -16.36492575644, 0, 0
-18.13982185064, 101.59401237259, -21.94569408238, -17.62320283249, 88.32959616461, -16.36545421777, 0, 0
-18.13620251607, 101.59281146279, -21.94615038080, -17.62860422712, 88.32837850789, -16.36598267294, 0, 0
-18.13258337371, 101.59161035367, -21.94660657433, -17.63400562965, 88.32716101068, -16.36651112197, 0, 0
-18.12896442356, 101.59040904525, -21.94706266293, -17.63940704009, 88.32594367297, -16.36703956491, 0, 0
-18.12534566565, 101.58920753755, -21.94751864663, -17.64480845842, 88.32472649475, -16.36756800181, 0, 0
-18.12172710000, 101.58800583057, -21.94797452539, -17.65020988465, 88.32350947599, -16.36809643271, 0, 0
-18.11810872661, 101.58680392432, -21.94843029923, -17.65561131875, 88.32229261670, -16.36862485765, 0, 0
-18.11449054550, 101.58560181883, -21.94888596814, -17.66101276073, 88.32107591684, -16.36915327668, 0, 0
-18.11087255668, 101.58439951410, -21.94934153210, -17.66641421058, 88.31985937642, -16.36968168984, 0, 0
-18.10725476019, 101.58319701015, -21.94979699113, -17.67181566829, 88.31864299541, -16.37021009717, 0, 0
-18.10363715601, 101.58199430699, -21.95025234520, -17.67721713386, 88.31742677381, -16.37073849871, 0, 0
-18.10001974419, 101.58079140463, -21.95070759431, -17.68261860727, 88.31621071159, -16.37126689451, 0, 0
-18.09640252472, 101.57958830309, -21.95116273846, -17.68802008853, 88.31499480874, -16.37179528462, 0, 0
-18.09278549763, 101.57838500237, -21.95161777765, -17.69342157762, 88.31377906525, -16.37232366907, 0, 0
-18.08916866293, 101.57718150250, -21.95207271186, -17.69882307455, 88.31256348111, -16.37285204790, 0, 0
-18.08555202063, 101.57597780348, -21.95252754110, -17.70422457929, 88.31134805630, -16.37338042117, 0, 0
-18.08193557076, 101.57477390533, -21.95298226535, -17.70962609185, 88.31013279080, -16.37390878891, 0, 0
-18.07831931332, 101.57356980805, -21.95343688462, -17.71502761223, 88.30891768461, -16.37443715117, 0, 0
-18.07470324833, 101.57236551168, -21.95389139889, -17.72042914040, 88.30770273771, -16.37496550799, 0, 0
-18.07108737582, 101.57116101620, -21.95434580816, -17.72583067637, 88.30648795008, -16.37549385941, 0, 0
-18.06747169578, 101.56995632165, -21.95480011242, -17.73123222013, 88.30527332171, -16.37602220547, 0, 0
-18.06385620825, 101.56875142803, -21.95525431167, -17.73663377168, 88.30405885259, -16.37655054623, 0, 0
-18.06024091322, 101.56754633536, -21.95570840591, -17.74203533100, 88.30284454271, -16.37707888172, 0, 0
-18.05662581073, 101.56634104364, -21.95616239513, -17.74743689809, 88.30163039203, -16.37760721199, 0, 0
-18.05301090078, 101.56513555289, -21.95661627931, -17.75283847295, 88.30041640057, -16.37813553707, 0, 0
-18.04939618340, 101.56392986313, -21.95707005847, -17.75824005556, 88.29920256829, -16.37866385702, 0, 0
-18.04578165858, 101.56272397436, -21.95752373259, -17.76364164592, 88.29798889519, -16.37919217187, 0, 0
-18.04216732636, 101.56151788661, -21.95797730166, -17.76904324403, 88.29677538125, -16.37972048166, 0, 0
-18.03855318675, 101.56031159988, -21.95843076569, -17.77444484988, 88.29556202646, -16.38024878645, 0, 0
-18.03493923975, 101.55910511418, -21.95888412466, -17.77984646345, 88.29434883081, -16.38077708627, 0, 0
-18.03132548540, 101.55789842954, -21.95933737857, -17.78524808475, 88.29313579427, -16.38130538117, 0, 0
-18.02771192369, 101.55669154595, -21.95979052741, -17.79064971377, 88.29192291683, -16.38183367119, 0, 0
-18.02409855466, 101.55548446344, -21.96024357118, -17.79605135050, 88.29071019849, -16.38236195637, 0, 0
-18.02048537830, 101.55427718202, -21.96069650988, -17.80145299493, 88.28949763923, -16.38289023676, 0, 0
-18.01687239465, 101.55306970170, -21.96114934350, -17.80685464707, 88.28828523902, -16.38341851240, 0, 0
-18.01325960371, 101.55186202249, -21.96160207202, -17.81225630689, 88.28707299787, -16.38394678333, 0, 0
-18.00964700550, 101.55065414442, -21.96205469546, -17.81765797440, 88.28586091575, -16.38447504959, 0, 0
-18.00603460003, 101.54944606748, -21.96250721379, -17.82305964959, 88.28464899265, -16.38500331123, 0, 0
-18.00242238732, 101.54823779169, -21.96295962703, -17.82846133244, 88.28343722856, -16.38553156829, 0, 0
-17.99881036739, 101.54702931707, -21.96341193515, -17.83386302297, 88.28222562346, -16.38605982082, 0, 0
-17.99519854025, 101.54582064363, -21.96386413816, -17.83926472115, 88.28101417733, -16.38658806885, 0, 0
-17.99158690591, 101.54461177138, -21.96431623604, -17.84466642699, 88.27980289017, -16.38711631243, 0, 0
-17.98797546440, 101.54340270034, -21.96476822881, -17.85006814047, 88.27859176196, -16.38764455161, 0, 0
-17.98436421572, 101.54219343051, -21.96522011644, -17.85546986159, 88.27738079268, -16.38817278642, 0, 0
-17.98075315989, 101.54098396192, -21.96567189893, -17.86087159034, 88.27616998232, -16.38870101690, 0, 0
-17.97714229693, 101.53977429457, -21.96612357628, -17.86627332672, 88.27495933087, -16.38922924311, 0, 0
-17.97353162686, 101.53856442848, -21.96657514849, -17.87167507072, 88.27374883831, -16.38975746509, 0, 0
-17.96992114967, 101.53735436365, -21.96702661554, -17.87707682234, 88.27253850463, -16.39028568287, 0, 0
-17.96631086541, 101.53614410012, -21.96747797743, -17.88247858156, 88.27132832982, -16.39081389650, 0, 0
-17.96270077407, 101.53493363787, -21.96792923416, -17.88788034838, 88.27011831385, -16.39134210602, 0, 0
-17.95909087567, 101.53372297694, -21.96838038571, -17.89328212279, 88.26890845671, -16.39187031148, 0, 0
-17.95548117023, 101.53251211733, -21.96883143210, -17.89868390479, 88.26769875840, -16.39239851292, 0, 0
-17.95187165777, 101.53130105906, -21.96928237330, -17.90408569437, 88.26648921890, -16.39292671037, 0, 0
-17.94826233829, 101.53008980213, -21.96973320932, -17.90948749152, 88.26527983818, -16.39345490390, 0, 0
-17.94465321182, 101.52887834657, -21.97018394014, -17.91488929625, 88.26407061625, -16.39398309353, 0, 0
-17.94104427837, 101.52766669238, -21.97063456577, -17.92029110853, 88.26286155307, -16.39451127931, 0, 0
-17.93743553795, 101.52645483957, -21.97108508620, -17.92569292837, 88.26165264865, -16.39503946128, 0, 0
-17.93382699058, 101.52524278817, -21.97153550141, -17.93109475575, 88.26044390296, -16.39556763949, 0, 0
-17.93021863628, 101.52403053819, -21.97198581142, -17.93649659068, 88.25923531599, -16.39609581398, 0, 0
-17.92661047505, 101.52281808962, -21.97243601620, -17.94189843314, 88.25802688773, -16.39662398479, 0, 0
-17.92300250692, 101.52160544250, -21.97288611577, -17.94730028313, 88.25681861816, -16.39715215196, 0, 0
-17.91939473191, 101.52039259684, -21.97333611010, -17.95270214064, 88.25561050727, -16.39768031554, 0, 0
-17.91578715001, 101.51917955264, -21.97378599919, -17.95810400567, 88.25440255504, -16.39820847557, 0, 0
-17.91217976126, 101.51796630991, -21.97423578305, -17.96350587820, 88.25319476146, -16.39873663209, 0, 0
-17.90857256567, 101.51675286868, -21.97468546166, -17.96890775824, 88.25198712651, -16.39926478515, 0, 0
-17.90496556324, 101.51553922896, -21.97513503502, -17.97430964578, 88.25077965019, -16.39979293479, 0, 0
-17.90135875400, 101.51432539076, -21.97558450312, -17.97971154080, 88.24957233247, -16.40032108104, 0, 0
-17.89775213797, 101.51311135408, -21.97603386596, -17.98511344330, 88.24836517334, -16.40084922396, 0, 0
-17.89414571515, 101.51189711895, -21.97648312353, -17.99051535329, 88.24715817279, -16.40137736359, 0, 0
-17.89053948556, 101.51068268538, -21.97693227582, -17.99591727074, 88.24595133080, -16.40190549996, 0, 0
-17.88693344922, 101.50946805338, -21.97738132284, -18.00131919565, 88.24474464736, -16.40243363313, 0, 0
-17.88332760614, 101.50825322296, -21.97783026457, -18.00672112803, 88.24353812245, -16.40296176313, 0, 0
-17.87972195633, 101.50703819414, -21.97827910101, -18.01212306785, 88.24233175606, -16.40348989001, 0, 0
-17.87611649982, 101.50582296693, -21.97872783216, -18.01752501511, 88.24112554818, -16.40401801381, 0, 0
-17.87251123662, 101.50460754135, -21.97917645801, -18.02292696982, 88.23991949879, -16.40454613457, 0, 0
-17.86890616674, 101.50339191740, -21.97962497855, -18.02832893195, 88.23871360787, -16.40507425234, 0, 0
-17.86530129019, 101.50217609509, -21.98007339378, -18.03373090151, 88.23750787542, -16.40560236716, 0, 0
-17.86169660700, 101.50096007446, -21.98052170369, -18.03913287849, 88.23630230141, -16.40613047906, 0, 0
-17.85809211718, 101.49974385549, -21.98096990828, -18.04453486287, 88.23509688583, -16.40665858810, 0, 0
-17.85448782074, 101.49852743822, -21.98141800754, -18.04993685467, 88.23389162868, -16.40718669432, 0, 0
-17.85088371769, 101.49731082265, -21.98186600146, -18.05533885386, 88.23268652992, -16.40771479776, 0, 0
-17.84727980806, 101.49609400879, -21.98231389005, -18.06074086044, 88.23148158956, -16.40824289845, 0, 0
-17.84367609186, 101.49487699666, -21.98276167329, -18.06614287441, 88.23027680757, -16.40877099646, 0, 0
-17.84007256910, 101.49365978627, -21.98320935119, -18.07154489575, 88.22907218394, -16.40929909180, 0, 0
-17.83646923979, 101.49244237764, -21.98365692372, -18.07694692447, 88.22786771866, -16.40982718454, 0, 0
-17.83286610396, 101.49122477077, -21.98410439090, -18.08234896056, 88.22666341171, -16.41035527471, 0, 0
-17.82926316162, 101.49000696569, -21.98455175271, -18.08775100400, 88.22545926308, -16.41088336236, 0, 0
-17.82566041278, 101.48878896240, -21.98499900915, -18.09315305480, 88.22425527275, -16.41141144752, 0, 0
-17.82205785746, 101.48757076091, -21.98544616021, -18.09855511294, 88.22305144070, -16.41193953024, 0, 0
-17.81845549567, 101.48635236125, -21.98589320588, -18.10395717843, 88.22184776693, -16.41246761056, 0, 0
-17.81485332743, 101.48513376342, -21.98634014617, -18.10935925124, 88.22064425142, -16.41299568853, 0, 0
-17.81125135275, 101.48391496743, -21.98678698107, -18.11476133139, 88.21944089416, -16.41352376419, 0, 0
-17.80764957165, 101.48269597330, -21.98723371056, -18.12016341885, 88.21823769512, -16.41405183758, 0, 0
-17.80404798414, 101.48147678105, -21.98768033466, -18.12556551363, 88.21703465430, -16.41457990874, 0, 0
-17.80044659024, 101.48025739068, -21.98812685334, -18.13096761572, 88.21583177168, -16.41510797772, 0, 0
-17.79684538997, 101.47903780222, -21.98857326660, -18.13636972510, 88.21462904725, -16.41563604455, 0, 0
-17.79324438333, 101.47781801566, -21.98901957445, -18.14177184179, 88.21342648098, -16.41616410929, 0, 0
-17.78964357034, 101.47659803103, -21.98946577686, -18.14717396576, 88.21222407288, -16.41669217197, 0, 0
-17.78604295102, 101.47537784834, -21.98991187385, -18.15257609701, 88.21102182292, -16.41722023263, 0, 0
-17.78244252539, 101.47415746759, -21.99035786540, -18.15797823554, 88.20981973108, -16.41774829133, 0, 0
-17.77884229345, 101.47293688882, -21.99080375150, -18.16338038133, 88.20861779736, -16.41827634809, 0, 0
-17.77524225522, 101.47171611202, -21.99124953216, -18.16878253439, 88.20741602174, -16.41880440297, 0, 0
-17.77164241072, 101.47049513721, -21.99169520736, -18.17418469471, 88.20621440420, -16.41933245600, 0, 0
-17.76804275997, 101.46927396441, -21.99214077711, -18.17958686227, 88.20501294473, -16.41986050723, 0, 0
-17.76444330297, 101.46805259362, -21.99258624139, -18.18498903708, 88.20381164332, -16.42038855671, 0, 0
-17.76084403974, 101.46683102487, -21.99303160019, -18.19039121912, 88.20261049994, -16.42091660446, 0, 0
-17.75724497030, 101.46560925815, -21.99347685353, -18.19579340839, 88.20140951460, -16.42144465054, 0, 0
-17.75364609466, 101.46438729350, -21.99392200138, -18.20119560489, 88.20020868726, -16.42197269500, 0, 0
-17.75004741284, 101.46316513091, -21.99436704374, -18.20659780861, 88.19900801792, -16.42250073786, 0, 0
-17.74644892485, 101.46194277041, -21.99481198062, -18.21200001953, 88.19780750656, -16.42302877917, 0, 0
-17.74285063070, 101.46072021201, -21.99525681199, -18.21740223766, 88.19660715317, -16.42355681898, 0, 0
-17.73925253042, 101.45949745571, -21.99570153786, -18.22280446299, 88.19540695773, -16.42408485733, 0, 0
-17.73565462402, 101.45827450154, -21.99614615823, -18.22820669550, 88.19420692023, -16.42461289426, 0, 0
-17.73205691150, 101.45705134950, -21.99659067308, -18.23360893521, 88.19300704066, -16.42514092982, 0, 0
-17.72845939289, 101.45582799962, -21.99703508241, -18.23901118209, 88.19180731899, -16.42566896404, 0, 0
-17.72486206820, 101.45460445189, -21.99747938621, -18.24441343614, 88.19060775522, -16.42619699696, 0, 0
-17.72126493745, 101.45338070634, -21.99792358449, -18.24981569736, 88.18940834932, -16.42672502864, 0, 0
-17.71766800065, 101.45215676298, -21.99836767723, -18.25521796574, 88.18820910129, -16.42725305911, 0, 0
-17.71407125781, 101.45093262182, -21.99881166443, -18.26062024127, 88.18701001111, -16.42778108842, 0, 0
-17.71047470896, 101.44970828288, -21.99925554608, -18.26602252395, 88.18581107877, -16.42830911660, 0, 0
-17.70687835409, 101.44848374617, -21.99969932218, -18.27142481377, 88.18461230424, -16.42883714371, 0, 0
-17.70328219324, 101.44725901169, -22.00014299272, -18.27682711072, 88.18341368752, -16.42936516977, 0, 0
-17.69968622641, 101.44603407948, -22.00058655770, -18.28222941480, 88.18221522860, -16.42989319484, 0, 0
-17.69609045363, 101.44480894953, -22.00103001711, -18.28763172599, 88.18101692745, -16.43042121896, 0, 0
-17.69249487489, 101.44358362186, -22.00147337095, -18.29303404431, 88.17981878406, -16.43094924217, 0, 0
-17.68889949023, 101.44235809648, -22.00191661920, -18.29843636973, 88.17862079841, -16.43147726451, 0, 0
-17.68530429965, 101.44113237342, -22.00235976187, -18.30383870225, 88.17742297050, -16.43200528603, 0, 0
-17.68170930316, 101.43990645267, -22.00280279896, -18.30924104186, 88.17622530031, -16.43253330676, 0, 0
-17.67811450079, 101.43868033426, -22.00324573044, -18.31464338857, 88.17502778782, -16.43306132675, 0, 0
-17.67451989255, 101.43745401820, -22.00368855633, -18.32004574236, 88.17383043302, -16.43358934604, 0, 0
-17.67092547845, 101.43622750450, -22.00413127660, -18.32544810322, 88.17263323589, -16.43411736468, 0, 0
-17.66733125851, 101.43500079317, -22.00457389127, -18.33085047115, 88.17143619642, -16.43464538270, 0, 0
-17.66373723274, 101.43377388423, -22.00501640032, -18.33625284614, 88.17023931459, -16.43517340015, 0, 0
-17.66014340116, 101.43254677769, -22.00545880374, -18.34165522819, 88.16904259040, -16.43570141707, 0, 0
-17.65654976378, 101.43131947356, -22.00590110154, -18.34705761729, 88.16784602381, -16.43622943350, 0, 0
-17.65295632061, 101.43009197186, -22.00634329370, -18.35246001344, 88.16664961483, -16.43675744949, 0, 0
-17.64936307168, 101.42886427260, -22.00678538023, -18.35786241662, 88.16545336343, -16.43728546508, 0, 0
-17.64577001699, 101.42763637580, -22.00722736111, -18.36326482683, 88.16425726960, -16.43781348031, 0, 0
-17.64217715656, 101.42640828146, -22.00766923633, -18.36866724406, 88.16306133333, -16.43834149521, 0, 0
-17.63858449041, 101.42517998960, -22.00811100591, -18.37406966832, 88.16186555459, -16.43886950985, 0, 0
-17.63499201855, 101.42395150023, -22.00855266982, -18.37947209958, 88.16066993338, -16.43939752425, 0, 0
-17.63139974099, 101.42272281337, -22.00899422806, -18.38487453785, 88.15947446968, -16.43992553846, 0, 0
-17.62780765775, 101.42149392903, -22.00943568063, -18.39027698312, 88.15827916348, -16.44045355251, 0, 0
-17.62421576884, 101.42026484722, -22.00987702753, -18.39567943538, 88.15708401476, -16.44098156647, 0, 0
-17.62062407429, 101.41903556796, -22.01031826874, -18.40108189462, 88.15588902350, -16.44150958036, 0, 0
-17.61703257409, 101.41780609126, -22.01075940426, -18.40648436085, 88.15469418969, -16.44203759422, 0, 0
-17.61344126828, 101.41657641713, -22.01120043409, -18.41188683405, 88.15349951332, -16.44256560811, 0, 0
-17.60985015686, 101.41534654559, -22.01164135822, -18.41728931421, 88.15230499438, -16.44309362206, 0, 0
-17.60625923984, 101.41411647665, -22.01208217665, -18.42269180134, 88.15111063284, -16.44362163611, 0, 0
-17.60266851725, 101.41288621032, -22.01252288936, -18.42809429542, 88.14991642869, -16.44414965031, 0, 0
-17.59907798909, 101.41165574662, -22.01296349636, -18.43349679644, 88.14872238191, -16.44467766470, 0, 0
-17.59548765538, 101.41042508555, -22.01340399764, -18.43889930441, 88.14752849250, -16.44520567932, 0, 0
-17.59189751614, 101.40919422714, -22.01384439319, -18.44430181931, 88.14633476044, -16.44573369421, 0, 0
-17.58830757138, 101.40796317139, -22.01428468301, -18.44970434114, 88.14514118571, -16.44626170942, 0, 0
-17.58471782112, 101.40673191833, -22.01472486709, -18.45510686989, 88.14394776829, -16.44678972499, 0, 0
-17.58112826536, 101.40550046795, -22.01516494543, -18.46050940556, 88.14275450818, -16.44731774095, 0, 0
-17.57753890413, 101.40426882028, -22.01560491802, -18.46591194814, 88.14156140535, -16.44784575736, 0, 0
-17.57394973743, 101.40303697533, -22.01604478486, -18.47131449762, 88.14036845980, -16.44837377425, 0, 0
-17.57036076529, 101.40180493312, -22.01648454594, -18.47671705399, 88.13917567151, -16.44890179167, 0, 0
-17.56677198772, 101.40057269364, -22.01692420125, -18.48211961726, 88.13798304045, -16.44942980965, 0, 0
-17.56318340473, 101.39934025693, -22.01736375079, -18.48752218741, 88.13679056663, -16.44995782825, 0, 0
-17.55959501633, 101.39810762299, -22.01780319456, -18.49292476443, 88.13559825002, -16.45048584750, 0, 0
-17.55600682255, 101.39687479184, -22.01824253254, -18.49832734833, 88.13440609060, -16.45101386744, 0, 0
-17.55241882340, 101.39564176348, -22.01868176474, -18.50372993909, 88.13321408837, -16.45154188812, 0, 0
-17.54883101888, 101.39440853794, -22.01912089115, -18.50913253671, 88.13202224331, -16.45206990958, 0, 0
-17.54524340902, 101.39317511522, -22.01955991176, -18.51453514118, 88.13083055540, -16.45259793186, 0, 0
-17.54165599383, 101.39194149534, -22.01999882657, -18.51993775249, 88.12963902462, -16.45312595500, 0, 0
-17.53806877332, 101.39070767831, -22.02043763556, -18.52534037065, 88.12844765097, -16.45365397905, 0, 0
-17.53448174751, 101.38947366415, -22.02087633875, -18.53074299564, 88.12725643443, -16.45418200404, 0, 0
-17.53089491642, 101.38823945287, -22.02131493611, -18.53614562745, 88.12606537498, -16.45471003002, 0, 0
-17.52730828005, 101.38700504448, -22.02175342765, -18.54154826608, 88.12487447261, -16.45523805704, 0, 0
-17.52372183842, 101.38577043899, -22.02219181337, -18.54695091153, 88.12368372730, -16.45576608513, 0, 0
-17.52013559156, 101.38453563643, -22.02263009324, -18.55235356378, 88.12249313904, -16.45629411433, 0, 0
-17.51654953946, 101.38330063679, -22.02306826727, -18.55775622284, 88.12130270782, -16.45682214469, 0, 0
-17.51296368215, 101.38206544010, -22.02350633546, -18.56315888868, 88.12011243361, -16.45735017625, 0, 0
-17.50937801963, 101.38083004637, -22.02394429780, -18.56856156132, 88.11892231640, -16.45787820905, 0, 0
-17.50579255194, 101.37959445562, -22.02438215428, -18.57396424074, 88.11773235618, -16.45840624313, 0, 0
-17.50220727907, 101.37835866784, -22.02481990489, -18.57936692693, 88.11654255294, -16.45893427854, 0, 0
-17.49862220104, 101.37712268307, -22.02525754964, -18.58476961989, 88.11535290665, -16.45946231532, 0, 0
-17.49503731787, 101.37588650131, -22.02569508851, -18.59017231962, 88.11416341730, -16.45999035351, 0, 0
-17.49145262958, 101.37465012258, -22.02613252151, -18.59557502610, 88.11297408489, -16.46051839314, 0, 0
-17.48786813617, 101.37341354688, -22.02656984862, -18.60097773933, 88.11178490938, -16.46104643428, 0, 0
-17.48428383766, 101.37217677424, -22.02700706984, -18.60638045930, 88.11059589077, -16.46157447694, 0, 0
-17.48069973407, 101.37093980466, -22.02744418517, -18.61178318601, 88.10940702905, -16.46210252118, 0, 0
-17.47711582541, 101.36970263816, -22.02788119459, -18.61718591945, 88.10821832419, -16.46263056705, 0, 0
-17.47353211169, 101.36846527475, -22.02831809811, -18.62258865962, 88.10702977619, -16.46315861457, 0, 0
-17.46994859294, 101.36722771445, -22.02875489571, -18.62799140650, 88.10584138502, -16.46368666380, 0, 0
-17.46636526915, 101.36598995727, -22.02919158740, -18.63339416010, 88.10465315067, -16.46421471477, 0, 0
-17.46278214035, 101.36475200322, -22.02962817317, -18.63879692040, 88.10346507313, -16.46474276753, 0, 0
-17.45919920656, 101.36351385232, -22.03006465301, -18.64419968740, 88.10227715239, -16.46527082211, 0, 0
-17.45561646778, 101.36227550457, -22.03050102691, -18.64960246109, 88.10108938842, -16.46579887857, 0, 0
-17.45203392403, 101.36103696000, -22.03093729488, -18.65500524147, 88.09990178121, -16.46632693694, 0, 0
-17.44845157533, 101.35979821862, -22.03137345690, -18.66040802853, 88.09871433075, -16.46685499727, 0, 0
-17.44486942169, 101.35855928043, -22.03180951297, -18.66581082226, 88.09752703702, -16.46738305959, 0, 0
-17.44128746312, 101.35732014546, -22.03224546309, -18.67121362266, 88.09633990000, -16.46791112395, 0, 0
-17.43770569964, 101.35608081371, -22.03268130725, -18.67661642972, 88.09515291969, -16.46843919039, 0, 0
-17.43412413126, 101.35484128521, -22.03311704544, -18.68201924344, 88.09396609606, -16.46896725895, 0, 0
-17.43054275800, 101.35360155995, -22.03355267765, -18.68742206380, 88.09277942911, -16.46949532968, 0, 0
-17.42696157987, 101.35236163797, -22.03398820389, -18.69282489081, 88.09159291881, -16.47002340261, 0, 0
-17.42338059688, 101.35112151926, -22.03442362415, -18.69822772445, 88.09040656515, -16.47055147779, 0, 0
-17.41979980906, 101.34988120385, -22.03485893842, -18.70363056472, 88.08922036811, -16.47107955526, 0, 0
-17.41621921641, 101.34864069174, -22.03529414670, -18.70903341162, 88.08803432769, -16.47160763506, 0, 0
-17.41263881894, 101.34739998295, -22.03572924898, -18.71443626513, 88.08684844386, -16.47213571723, 0, 0
-17.40905861668, 101.34615907750, -22.03616424526, -18.71983912525, 88.08566271661, -16.47266380182, 0, 0
-17.40547860964, 101.34491797539, -22.03659913552, -18.72524199197, 88.08447714592, -16.47319188887, 0, 0
-17.40189879783, 101.34367667664, -22.03703391977, -18.73064486530, 88.08329173179, -16.47371997841, 0, 0
-17.39831918127, 101.34243518127, -22.03746859800, -18.73604774521, 88.08210647419, -16.47424807050, 0, 0
-17.39473975996, 101.34119348928, -22.03790317021, -18.74145063171, 88.08092137311, -16.47477616516, 0, 0
-17.39116053393, 101.33995160070, -22.03833763638, -18.74685352479, 88.07973642853, -16.47530426246, 0, 0
-17.38758150319, 101.33870951553, -22.03877199651, -18.75225642444, 88.07855164044, -16.47583236241, 0, 0
-17.38400266775, 101.33746723378, -22.03920625061, -18.75765933065, 88.07736700882, -16.47636046508, 0, 0
-17.38042402762, 101.33622475548, -22.03964039865, -18.76306224343, 88.07618253366, -16.47688857049, 0, 0
-17.37684558283, 101.33498208063, -22.04007444065, -18.76846516276, 88.07499821494, -16.47741667869, 0, 0
-17.37326733339, 101.33373920925, -22.04050837658, -18.77386808864, 88.07381405266, -16.47794478973, 0, 0
-17.36968927930, 101.33249614135, -22.04094220645, -18.77927102106, 88.07263004678, -16.47847290364, 0, 0
-17.36611142059, 101.33125287695, -22.04137593025, -18.78467396001, 88.07144619730, -16.47900102047, 0, 0
-17.36253375726, 101.33000941605, -22.04180954798, -18.79007690549, 88.07026250420, -16.47952914026, 0, 0
-17.35895628934, 101.32876575867, -22.04224305963, -18.79547985749, 88.06907896747, -16.48005726304, 0, 0
-17.35537901683, 101.32752190483, -22.04267646519, -18.80088281601, 88.06789558709, -16.48058538887, 0, 0
-17.35180193976, 101.32627785454, -22.04310976466, -18.80628578104, 88.06671236305, -16.48111351778, 0, 0
-17.34822505813, 101.32503360781, -22.04354295803, -18.81168875257, 88.06552929533, -16.48164164982, 0, 0
-17.34464837196, 101.32378916465, -22.04397604530, -18.81709173060, 88.06434638391, -16.48216978502, 0, 0
-17.34107188126, 101.32254452508, -22.04440902646, -18.82249471512, 88.06316362878, -16.48269792343, 0, 0
-17.33749558605, 101.32129968912, -22.04484190151, -18.82789770612, 88.06198102993, -16.48322606509, 0, 0
-17.33391948635, 101.32005465677, -22.04527467045, -18.83330070360, 88.06079858734, -16.48375421004, 0, 0
-17.33034358215, 101.31880942805, -22.04570733325, -18.83870370756, 88.05961630099, -16.48428235833, 0, 0
-17.32676787349, 101.31756400297, -22.04613988993, -18.84410671797, 88.05843417087, -16.48481050999, 0, 0
-17.32319236037, 101.31631838155, -22.04657234048, -18.84950973485, 88.05725219696, -16.48533866507, 0, 0
-17.31961704281, 101.31507256380, -22.04700468488, -18.85491275818, 88.05607037925, -16.48586682360, 0, 0
-17.31604192083, 101.31382654973, -22.04743692314, -18.86031578796, 88.05488871773, -16.48639498564, 0, 0
-17.31246699443, 101.31258033936, -22.04786905525, -18.86571882417, 88.05370721237, -16.48692315121, 0, 0
-17.30889226363, 101.31133393270, -22.04830108121, -18.87112186682, 88.05252586316, -16.48745132037, 0, 0
-17.30531772844, 101.31008732976, -22.04873300100, -18.87652491590, 88.05134467009, -16.48797949316, 0, 0
-17.30174338889, 101.30884053055, -22.04916481462, -18.88192797140, 88.05016363315, -16.48850766961, 0, 0
-17.29816924498, 101.30759353510, -22.04959652207, -18.88733103332, 88.04898275230, -16.48903584977, 0, 0
-17.29459529672, 101.30634634341, -22.05002812335, -18.89273410164, 88.04780202755, -16.48956403368, 0, 0
-17.29102154414, 101.30509895550, -22.05045961844, -18.89813717636, 88.04662145888, -16.49009222138, 0, 0
-17.28744798724, 101.30385137138, -22.05089100734, -18.90354025749, 88.04544104626, -16.49062041291, 0, 0
-17.28387462604, 101.30260359107, -22.05132229004, -18.90894334500, 88.04426078969, -16.49114860832, 0, 0
-17.28030146055, 101.30135561457, -22.05175346655, -18.91434643889, 88.04308068915, -16.49167680765, 0, 0
-17.27672849079, 101.30010744190, -22.05218453685, -18.91974953917, 88.04190074462, -16.49220501093, 0, 0
-17.27315571678, 101.29885907308, -22.05261550095, -18.92515264581, 88.04072095609, -16.49273321821, 0, 0
-17.26958313852, 101.29761050812, -22.05304635882, -18.93055575882, 88.03954132354, -16.49326142953, 0, 0
-17.26601075603, 101.29636174702, -22.05347711048, -18.93595887819, 88.03836184696, -16.49378964493, 0, 0
-17.26243856932, 101.29511278982, -22.05390775590, -18.94136200391, 88.03718252633, -16.49431786446, 0, 0
-17.25886657841, 101.29386363651, -22.05433829510, -18.94676513597, 88.03600336164, -16.49484608815, 0, 0
-17.25529478331, 101.29261428711, -22.05476872806, -18.95216827438, 88.03482435287, -16.49537431605, 0, 0
-17.25172318404, 101.29136474165, -22.05519905477, -18.95757141912, 88.03364550001, -16.49590254820, 0, 0
-17.24815178061, 101.29011500011, -22.05562927524, -18.96297457019, 88.03246680303, -16.49643078464, 0, 0
-17.24458057304, 101.28886506254, -22.05605938945, -18.96837772757, 88.03128826193, -16.49695902541, 0, 0
-17.24100956133, 101.28761492893, -22.05648939740, -18.97378089128, 88.03010987669, -16.49748727055, 0, 0
-17.23743874550, 101.28636459930, -22.05691929909, -18.97918406129, 88.02893164730, -16.49801552011, 0, 0
-17.23386812557, 101.28511407366, -22.05734909451, -18.98458723760, 88.02775357373, -16.49854377412, 0, 0
-17.23029770155, 101.28386335203, -22.05777878365, -18.98999042021, 88.02657565597, -16.49907203263, 0, 0
-17.22672747345, 101.28261243442, -22.05820836651, -18.99539360911, 88.02539789402, -16.49960029568, 0, 0
-17.22315744129, 101.28136132084, -22.05863784309, -19.00079680429, 88.02422028784, -16.50012856331, 0, 0
-17.21958760509, 101.28011001131, -22.05906721337, -19.00620000575, 88.02304283743, -16.50065683556, 0, 0
-17.21601796485, 101.27885850585, -22.05949647736, -19.01160321349, 88.02186554277, -16.50118511247, 0, 0
-17.21244852059, 101.27760680445, -22.05992563504, -19.01700642748, 88.02068840385, -16.50171339409, 0, 0
-17.20887927232, 101.27635490715, -22.06035468642, -19.02240964774, 88.01951142065, -16.50224168045, 0, 0
-17.20531022006, 101.27510281394, -22.06078363148, -19.02781287424, 88.01833459315, -16.50276997160, 0, 0
-17.20174136382, 101.27385052486, -22.06121247022, -19.03321610700, 88.01715792134, -16.50329826758, 0, 0
-17.19817270362, 101.27259803990, -22.06164120264, -19.03861934599, 88.01598140520, -16.50382656843, 0, 0
-17.19460423947, 101.27134535908, -22.06206982873, -19.04402259122, 88.01480504473, -16.50435487420, 0, 0
-17.19103597138, 101.27009248242, -22.06249834848, -19.04942584267, 88.01362883989, -16.50488318491, 0, 0
-17.18746789937, 101.26883940993, -22.06292676189, -19.05482910035, 88.01245279068, -16.50541150062, 0, 0
-17.18390002345, 101.26758614162, -22.06335506896, -19.06023236424, 88.01127689708, -16.50593982137, 0, 0
-17.18033234364, 101.26633267751, -22.06378326967, -19.06563563433, 88.01010115908, -16.50646814719, 0, 0
-17.17676485995, 101.26507901761, -22.06421136403, -19.07103891064, 88.00892557666, -16.50699647813, 0, 0
-17.17319757238, 101.26382516193, -22.06463935203, -19.07644219313, 88.00775014980, -16.50752481424, 0, 0
-17.16963048097, 101.26257111049, -22.06506723366, -19.08184548182, 88.00657487849, -16.50805315554, 0, 0
-17.16606358572, 101.26131686330, -22.06549500891, -19.08724877669, 88.00539976272, -16.50858150208, 0, 0
-17.16249688664, 101.26006242038, -22.06592267779, -19.09265207774, 88.00422480246, -16.50910985391, 0, 0
-17.15893038375, 101.25880778173, -22.06635024028, -19.09805538496, 88.00304999770, -16.50963821107, 0, 0
-17.15536407706, 101.25755294737, -22.06677769638, -19.10345869834, 88.00187534843, -16.51016657359, 0, 0
-17.15179796659, 101.25629791732, -22.06720504609, -19.10886201789, 88.00070085464, -16.51069494152, 0, 0
-17.14823205235, 101.25504269159, -22.06763228940, -19.11426534358, 87.99952651629, -16.51122331490, 0, 0
-17.14466633435, 101.25378727019, -22.06805942630, -19.11966867543, 87.99835233339, -16.51175169377, 0, 0
-17.14110081262, 101.25253165314, -22.06848645679, -19.12507201341, 87.99717830591, -16.51228007818, 0, 0
-17.13753548715, 101.25127584045, -22.06891338087, -19.13047535753, 87.99600443384, -16.51280846815, 0, 0
-17.13397035797, 101.25001983213, -22.06934019852, -19.13587870777, 87.99483071716, -16.51333686374, 0, 0
-17.13040542509, 101.24876362819, -22.06976690975, -19.14128206414, 87.99365715586, -16.51386526499, 0, 0
-17.12684068852, 101.24750722866, -22.07019351454, -19.14668542662, 87.99248374992, -16.51439367193, 0, 0
-17.12327614828, 101.24625063354, -22.07062001289, -19.15208879521, 87.99131049933, -16.51492208461, 0, 0
-17.11971180438, 101.24499384284, -22.07104640480, -19.15749216991, 87.99013740407, -16.51545050308, 0, 0
-17.11614765683, 101.24373685659, -22.07147269027, -19.16289555070, 87.98896446412, -16.51597892736, 0, 0
-17.11258370565, 101.24247967480, -22.07189886927, -19.16829893758, 87.98779167947, -16.51650735750, 0, 0
-17.10901995086, 101.24122229747, -22.07232494182, -19.17370233055, 87.98661905011, -16.51703579355, 0, 0
-17.10545639246, 101.23996472462, -22.07275090790, -19.17910572959, 87.98544657601, -16.51756423554, 0, 0
-17.10189303047, 101.23870695627, -22.07317676752, -19.18450913470, 87.98427425716, -16.51809268352, 0, 0
-17.09832986491, 101.23744899243, -22.07360252065, -19.18991254589, 87.98310209355, -16.51862113753, 0, 0
-17.09476689578, 101.23619083311, -22.07402816731, -19.19531596313, 87.98193008516, -16.51914959760, 0, 0
-17.09120412310, 101.23493247832, -22.07445370748, -19.20071938642, 87.98075823198, -16.51967806379, 0, 0
-17.08764154689, 101.23367392809, -22.07487914115, -19.20612281576, 87.97958653398, -16.52020653612, 0, 0
-17.08407916716, 101.23241518242, -22.07530446833, -19.21152625115, 87.97841499116, -16.52073501465, 0, 0
-17.08051698391, 101.23115624133, -22.07572968900, -19.21692969256, 87.97724360350, -16.52126349941, 0, 0
-17.07695499718, 101.22989710483, -22.07615480317, -19.22233314001, 87.97607237097, -16.52179199044, 0, 0
-17.07339320696, 101.22863777293, -22.07657981082, -19.22773659348, 87.97490129358, -16.52232048779, 0, 0
-17.06983161328, 101.22737824565, -22.07700471196, -19.23314005296, 87.97373037129, -16.52284899149, 0, 0
-17.06627021615, 101.22611852300, -22.07742950656, -19.23854351846, 87.97255960410, -16.52337750160, 0, 0
-17.06270901558, 101.22485860500, -22.07785419464, -19.24394698996, 87.97138899199, -16.52390601814, 0, 0
-17.05914801158, 101.22359849166, -22.07827877619, -19.24935046745, 87.97021853494, -16.52443454116, 0, 0
-17.05558720417, 101.22233818299, -22.07870325119, -19.25475395094, 87.96904823294, -16.52496307071, 0, 0
-17.05202659336, 101.22107767900, -22.07912761964, -19.26015744041, 87.96787808597, -16.52549160681, 0, 0
-17.04846617917, 101.21981697972, -22.07955188155, -19.26556093586, 87.96670809402, -16.52602014952, 0, 0
-17.04490596160, 101.21855608515, -22.07997603689, -19.27096443729, 87.96553825706, -16.52654869888, 0, 0
-17.04134594068, 101.21729499531, -22.08040008568, -19.27636794468, 87.96436857509, -16.52707725492, 0, 0
-17.03778611642, 101.21603371020, -22.08082402789, -19.28177145803, 87.96319904809, -16.52760581769, 0, 0
-17.03422648883, 101.21477222986, -22.08124786354, -19.28717497734, 87.96202967605, -16.52813438722, 0, 0
-17.03066705792, 101.21351055428, -22.08167159260, -19.29257850260, 87.96086045894, -16.52866296356, 0, 0
-17.02710782371, 101.21224868348, -22.08209521508, -19.29798203379, 87.95969139675, -16.52919154676, 0, 0
-17.02354878621, 101.21098661748, -22.08251873097, -19.30338557093, 87.95852248947, -16.52972013684, 0, 0
-17.01998994543, 101.20972435628, -22.08294214026, -19.30878911399, 87.95735373707, -16.53024873386, 0, 0
-17.01643130140, 101.20846189991, -22.08336544296, -19.31419266298, 87.95618513955, -16.53077733785, 0, 0
-17.01287285411, 101.20719924838, -22.08378863905, -19.31959621788, 87.95501669689, -16.53130594886, 0, 0
-17.00931460360, 101.20593640169, -22.08421172853, -19.32499977869, 87.95384840907, -16.53183456692, 0, 0
-17.00575654986, 101.20467335987, -22.08463471139, -19.33040334541, 87.95268027608, -16.53236319207, 0, 0
-17.00219869291, 101.20341012293, -22.08505758763, -19.33580691803, 87.95151229789, -16.53289182437, 0, 0
-16.99864103278, 101.20214669088, -22.08548035724, -19.34121049655, 87.95034447451, -16.53342046384, 0, 0
-16.99508356946, 101.20088306373, -22.08590302022, -19.34661408094, 87.94917680590, -16.53394911053, 0, 0
-16.99152630297, 101.19961924151, -22.08632557656, -19.35201767122, 87.94800929205, -16.53447776449, 0, 0
-16.98796923334, 101.19835522421, -22.08674802625, -19.35742126738, 87.94684193295, -16.53500642574, 0, 0
-16.98441236056, 101.19709101186, -22.08717036930, -19.36282486940, 87.94567472858, -16.53553509434, 0, 0
-16.98085568466, 101.19582660447, -22.08759260569, -19.36822847728, 87.94450767893, -16.53606377032, 0, 0
-16.97729920565, 101.19456200205, -22.08801473543, -19.37363209102, 87.94334078398, -16.53659245372, 0, 0
-16.97374292354, 101.19329720462, -22.08843675849, -19.37903571061, 87.94217404371, -16.53712114460, 0, 0
-16.97018683834, 101.19203221219, -22.08885867489, -19.38443933604, 87.94100745811, -16.53764984297, 0, 0
-16.96663095007, 101.19076702478, -22.08928048461, -19.38984296731, 87.93984102716, -16.53817854890, 0, 0
-16.96307525875, 101.18950164239, -22.08970218765, -19.39524660442, 87.93867475084, -16.53870726241, 0, 0
-16.95951976438, 101.18823606505, -22.09012378401, -19.40065024734, 87.93750862915, -16.53923598355, 0, 0
-16.95596446698, 101.18697029276, -22.09054527367, -19.40605389609, 87.93634266206, -16.53976471237, 0, 0
-16.95240936656, 101.18570432554, -22.09096665663, -19.41145755065, 87.93517684955, -16.54029344889, 0, 0
-16.94885446314, 101.18443816340, -22.09138793289, -19.41686121101, 87.93401119162, -16.54082219317, 0, 0
-16.94529975673, 101.18317180636, -22.09180910244, -19.42226487718, 87.93284568825, -16.54135094523, 0, 0
-16.94174524735, 101.18190525443, -22.09223016528, -19.42766854914, 87.93168033942, -16.54187970514, 0, 0
-16.93819093500, 101.18063850762, -22.09265112140, -19.43307222689, 87.93051514511, -16.54240847292, 0, 0
-16.93463681970, 101.17937156595, -22.09307197079, -19.43847591042, 87.92935010531, -16.54293724861, 0, 0
-16.93108290146, 101.17810442943, -22.09349271345, -19.44387959973, 87.92818522000, -16.54346603226, 0, 0
-16.92752918031, 101.17683709808, -22.09391334938, -19.44928329480, 87.92702048917, -16.54399482391, 0, 0
-16.92397565624, 101.17556957191, -22.09433387857, -19.45468699564, 87.92585591280, -16.54452362360, 0, 0
-16.92042232928, 101.17430185093, -22.09475430101, -19.46009070224, 87.92469149087, -16.54505243136, 0, 0
-16.91686919943, 101.17303393515, -22.09517461670, -19.46549441459, 87.92352722337, -16.54558124725, 0, 0
-16.91331626672, 101.17176582460, -22.09559482563, -19.47089813269, 87.92236311029, -16.54611007130, 0, 0
-16.90976353115, 101.17049751928, -22.09601492780, -19.47630185652, 87.92119915160, -16.54663890355, 0, 0
-16.90621099274, 101.16922901921, -22.09643492320, -19.48170558609, 87.92003534729, -16.54716774404, 0, 0
-16.90265865150, 101.16796032440, -22.09685481183, -19.48710932139, 87.91887169735, -16.54769659281, 0, 0
-16.89910650745, 101.16669143486, -22.09727459368, -19.49251306240, 87.91770820176, -16.54822544991, 0, 0
-16.89555456059, 101.16542235061, -22.09769426875, -19.49791680913, 87.91654486050, -16.54875431538, 0, 0
-16.89200281095, 101.16415307167, -22.09811383702, -19.50332056157, 87.91538167355, -16.54928318925, 0, 0
-16.88845125853, 101.16288359804, -22.09853329851, -19.50872431972, 87.91421864091, -16.54981207157, 0, 0
-16.88489990335, 101.16161392974, -22.09895265319, -19.51412808356, 87.91305576255, -16.55034096238, 0, 0
-16.88134874543, 101.16034406679, -22.09937190106, -19.51953185309, 87.91189303846, -16.55086986171, 0, 0
-16.87779778476, 101.15907400919, -22.09979104213, -19.52493562830, 87.91073046862, -16.55139876962, 0, 0
-16.87424702138, 101.15780375696, -22.10021007638, -19.53033940919, 87.90956805302, -16.55192768613, 0, 0
-16.87069645529, 101.15653331012, -22.10062900380, -19.53574319576, 87.90840579164, -16.55245661130, 0, 0
-16.86714608651, 101.15526266868, -22.10104782440, -19.54114698799, 87.90724368446, -16.55298554515, 0, 0
-16.86359591504, 101.15399183265, -22.10146653817, -19.54655078588, 87.90608173147, -16.55351448774, 0, 0
-16.86004594091, 101.15272080205, -22.10188514510, -19.55195458942, 87.90491993266, -16.55404343911, 0, 0
-16.85649616412, 101.15144957688, -22.10230364518, -19.55735839861, 87.90375828800, -16.55457239928, 0, 0
-16.85294658469, 101.15017815717, -22.10272203842, -19.56276221345, 87.90259679748, -16.55510136831, 0, 0
-16.84939720264, 101.14890654293, -22.10314032480, -19.56816603392, 87.90143546108, -16.55563034624, 0, 0
-16.84584801797, 101.14763473417, -22.10355850433, -19.57356986001, 87.90027427879, -16.55615933310, 0, 0
-16.84229903070, 101.14636273091, -22.10397657698, -19.57897369174, 87.89911325060, -16.55668832894, 0, 0
-16.83875024084, 101.14509053315, -22.10439454277, -19.58437752908, 87.89795237648, -16.55721733380, 0, 0
-16.83520164840, 101.14381814092, -22.10481240168, -19.58978137203, 87.89679165642, -16.55774634772, 0, 0
-16.83165325341, 101.14254555422, -22.10523015371, -19.59518522058, 87.89563109040, -16.55827537073, 0, 0
-16.82810505587, 101.14127277308, -22.10564779886, -19.60058907474, 87.89447067841, -16.55880440289, 0, 0
-16.82455705579, 101.13999979749, -22.10606533711, -19.60599293448, 87.89331042043, -16.55933344422, 0, 0
-16.82100925320, 101.13872662749, -22.10648276847, -19.61139679982, 87.89215031645, -16.55986249478, 0, 0
-16.81746164809, 101.13745326308, -22.10690009292, -19.61680067073, 87.89099036645, -16.56039155459, 0, 0
-16.81391424049, 101.13617970427, -22.10731731046, -19.62220454722, 87.88983057041, -16.56092062371, 0, 0
-16.81036703041, 101.13490595108, -22.10773442109, -19.62760842928, 87.88867092832, -16.56144970218, 0, 0
-16.80682001787, 101.13363200353, -22.10815142481, -19.63301231690, 87.88751144015, -16.56197879002, 0, 0
-16.80327320286, 101.13235786162, -22.10856832159, -19.63841621008, 87.88635210590, -16.56250788729, 0, 0
-16.79972658542, 101.13108352537, -22.10898511145, -19.64382010880, 87.88519292555, -16.56303699403, 0, 0
-16.79618016555, 101.12980899480, -22.10940179438, -19.64922401308, 87.88403389909, -16.56356611027, 0, 0
-16.79263394326, 101.12853426992, -22.10981837036, -19.65462792289, 87.88287502649, -16.56409523606, 0, 0
-16.78908791857, 101.12725935074, -22.11023483939, -19.66003183823, 87.88171630773, -16.56462437144, 0, 0
-16.78554209150, 101.12598423727, -22.11065120148, -19.66543575910, 87.88055774282, -16.56515351644, 0, 0
-16.78199646205, 101.12470892953, -22.11106745661, -19.67083968549, 87.87939933172, -16.56568267111, 0, 0
-16.77845103023, 101.12343342754, -22.11148360478, -19.67624361739, 87.87824107442, -16.56621183549, 0, 0
-16.77490579607, 101.12215773131, -22.11189964598, -19.68164755480, 87.87708297090, -16.56674100962, 0, 0
-16.77136075957, 101.12088184084, -22.11231558021, -19.68705149771, 87.87592502116, -16.56727019354, 0, 0
-16.76781592075, 101.11960575616, -22.11273140745, -19.69245544612, 87.87476722517, -16.56779938729, 0, 0
-16.76427127962, 101.11832947728, -22.11314712772, -19.69785940001, 87.87360958291, -16.56832859091, 0, 0
-16.76072683620, 101.11705300421, -22.11356274100, -19.70326335940, 87.87245209438, -16.56885780444, 0, 0
-16.75718259049, 101.11577633697, -22.11397824728, -19.70866732425, 87.87129475954, -16.56938702792, 0, 0
-16.75363854251, 101.11449947557, -22.11439364656, -19.71407129458, 87.87013757840, -16.56991626140, 0, 0
-16.75009469228, 101.11322242003, -22.11480893884, -19.71947527038, 87.86898055093, -16.57044550491, 0, 0
-16.74655103980, 101.11194517035, -22.11522412411, -19.72487925164, 87.86782367711, -16.57097475849, 0, 0
-16.74300758510, 101.11066772655, -22.11563920236, -19.73028323834, 87.86666695694, -16.57150402219, 0, 0
-16.73946432818, 101.10939008865, -22.11605417359, -19.73568723050, 87.86551039038, -16.57203329604, 0, 0
-16.73592126905, 101.10811225666, -22.11646903780, -19.74109122810, 87.86435397743, -16.57256258009, 0, 0
-16.73237840773, 101.10683423059, -22.11688379497, -19.74649523113, 87.86319771808, -16.57309187437, 0, 0
-16.72883574424, 101.10555601046, -22.11729844510, -19.75189923959, 87.86204161229, -16.57362117893, 0, 0
-16.72529327858, 101.10427759628, -22.11771298819, -19.75730325348, 87.86088566007, -16.57415049381, 0, 0
-16.72175101077, 101.10299898807, -22.11812742424, -19.76270727278, 87.85972986138, -16.57467981905, 0, 0
-16.71820894082, 101.10172018583, -22.11854175323, -19.76811129749, 87.85857421622, -16.57520915468, 0, 0
-16.71466706875, 101.10044118959, -22.11895597516, -19.77351532761, 87.85741872457, -16.57573850075, 0, 0
-16.71112539456, 101.09916199935, -22.11937009003, -19.77891936313, 87.85626338642, -16.57626785730, 0, 0
-16.70758391828, 101.09788261514, -22.11978409783, -19.78432340404, 87.85510820174, -16.57679722437, 0, 0
-16.70404263991, 101.09660303695, -22.12019799855, -19.78972745034, 87.85395317052, -16.57732660200, 0, 0
-16.70050155947, 101.09532326482, -22.12061179219, -19.79513150201, 87.85279829274, -16.57785599022, 0, 0
-16.69696067697, 101.09404329875, -22.12102547875, -19.80053555907, 87.85164356839, -16.57838538909, 0, 0
-16.69341999242, 101.09276313875, -22.12143905821, -19.80593962149, 87.85048899745, -16.57891479864, 0, 0
-16.68987950584, 101.09148278485, -22.12185253058, -19.81134368927, 87.84933457991, -16.57944421892, 0, 0
-16.68633921724, 101.09020223704, -22.12226589585, -19.81674776242, 87.84818031575, -16.57997364995, 0, 0
-16.68279912664, 101.08892149536, -22.12267915401, -19.82215184091, 87.84702620494, -16.58050309178, 0, 0
-16.67925923403, 101.08764055980, -22.12309230506, -19.82755592474, 87.84587224749, -16.58103254446, 0, 0
-16.67571953945, 101.08635943040, -22.12350534899, -19.83296001392, 87.84471844336, -16.58156200802, 0, 0
-16.67218004290, 101.08507810715, -22.12391828579, -19.83836410843, 87.84356479255, -16.58209148251, 0, 0
-16.66864074440, 101.08379659007, -22.12433111547, -19.84376820827, 87.84241129503, -16.58262096796, 0, 0
-16.66510164395, 101.08251487918, -22.12474383801, -19.84917231342, 87.84125795079, -16.58315046441, 0, 0
-16.66156274157, 101.08123297449, -22.12515645342, -19.85457642389, 87.84010475982, -16.58367997191, 0, 0
-16.65802403728, 101.07995087602, -22.12556896168, -19.85998053967, 87.83895172209, -16.58420949049, 0, 0
-16.65448553109, 101.07866858377, -22.12598136279, -19.86538466075, 87.83779883760, -16.58473902020, 0, 0
-16.65094722301, 101.07738609777, -22.12639365674, -19.87078878713, 87.83664610632, -16.58526856107, 0, 0
-16.64740911304, 101.07610341802, -22.12680584353, -19.87619291880, 87.83549352824, -16.58579811315, 0, 0
-16.64387120122, 101.07482054455, -22.12721792316, -19.88159705576, 87.83434110334, -16.58632767648, 0, 0
-16.64033348755, 101.07353747735, -22.12762989561, -19.88700119799, 87.83318883161, -16.58685725109, 0, 0
-16.63679597203, 101.07225421646, -22.12804176089, -19.89240534549, 87.83203671302, -16.58738683703, 0, 0
-16.63325865469, 101.07097076188, -22.12845351898, -19.89780949827, 87.83088474757, -16.58791643434, 0, 0
-16.62972153554, 101.06968711362, -22.12886516989, -19.90321365630, 87.82973293524, -16.58844604305, 0, 0
-16.62618461460, 101.06840327170, -22.12927671360, -19.90861781959, 87.82858127600, -16.58897566321, 0, 0
-16.62264789186, 101.06711923614, -22.12968815011, -19.91402198812, 87.82742976985, -16.58950529486, 0, 0
-16.61911136735, 101.06583500695, -22.13009947942, -19.91942616190, 87.82627841677, -16.59003493804, 0, 0
-16.61557504109, 101.06455058413, -22.13051070152, -19.92483034092, 87.82512721674, -16.59056459279, 0, 0
-16.61203891307, 101.06326596772, -22.13092181641, -19.93023452516, 87.82397616974, -16.59109425915, 0, 0
-16.60850298332, 101.06198115771, -22.13133282407, -19.93563871463, 87.82282527576, -16.59162393715, 0, 0
-16.60496725185, 101.06069615412, -22.13174372452, -19.94104290932, 87.82167453478, -16.59215362685, 0, 0
-16.60143171868, 101.05941095697, -22.13215451772, -19.94644710922, 87.82052394678, -16.59268332828, 0, 0
-16.59789638380, 101.05812556628, -22.13256520370, -19.95185131433, 87.81937351176, -16.59321304147, 0, 0
-16.59436124725, 101.05683998205, -22.13297578243, -19.95725552464, 87.81822322969, -16.59374276648, 0, 0
-16.59082630902, 101.05555420429, -22.13338625391, -19.96265974015, 87.81707310055, -16.59427250333, 0, 0
-16.58729156914, 101.05426823303, -22.13379661815, -19.96806396084, 87.81592312433, -16.59480225208, 0, 0
-16.58375702761, 101.05298206828, -22.13420687512, -19.97346818672, 87.81477330101, -16.59533201276, 0, 0
-16.58022268446, 101.05169571005, -22.13461702483, -19.97887241777, 87.81362363058, -16.59586178541, 0, 0
-16.57668853968, 101.05040915835, -22.13502706728, -19.98427665399, 87.81247411302, -16.59639157007, 0, 0
-16.57315459330, 101.04912241321, -22.13543700244, -19.98968089538, 87.81132474831, -16.59692136678, 0, 0
-16.56962084533, 101.04783547462, -22.13584683033, -19.99508514193, 87.81017553644, -16.59745117559, 0, 0
-16.56608729578, 101.04654834261, -22.13625655094, -20.00048939363, 87.80902647739, -16.59798099652, 0, 0
-16.56255394466, 101.04526101719, -22.13666616426, -20.00589365047, 87.80787757114, -16.59851082963, 0, 0
-16.55902079199, 101.04397349838, -22.13707567028, -20.01129791246, 87.80672881768, -16.59904067495, 0, 0
-16.55548783778, 101.04268578619, -22.13748506899, -20.01670217958, 87.80558021699, -16.59957053253, 0, 0
-16.55195508204, 101.04139788062, -22.13789436041, -20.02210645184, 87.80443176905, -16.60010040239, 0, 0
-16.54842252479, 101.04010978171, -22.13830354451, -20.02751072921, 87.80328347385, -16.60063028459, 0, 0
-16.54489016603, 101.03882148945, -22.13871262130, -20.03291501170, 87.80213533137, -16.60116017916, 0, 0
-16.54135800578, 101.03753300387, -22.13912159076, -20.03831929931, 87.80098734160, -16.60169008615, 0, 0
-16.53782604406, 101.03624432498, -22.13953045289, -20.04372359201, 87.79983950451, -16.60222000558, 0, 0
-16.53429428087, 101.03495545279, -22.13993920770, -20.04912788982, 87.79869182009, -16.60274993752, 0, 0
-16.53076271623, 101.03366638731, -22.14034785516, -20.05453219272, 87.79754428833, -16.60327988198, 0, 0
-16.52723135016, 101.03237712857, -22.14075639528, -20.05993650071, 87.79639690921, -16.60380983902, 0, 0
-16.52370018266, 101.03108767657, -22.14116482805, -20.06534081378, 87.79524968271, -16.60433980867, 0, 0
-16.52016921374, 101.02979803133, -22.14157315347, -20.07074513192, 87.79410260881, -16.60486979098, 0, 0
-16.51663844343, 101.02850819286, -22.14198137153, -20.07614945514, 87.79295568750, -16.60539978598, 0, 0
-16.51310787173, 101.02721816118, -22.14238948222, -20.08155378342, 87.79180891876, -16.60592979371, 0, 0
-16.50957749865, 101.02592793630, -22.14279748555, -20.08695811675, 87.79066230258, -16.60645981422, 0, 0
-16.50604732421, 101.02463751823, -22.14320538149, -20.09236245514, 87.78951583894, -16.60698984754, 0, 0
-16.50251734843, 101.02334690699, -22.14361317006, -20.09776679857, 87.78836952782, -16.60751989371, 0, 0
-16.49898757131, 101.02205610259, -22.14402085124, -20.10317114704, 87.78722336920, -16.60804995278, 0, 0
-16.49545799286, 101.02076510505, -22.14442842502, -20.10857550055, 87.78607736307, -16.60858002479, 0, 0
-16.49192861310, 101.01947391437, -22.14483589141, -20.11397985908, 87.78493150942, -16.60911010976, 0, 0
-16.48839943205, 101.01818253059, -22.14524325040, -20.11938422264, 87.78378580822, -16.60964020776, 0, 0
-16.48487044971, 101.01689095370, -22.14565050198, -20.12478859121, 87.78264025945, -16.61017031880, 0, 0
-16.48134166610, 101.01559918372, -22.14605764615, -20.13019296479, 87.78149486311, -16.61070044294, 0, 0
-16.47781308123, 101.01430722067, -22.14646468289, -20.13559734338, 87.78034961918, -16.61123058022, 0, 0
-16.47428469511, 101.01301506456, -22.14687161222, -20.14100172696, 87.77920452763, -16.61176073067, 0, 0
-16.47075650776, 101.01172271540, -22.14727843411, -20.14640611554, 87.77805958846, -16.61229089433, 0, 0
-16.46722851919, 101.01043017321, -22.14768514857, -20.15181050910, 87.77691480164, -16.61282107125, 0, 0
-16.46370072941, 101.00913743801, -22.14809175559, -20.15721490764, 87.77577016716, -16.61335126146, 0, 0
-16.46017313843, 101.00784450980, -22.14849825516, -20.16261931116, 87.77462568500, -16.61388146501, 0, 0
-16.45664574627, 101.00655138860, -22.14890464729, -20.16802371965, 87.77348135515, -16.61441168193, 0, 0
-16.45311855293, 101.00525807442, -22.14931093195, -20.17342813310, 87.77233717759, -16.61494191227, 0, 0
-16.44959155844, 101.00396456728, -22.14971710916, -20.17883255150, 87.77119315230, -16.61547215606, 0, 0
-16.44606476281, 101.00267086720, -22.15012317889, -20.18423697486, 87.77004927926, -16.61600241334, 0, 0
-16.44253816604, 101.00137697418, -22.15052914116, -20.18964140316, 87.76890555846, -16.61653268416, 0, 0
-16.43901176815, 101.00008288824, -22.15093499595, -20.19504583640, 87.76776198989, -16.61706296855, 0, 0
-16.43548556915, 100.99878860940, -22.15134074325, -20.20045027457, 87.76661857352, -16.61759326655, 0, 0
-16.43195956906, 100.99749413766, -22.15174638307, -20.20585471767, 87.76547530934, -16.61812357821, 0, 0
-16.42843376789, 100.99619947305, -22.15215191539, -20.21125916569, 87.76433219733, -16.61865390357, 0, 0
-16.42490816565, 100.99490461557, -22.15255734022, -20.21666361863, 87.76318923747, -16.61918424265, 0, 0
-16.42138276234, 100.99360956524, -22.15296265754, -20.22206807647, 87.76204642975, -16.61971459551, 0, 0
-16.41785755800, 100.99231432208, -22.15336786735, -20.22747253922, 87.76090377416, -16.62024496219, 0, 0
-16.41433255262, 100.99101888610, -22.15377296964, -20.23287700687, 87.75976127067, -16.62077534271, 0, 0
-16.41080774623, 100.98972325731, -22.15417796442, -20.23828147941, 87.75861891927, -16.62130573713, 0, 0
-16.40728313883, 100.98842743573, -22.15458285167, -20.24368595683, 87.75747671993, -16.62183614549, 0, 0
-16.40375873043, 100.98713142136, -22.15498763138, -20.24909043914, 87.75633467266, -16.62236656781, 0, 0
-16.40023452105, 100.98583521423, -22.15539230356, -20.25449492632, 87.75519277742, -16.62289700415, 0, 0
-16.39671051071, 100.98453881436, -22.15579686820, -20.25989941836, 87.75405103420, -16.62342745454, 0, 0
-16.39318669940, 100.98324222174, -22.15620132530, -20.26530391527, 87.75290944299, -16.62395791903, 0, 0
-16.38966308716, 100.98194543640, -22.15660567483, -20.27070841704, 87.75176800376, -16.62448839764, 0, 0
-16.38613967398, 100.98064845835, -22.15700991682, -20.27611292365, 87.75062671651, -16.62501889043, 0, 0
-16.38261645989, 100.97935128761, -22.15741405123, -20.28151743511, 87.74948558121, -16.62554939743, 0, 0
-16.37909344488, 100.97805392419, -22.15781807808, -20.28692195141, 87.74834459784, -16.62607991869, 0, 0
-16.37557062899, 100.97675636809, -22.15822199736, -20.29232647254, 87.74720376640, -16.62661045423, 0, 0
-16.37204801221, 100.97545861935, -22.15862580905, -20.29773099850, 87.74606308686, -16.62714100411, 0, 0
-16.36852559457, 100.97416067797, -22.15902951317, -20.30313552927, 87.74492255920, -16.62767156835, 0, 0
-16.36500337607, 100.97286254396, -22.15943310969, -20.30854006487, 87.74378218342, -16.62820214701, 0, 0
-16.36148135672, 100.97156421735, -22.15983659861, -20.31394460527, 87.74264195949, -16.62873274012, 0, 0
-16.35795953655, 100.97026569813, -22.16023997994, -20.31934915048, 87.74150188739, -16.62926334772, 0, 0
-16.35443791556, 100.96896698634, -22.16064325366, -20.32475370048, 87.74036196712, -16.62979396985, 0, 0
-16.35091649376, 100.96766808198, -22.16104641976, -20.33015825528, 87.73922219864, -16.63032460655, 0, 0
-16.34739527117, 100.96636898506, -22.16144947825, -20.33556281486, 87.73808258196, -16.63085525786, 0, 0
-16.34387424779, 100.96506969560, -22.16185242912, -20.34096737922, 87.73694311704, -16.63138592382, 0, 0
-16.34035342365, 100.96377021362, -22.16225527236, -20.34637194835, 87.73580380387, -16.63191660447, 0, 0
-16.33683279875, 100.96247053912, -22.16265800797, -20.35177652225, 87.73466464244, -16.63244729984, 0, 0
-16.33331237311, 100.96117067213, -22.16306063594, -20.35718110092, 87.73352563273, -16.63297800999, 0, 0
-16.32979214674, 100.95987061265, -22.16346315627, -20.36258568434, 87.73238677472, -16.63350873494, 0, 0
-16.32627211965, 100.95857036070, -22.16386556895, -20.36799027251, 87.73124806839, -16.63403947475, 0, 0
-16.32275229186, 100.95726991630, -22.16426787397, -20.37339486543, 87.73010951373, -16.63457022944, 0, 0
-16.31923266337, 100.95596927946, -22.16467007133, -20.37879946308, 87.72897111072, -16.63510099906, 0, 0
-16.31571323420, 100.95466845019, -22.16507216103, -20.38420406547, 87.72783285934, -16.63563178364, 0, 0
-16.31219400436, 100.95336742851, -22.16547414306, -20.38960867258, 87.72669475959, -16.63616258324, 0, 0
-16.30867497386, 100.95206621442, -22.16587601741, -20.39501328442, 87.72555681143, -16.63669339788, 0, 0
-16.30515614272, 100.95076480796, -22.16627778409, -20.40041790097, 87.72441901485, -16.63722422760, 0, 0
-16.30163751095, 100.94946320912, -22.16667944307, -20.40582252223, 87.72328136984, -16.63775507246, 0, 0
-16.29811907856, 100.94816141792, -22.16708099437, -20.41122714820, 87.72214387639, -16.63828593247, 0, 0
-16.29460084557, 100.94685943439, -22.16748243796, -20.41663177886, 87.72100653446, -16.63881680770, 0, 0
-16.29108281198, 100.94555725852, -22.16788377386, -20.42203641421, 87.71986934405, -16.63934769817, 0, 0
-16.28756497780, 100.94425489034, -22.16828500204, -20.42744105425, 87.71873230513, -16.63987860392, 0, 0
-16.28404734306, 100.94295232986, -22.16868612252, -20.43284569897, 87.71759541770, -16.64040952500, 0, 0
-16.28052990776, 100.94164957709, -22.16908713527, -20.43825034837, 87.71645868174, -16.64094046144, 0, 0
-16.27701267192, 100.94034663205, -22.16948804031, -20.44365500243, 87.71532209722, -16.64147141328, 0, 0
-16.27349563555, 100.93904349476, -22.16988883761, -20.44905966115, 87.71418566413, -16.64200238057, 0, 0
-16.26997879865, 100.93774016522, -22.17028952718, -20.45446432454, 87.71304938245, -16.64253336334, 0, 0
-16.26646216125, 100.93643664345, -22.17069010901, -20.45986899257, 87.71191325218, -16.64306436163, 0, 0
-16.26294572335, 100.93513292946, -22.17109058309, -20.46527366525, 87.71077727328, -16.64359537549, 0, 0
-16.25942948497, 100.93382902328, -22.17149094942, -20.47067834257, 87.70964144574, -16.64412640494, 0, 0
-16.25591344612, 100.93252492490, -22.17189120800, -20.47608302452, 87.70850576955, -16.64465745004, 0, 0
-16.25239760681, 100.93122063436, -22.17229135882, -20.48148771110, 87.70737024469, -16.64518851082, 0, 0
-16.24888196705, 100.92991615165, -22.17269140187, -20.48689240230, 87.70623487115, -16.64571958732, 0, 0
-16.24536652686, 100.92861147680, -22.17309133714, -20.49229709811, 87.70509964889, -16.64625067958, 0, 0
-16.24185128625, 100.92730660982, -22.17349116465, -20.49770179854, 87.70396457792, -16.64678178763, 0, 0
-16.23833624523, 100.92600155073, -22.17389088436, -20.50310650357, 87.70282965820, -16.64731291153, 0, 0
-16.23482140382, 100.92469629953, -22.17429049629, -20.50851121320, 87.70169488973, -16.64784405130, 0, 0
-16.23130676202, 100.92339085624, -22.17469000043, -20.51391592742, 87.70056027249, -16.64837520700, 0, 0
-16.22779231985, 100.92208522088, -22.17508939677, -20.51932064623, 87.69942580645, -16.64890637865, 0, 0
-16.22427807731, 100.92077939346, -22.17548868531, -20.52472536962, 87.69829149161, -16.64943756629, 0, 0
-16.22076403443, 100.91947337399, -22.17588786603, -20.53013009759, 87.69715732795, -16.64996876998, 0, 0
-16.21725019122, 100.91816716250, -22.17628693894, -20.53553483012, 87.69602331544, -16.65049998974, 0, 0
-16.21373654768, 100.91686075898, -22.17668590404, -20.54093956722, 87.69488945408, -16.65103122561, 0, 0
-16.21022310384, 100.91555416346, -22.17708476130, -20.54634430888, 87.69375574384, -16.65156247764, 0, 0
-16.20670985969, 100.91424737596, -22.17748351074, -20.55174905509, 87.69262218470, -16.65209374586, 0, 0
-16.20319681526, 100.91294039648, -22.17788215234, -20.55715380584, 87.69148877666, -16.65262503032, 0, 0
-16.19968397055, 100.91163322503, -22.17828068610, -20.56255856114, 87.69035551969, -16.65315633105, 0, 0
-16.19617132558, 100.91032586165, -22.17867911201, -20.56796332096, 87.68922241378, -16.65368764810, 0, 0
-16.19265888037, 100.90901830633, -22.17907743007, -20.57336808532, 87.68808945891, -16.65421898149, 0, 0
-16.18914663491, 100.90771055909, -22.17947564028, -20.57877285420, 87.68695665506, -16.65475033128, 0, 0
-16.18563458923, 100.90640261994, -22.17987374262, -20.58417762760, 87.68582400221, -16.65528169750, 0, 0
-16.18212274334, 100.90509448891, -22.18027173709, -20.58958240551, 87.68469150036, -16.65581308019, 0, 0
-16.17861109725, 100.90378616601, -22.18066962369, -20.59498718793, 87.68355914947, -16.65634447939, 0, 0
-16.17509965097, 100.90247765124, -22.18106740241, -20.60039197484, 87.68242694954, -16.65687589514, 0, 0
-16.17158840451, 100.90116894462, -22.18146507325, -20.60579676625, 87.68129490054, -16.65740732747, 0, 0
-16.16807735789, 100.89986004617, -22.18186263620, -20.61120156215, 87.68016300247, -16.65793877644, 0, 0
-16.16456651112, 100.89855095591, -22.18226009125, -20.61660636253, 87.67903125530, -16.65847024207, 0, 0
-16.16105586421, 100.89724167383, -22.18265743841, -20.62201116738, 87.67789965901, -16.65900172441, 0, 0
-16.15754541717, 100.89593219997, -22.18305467766, -20.62741597671, 87.67676821359, -16.65953322350, 0, 0
-16.15403517002, 100.89462253433, -22.18345180899, -20.63282079050, 87.67563691902, -16.66006473937, 0, 0
-16.15052512276, 100.89331267693, -22.18384883242, -20.63822560875, 87.67450577529, -16.66059627207, 0, 0
-16.14701527541, 100.89200262779, -22.18424574792, -20.64363043146, 87.67337478237, -16.66112782163, 0, 0
-16.14350562799, 100.89069238691, -22.18464255549, -20.64903525861, 87.67224394025, -16.66165938810, 0, 0
-16.13999618049, 100.88938195431, -22.18503925514, -20.65444009020, 87.67111324892, -16.66219097151, 0, 0
-16.13648693295, 100.88807133000, -22.18543584684, -20.65984492623, 87.66998270835, -16.66272257190, 0, 0
-16.13297788536, 100.88676051400, -22.18583233061, -20.66524976669, 87.66885231853, -16.66325418931, 0, 0
-16.12946903774, 100.88544950633, -22.18622870642, -20.67065461158, 87.66772207944, -16.66378582379, 0, 0
-16.12596039010, 100.88413830700, -22.18662497428, -20.67605946088, 87.66659199107, -16.66431747536, 0, 0
-16.12245194246, 100.88282691601, -22.18702113419, -20.68146431460, 87.66546205339, -16.66484914408, 0, 0
-16.11894369482, 100.88151533340, -22.18741718613, -20.68686917272, 87.66433226639, -16.66538082997, 0, 0
-16.11543564720, 100.88020355916, -22.18781313010, -20.69227403525, 87.66320263005, -16.66591253309, 0, 0
-16.11192779961, 100.87889159332, -22.18820896610, -20.69767890217, 87.66207314436, -16.66644425346, 0, 0
-16.10842015206, 100.87757943589, -22.18860469411, -20.70308377348, 87.66094380930, -16.66697599112, 0, 0
-16.10491270457, 100.87626708688, -22.18900031415, -20.70848864917, 87.65981462485, -16.66750774613, 0, 0
-16.10140545715, 100.87495454630, -22.18939582619, -20.71389352925, 87.65868559099, -16.66803951851, 0, 0
-16.09789840980, 100.87364181418, -22.18979123023, -20.71929841369, 87.65755670771, -16.66857130830, 0, 0
-16.09439156255, 100.87232889053, -22.19018652628, -20.72470330250, 87.65642797498, -16.66910311555, 0, 0
-16.09088491539, 100.87101577535, -22.19058171432, -20.73010819568, 87.65529939280, -16.66963494029, 0, 0
-16.08737846836, 100.86970246867, -22.19097679434, -20.73551309321, 87.65417096115, -16.67016678256, 0, 0
-16.08387222145, 100.86838897050, -22.19137176635, -20.74091799509, 87.65304268000, -16.67069864241, 0, 0
-16.08036617468, 100.86707528084, -22.19176663034, -20.74632290131, 87.65191454934, -16.67123051986, 0, 0
-16.07686032806, 100.86576139973, -22.19216138630, -20.75172781187, 87.65078656915, -16.67176241497, 0, 0
-16.07335468160, 100.86444732717, -22.19255603422, -20.75713272676, 87.64965873942, -16.67229432777, 0, 0
-16.06984923532, 100.86313306317, -22.19295057411, -20.76253764598, 87.64853106013, -16.67282625829, 0, 0
-16.06634398922, 100.86181860776, -22.19334500596, -20.76794256952, 87.64740353126, -16.67335820659, 0, 0
-16.06283894333, 100.86050396093, -22.19373932975, -20.77334749738, 87.64627615280, -16.67389017269, 0, 0
-16.05933409764, 100.85918912272, -22.19413354549, -20.77875242955, 87.64514892472, -16.67442215663, 0, 0
-16.05582945218, 100.85787409313, -22.19452765317, -20.78415736601, 87.64402184701, -16.67495415846, 0, 0
-16.05232500695, 100.85655887217, -22.19492165279, -20.78956230678, 87.64289491965, -16.67548617822, 0, 0
-16.04882076198, 100.85524345987, -22.19531554433, -20.79496725184, 87.64176814263, -16.67601821594, 0, 0
-16.04531671726, 100.85392785623, -22.19570932781, -20.80037220119, 87.64064151593, -16.67655027166, 0, 0
-16.04181287281, 100.85261206127, -22.19610300319, -20.80577715481, 87.63951503952, -16.67708234543, 0, 0
-16.03830922864, 100.85129607500, -22.19649657050, -20.81118211271, 87.63838871340, -16.67761443727, 0, 0
-16.03480578477, 100.84997989745, -22.19689002971, -20.81658707488, 87.63726253755, -16.67814654724, 0, 0
-16.03130254121, 100.84866352861, -22.19728338082, -20.82199204132, 87.63613651194, -16.67867867537, 0, 0
-16.02779949797, 100.84734696851, -22.19767662384, -20.82739701201, 87.63501063656, -16.67921082169, 0, 0
-16.02429665505, 100.84603021717, -22.19806975874, -20.83280198695, 87.63388491140, -16.67974298626, 0, 0
-16.02079401248, 100.84471327458, -22.19846278553, -20.83820696614, 87.63275933644, -16.68027516909, 0, 0
-16.01729157027, 100.84339614078, -22.19885570421, -20.84361194957, 87.63163391165, -16.68080737025, 0, 0
-16.01378932842, 100.84207881577, -22.19924851476, -20.84901693724, 87.63050863703, -16.68133958976, 0, 0
-16.01028728695, 100.84076129957, -22.19964121718, -20.85442192913, 87.62938351255, -16.68187182767, 0, 0
-16.00678544587, 100.83944359219, -22.20003381147, -20.85982692525, 87.62825853819, -16.68240408400, 0, 0
-16.00328380520, 100.83812569365, -22.20042629761, -20.86523192558, 87.62713371395, -16.68293635881, 0, 0
-15.99978236493, 100.83680760396, -22.20081867562, -20.87063693013, 87.62600903980, -16.68346865214, 0, 0
-15.99628112510, 100.83548932314, -22.20121094547, -20.87604193888, 87.62488451572, -16.68400096401, 0, 0
-15.99278008570, 100.83417085119, -22.20160310717, -20.88144695184, 87.62376014171, -16.68453329447, 0, 0
-15.98927924676, 100.83285218814, -22.20199516070, -20.88685196899, 87.62263591773, -16.68506564356, 0, 0
-15.98577860827, 100.83153333400, -22.20238710608, -20.89225699033, 87.62151184377, -16.68559801132, 0, 0
-15.98227817026, 100.83021428878, -22.20277894328, -20.89766201585, 87.62038791982, -16.68613039778, 0, 0
-15.97877793274, 100.82889505249, -22.20317067230, -20.90306704555, 87.61926414586, -16.68666280299, 0, 0
-15.97527789571, 100.82757562516, -22.20356229314, -20.90847207942, 87.61814052187, -16.68719522699, 0, 0
-15.97177805919, 100.82625600679, -22.20395380579, -20.91387711746, 87.61701704784, -16.68772766981, 0, 0
-15.96827842319, 100.82493619741, -22.20434521025, -20.91928215965, 87.61589372374, -16.68826013149, 0, 0
-15.96477898773, 100.82361619701, -22.20473650652, -20.92468720601, 87.61477054956, -16.68879261207, 0, 0
-15.96127975281, 100.82229600563, -22.20512769458, -20.93009225651, 87.61364752527, -16.68932511160, 0, 0
-15.95778071845, 100.82097562327, -22.20551877443, -20.93549731116, 87.61252465088, -16.68985763010, 0, 0
-15.95428188466, 100.81965504994, -22.20590974607, -20.94090236994, 87.61140192635, -16.69039016762, 0, 0
-15.95078325145, 100.81833428567, -22.20630060948, -20.94630743286, 87.61027935166, -16.69092272420, 0, 0
-15.94728481883, 100.81701333046, -22.20669136468, -20.95171249990, 87.60915692681, -16.69145529988, 0, 0
-15.94378658682, 100.81569218433, -22.20708201164, -20.95711757106, 87.60803465178, -16.69198789469, 0, 0
-15.94028855542, 100.81437084730, -22.20747255037, -20.96252264634, 87.60691252654, -16.69252050868, 0, 0
-15.93679072465, 100.81304931938, -22.20786298086, -20.96792772573, 87.60579055108, -16.69305314188, 0, 0
-15.93329309452, 100.81172760057, -22.20825330310, -20.97333280922, 87.60466872538, -16.69358579434, 0, 0
-15.92979566504, 100.81040569091, -22.20864351709, -20.97873789681, 87.60354704943, -16.69411846608, 0, 0
-15.92629843622, 100.80908359040, -22.20903362283, -20.98414298849, 87.60242552320, -16.69465115715, 0, 0
-15.92280140808, 100.80776129905, -22.20942362030, -20.98954808426, 87.60130414668, -16.69518386760, 0, 0
-15.91930458063, 100.80643881689, -22.20981350951, -20.99495318411, 87.60018291985, -16.69571659745, 0, 0
-15.91580795387, 100.80511614392, -22.21020329045, -21.00035828803, 87.59906184270, -16.69624934675, 0, 0
-15.91231152783, 100.80379328015, -22.21059296310, -21.00576339603, 87.59794091521, -16.69678211554, 0, 0
-15.90881530251, 100.80247022561, -22.21098252748, -21.01116850808, 87.59682013735, -16.69731490385, 0, 0
-15.90531927792, 100.80114698031, -22.21137198356, -21.01657362420, 87.59569950912, -16.69784771172, 0, 0
-15.90182345407, 100.79982354427, -22.21176133135, -21.02197874437, 87.59457903049, -16.69838053920, 0, 0
-15.89832783099, 100.79849991748, -22.21215057085, -21.02738386859, 87.59345870145, -16.69891338631, 0, 0
-15.89483240867, 100.79717609998, -22.21253970204, -21.03278899684, 87.59233852197, -16.69944625311, 0, 0
-15.89133718714, 100.79585209178, -22.21292872492, -21.03819412914, 87.59121849205, -16.69997913963, 0, 0
-15.88784216639, 100.79452789288, -22.21331763948, -21.04359926546, 87.59009861167, -16.70051204590, 0, 0
-15.88434734645, 100.79320350331, -22.21370644573, -21.04900440581, 87.58897888080, -16.70104497198, 0, 0
-15.88085272733, 100.79187892308, -22.21409514365, -21.05440955017, 87.58785929943, -16.70157791788, 0, 0
-15.87735830903, 100.79055415220, -22.21448373324, -21.05981469855, 87.58673986754, -16.70211088367, 0, 0
-15.87386409158, 100.78922919068, -22.21487221449, -21.06521985094, 87.58562058511, -16.70264386936, 0, 0
-15.87037007497, 100.78790403855, -22.21526058740, -21.07062500733, 87.58450145214, -16.70317687501, 0, 0
-15.86687625923, 100.78657869581, -22.21564885197, -21.07603016771, 87.58338246859, -16.70370990065, 0, 0
-15.86338264436, 100.78525316249, -22.21603700818, -21.08143533208, 87.58226363445, -16.70424294632, 0, 0
-15.85988923038, 100.78392743859, -22.21642505604, -21.08684050044, 87.58114494971, -16.70477601206, 0, 0
-15.85639601730, 100.78260152413, -22.21681299553, -21.09224567278, 87.58002641434, -16.70530909790, 0, 0
-15.85290300513, 100.78127541912, -22.21720082666, -21.09765084909, 87.57890802834, -16.70584220389, 0, 0
-15.84941019387, 100.77994912358, -22.21758854941, -21.10305602937, 87.57778979167, -16.70637533007, 0, 0
-15.84591758355, 100.77862263752, -22.21797616379, -21.10846121361, 87.57667170433, -16.70690847647, 0, 0
-15.84242517418, 100.77729596095, -22.21836366978, -21.11386640181, 87.57555376629, -16.70744164313, 0, 0
-15.83893296576, 100.77596909390, -22.21875106738, -21.11927159396, 87.57443597755, -16.70797483010, 0, 0
-15.83544095831, 100.77464203638, -22.21913835659, -21.12467679005, 87.57331833807, -16.70850803740, 0, 0
-15.83194915183, 100.77331478839, -22.21952553740, -21.13008199009, 87.57220084785, -16.70904126508, 0, 0
-15.82845754635, 100.77198734996, -22.21991260980, -21.13548719406, 87.57108350686, -16.70957451318, 0, 0
-15.82496614187, 100.77065972109, -22.22029957379, -21.14089240195, 87.56996631510, -16.71010778174, 0, 0
-15.82147493841, 100.76933190181, -22.22068642937, -21.14629761377, 87.56884927253, -16.71064107079, 0, 0
-15.81798393597, 100.76800389213, -22.22107317653, -21.15170282951, 87.56773237914, -16.71117438037, 0, 0
-15.81449313457, 100.76667569206, -22.22145981526, -21.15710804915, 87.56661563493, -16.71170771053, 0, 0
-15.81100253422, 100.76534730161, -22.22184634556, -21.16251327271, 87.56549903985, -16.71224106130, 0, 0
-15.80751213493, 100.76401872081, -22.22223276742, -21.16791850016, 87.56438259391, -16.71277443272, 0, 0
-15.80402193671, 100.76268994966, -22.22261908084, -21.17332373151, 87.56326629708, -16.71330782482, 0, 0
-15.80053193957, 100.76136098818, -22.22300528581, -21.17872896674, 87.56215014935, -16.71384123765, 0, 0
-15.79704214353, 100.76003183638, -22.22339138233, -21.18413420586, 87.56103415070, -16.71437467125, 0, 0
-15.79355254860, 100.75870249429, -22.22377737040, -21.18953944886, 87.55991830110, -16.71490812566, 0, 0
-15.79006315478, 100.75737296190, -22.22416325000, -21.19494469573, 87.55880260054, -16.71544160090, 0, 0
-15.78657396210, 100.75604323924, -22.22454902113, -21.20034994647, 87.55768704901, -16.71597509703, 0, 0
-15.78308497055, 100.75471332633, -22.22493468379, -21.20575520106, 87.55657164649, -16.71650861408, 0, 0
-15.77959618016, 100.75338322316, -22.22532023796, -21.21116045952, 87.55545639295, -16.71704215209, 0, 0
-15.77610759094, 100.75205292977, -22.22570568366, -21.21656572182, 87.55434128839, -16.71757571109, 0, 0
-15.77261920289, 100.75072244617, -22.22609102086, -21.22197098796, 87.55322633278, -16.71810929113, 0, 0
-15.76913101603, 100.74939177236, -22.22647624957, -21.22737625795, 87.55211152611, -16.71864289225, 0, 0
-15.76564303036, 100.74806090837, -22.22686136978, -21.23278153177, 87.55099686835, -16.71917651448, 0, 0
-15.76215524591, 100.74672985421, -22.22724638149, -21.23818680941, 87.54988235949, -16.71971015786, 0, 0
-15.75866766268, 100.74539860988, -22.22763128468, -21.24359209088, 87.54876799952, -16.72024382243, 0, 0
-15.75518028069, 100.74406717542, -22.22801607936, -21.24899737616, 87.54765378841, -16.72077750823, 0, 0
-15.75169309994, 100.74273555083, -22.22840076551, -21.25440266525, 87.54653972615, -16.72131121530, 0, 0
-15.74820612044, 100.74140373612, -22.22878534314, -21.25980795815, 87.54542581272, -16.72184494368, 0, 0
-15.74471934222, 100.74007173131, -22.22916981224, -21.26521325484, 87.54431204810, -16.72237869340, 0, 0
-15.74123276527, 100.73873953642, -22.22955417280, -21.27061855533, 87.54319843228, -16.72291246450, 0, 0
-15.73774638962, 100.73740715146, -22.22993842481, -21.27602385961, 87.54208496523, -16.72344625703, 0, 0
-15.73426021527, 100.73607457644, -22.23032256828, -21.28142916767, 87.54097164694, -16.72398007102, 0, 0
-15.73077424223, 100.73474181138, -22.23070660320, -21.28683447951, 87.53985847740, -16.72451390650, 0, 0
-15.72728847052, 100.73340885629, -22.23109052955, -21.29223979512, 87.53874545657, -16.72504776353, 0, 0
-15.72380290014, 100.73207571119, -22.23147434735, -21.29764511449, 87.53763258445, -16.72558164213, 0, 0
-15.72031753111, 100.73074237609, -22.23185805657, -21.30305043763, 87.53651986102, -16.72611554234, 0, 0
-15.71683236345, 100.72940885100, -22.23224165722, -21.30845576452, 87.53540728626, -16.72664946421, 0, 0
-15.71334739715, 100.72807513595, -22.23262514929, -21.31386109515, 87.53429486015, -16.72718340777, 0, 0
-15.70986263224, 100.72674123094, -22.23300853278, -21.31926642954, 87.53318258267, -16.72771737306, 0, 0
-15.70637806872, 100.72540713599, -22.23339180768, -21.32467176765, 87.53207045382, -16.72825136012, 0, 0
-15.70289370661, 100.72407285112, -22.23377497398, -21.33007710951, 87.53095847356, -16.72878536899, 0, 0
-15.69940954591, 100.72273837633, -22.23415803167, -21.33548245508, 87.52984664188, -16.72931939970, 0, 0
-15.69592558664, 100.72140371165, -22.23454098077, -21.34088780438, 87.52873495876, -16.72985345230, 0, 0
-15.69244182882, 100.72006885708, -22.23492382125, -21.34629315740, 87.52762342420, -16.73038752681, 0, 0
-15.68895827244, 100.71873381265, -22.23530655311, -21.35169851412, 87.52651203815, -16.73092162329, 0, 0
-15.68547491752, 100.71739857836, -22.23568917636, -21.35710387455, 87.52540080062, -16.73145574177, 0, 0
-15.68199176408, 100.71606315423, -22.23607169097, -21.36250923868, 87.52428971158, -16.73198988229, 0, 0
-15.67850881213, 100.71472754028, -22.23645409696, -21.36791460650, 87.52317877102, -16.73252404489, 0, 0
-15.67502606167, 100.71339173652, -22.23683639430, -21.37331997801, 87.52206797891, -16.73305822960, 0, 0
-15.67154351272, 100.71205574296, -22.23721858301, -21.37872535320, 87.52095733524, -16.73359243646, 0, 0
-15.66806116529, 100.71071955962, -22.23760066306, -21.38413073207, 87.51984683999, -16.73412666551, 0, 0
-15.66457901939, 100.70938318652, -22.23798263446, -21.38953611460, 87.51873649315, -16.73466091680, 0, 0
-15.66109707503, 100.70804662366, -22.23836449720, -21.39494150081, 87.51762629469, -16.73519519035, 0, 0
-15.65761533223, 100.70670987106, -22.23874625128, -21.40034689067, 87.51651624459, -16.73572948621, 0, 0
-15.65413379099, 100.70537292874, -22.23912789669, -21.40575228419, 87.51540634285, -16.73626380442, 0, 0
-15.65065245133, 100.70403579672, -22.23950943342, -21.41115768136, 87.51429658944, -16.73679814500, 0, 0
-15.64717131325, 100.70269847499, -22.23989086148, -21.41656308217, 87.51318698434, -16.73733250802, 0, 0
-15.64369037677, 100.70136096359, -22.24027218084, -21.42196848662, 87.51207752754, -16.73786689349, 0, 0
-15.64020964191, 100.70002326253, -22.24065339152, -21.42737389470, 87.51096821901, -16.73840130146, 0, 0
-15.63672910866, 100.69868537181, -22.24103449350, -21.43277930640, 87.50985905875, -16.73893573196, 0, 0
-15.63324877705, 100.69734729146, -22.24141548678, -21.43818472173, 87.50875004673, -16.73947018505, 0, 0
-15.62976864708, 100.69600902148, -22.24179637136, -21.44359014067, 87.50764118293, -16.74000466074, 0, 0
-15.62628871877, 100.69467056190, -22.24217714722, -21.44899556323, 87.50653246734, -16.74053915909, 0, 0
-15.62280899212, 100.69333191272, -22.24255781437, -21.45440098938, 87.50542389994, -16.74107368013, 0, 0
-15.61932946715, 100.69199307397, -22.24293837279, -21.45980641914, 87.50431548071, -16.74160822390, 0, 0
-15.61585014387, 100.69065404565, -22.24331882248, -21.46521185249, 87.50320720963, -16.74214279044, 0, 0
-15.61237102229, 100.68931482779, -22.24369916345, -21.47061728943, 87.50209908669, -16.74267737978, 0, 0
-15.60889210242, 100.68797542039, -22.24407939567, -21.47602272995, 87.50099111186, -16.74321199196, 0, 0
-15.60541338427, 100.68663582347, -22.24445951915, -21.48142817405, 87.49988328513, -16.74374662703, 0, 0
-15.60193486786, 100.68529603704, -22.24483953388, -21.48683362172, 87.49877560649, -16.74428128502, 0, 0
-15.59845655320, 100.68395606112, -22.24521943986, -21.49223907295, 87.49766807590, -16.74481596596, 0, 0
-15.59497844029, 100.68261589573, -22.24559923708, -21.49764452774, 87.49656069337, -16.74535066991, 0, 0
-15.59150052915, 100.68127554088, -22.24597892554, -21.50304998609, 87.49545345886, -16.74588539688, 0, 0
-15.58802281978, 100.67993499657, -22.24635850522, -21.50845544799, 87.49434637236, -16.74642014694, 0, 0
-15.58454531221, 100.67859426284, -22.24673797613, -21.51386091343, 87.49323943385, -16.74695492010, 0, 0
-15.58106800644, 100.67725333969, -22.24711733826, -21.51926638241, 87.49213264331, -16.74748971641, 0, 0
-15.57759090248, 100.67591222713, -22.24749659160, -21.52467185493, 87.49102600073, -16.74802453591, 0, 0
-15.57411400035, 100.67457092518, -22.24787573616, -21.53007733097, 87.48991950609, -16.74855937864, 0, 0
-15.57063730005, 100.67322943386, -22.24825477191, -21.53548281053, 87.48881315937, -16.74909424463, 0, 0
-15.56716080159, 100.67188775318, -22.24863369887, -21.54088829361, 87.48770696055, -16.74962913393, 0, 0
-15.56368450500, 100.67054588316, -22.24901251702, -21.54629378020, 87.48660090961, -16.75016404656, 0, 0
-15.56020841027, 100.66920382380, -22.24939122635, -21.55169927029, 87.48549500654, -16.75069898258, 0, 0
-15.55673251742, 100.66786157513, -22.24976982687, -21.55710476388, 87.48438925132, -16.75123394201, 0, 0
-15.55325682647, 100.66651913715, -22.25014831857, -21.56251026097, 87.48328364392, -16.75176892490, 0, 0
-15.54978133741, 100.66517650989, -22.25052670144, -21.56791576155, 87.48217818434, -16.75230393128, 0, 0
-15.54630605027, 100.66383369335, -22.25090497547, -21.57332126561, 87.48107287255, -16.75283896120, 0, 0
-15.54283096506, 100.66249068756, -22.25128314067, -21.57872677314, 87.47996770854, -16.75337401468, 0, 0
-15.53935608177, 100.66114749252, -22.25166119702, -21.58413228415, 87.47886269229, -16.75390909177, 0, 0
-15.53588140044, 100.65980410826, -22.25203914453, -21.58953779863, 87.47775782377, -16.75444419251, 0, 0
-15.53240692106, 100.65846053478, -22.25241698318, -21.59494331656, 87.47665310298, -16.75497931694, 0, 0
-15.52893264366, 100.65711677210, -22.25279471297, -21.60034883796, 87.47554852989, -16.75551446508, 0, 0
-15.52545856823, 100.65577282024, -22.25317233390, -21.60575436280, 87.47444410449, -16.75604963699, 0, 0
-15.52198469479, 100.65442867920, -22.25354984595, -21.61115989109, 87.47333982675, -16.75658483269, 0, 0
-15.51851102336, 100.65308434901, -22.25392724913, -21.61656542281, 87.47223569667, -16.75712005224, 0, 0
-15.51503755394, 100.65173982968, -22.25430454343, -21.62197095797, 87.47113171421, -16.75765529566, 0, 0
-15.51156428654, 100.65039512122, -22.25468172885, -21.62737649656, 87.47002787937, -16.75819056299, 0, 0
-15.50809122118, 100.64905022364, -22.25505880537, -21.63278203857, 87.46892419213, -16.75872585427, 0, 0
-15.50461835787, 100.64770513697, -22.25543577300, -21.63818758400, 87.46782065246, -16.75926116955, 0, 0
-15.50114569661, 100.64635986122, -22.25581263173, -21.64359313284, 87.46671726035, -16.75979650885, 0, 0
-15.49767323742, 100.64501439640, -22.25618938155, -21.64899868509, 87.46561401578, -16.76033187221, 0, 0
-15.49420098031, 100.64366874253, -22.25656602245, -21.65440424073, 87.46451091874, -16.76086725968, 0, 0
-15.49072892530, 100.64232289961, -22.25694255444, -21.65980979978, 87.46340796920, -16.76140267129, 0, 0
-15.48725707238, 100.64097686767, -22.25731897751, -21.66521536221, 87.46230516715, -16.76193810709, 0, 0
-15.48378542158, 100.63963064672, -22.25769529165, -21.67062092803, 87.46120251257, -16.76247356710, 0, 0
-15.48031397290, 100.63828423678, -22.25807149685, -21.67602649722, 87.46010000544, -16.76300905136, 0, 0
-15.47684272636, 100.63693763785, -22.25844759312, -21.68143206979, 87.45899764574, -16.76354455992, 0, 0
-15.47337168197, 100.63559084996, -22.25882358044, -21.68683764573, 87.45789543345, -16.76408009281, 0, 0
-15.46990083973, 100.63424387312, -22.25919945882, -21.69224322503, 87.45679336857, -16.76461565008, 0, 0
-15.46643019966, 100.63289670733, -22.25957522824, -21.69764880769, 87.45569145106, -16.76515123175, 0, 0
-15.46295976176, 100.63154935263, -22.25995088870, -21.70305439370, 87.45458968091, -16.76568683786, 0, 0
-15.45948952606, 100.63020180902, -22.26032644019, -21.70845998305, 87.45348805810, -16.76622246846, 0, 0
-15.45601949256, 100.62885407652, -22.26070188272, -21.71386557575, 87.45238658262, -16.76675812358, 0, 0
-15.45254966128, 100.62750615513, -22.26107721627, -21.71927117178, 87.45128525445, -16.76729380327, 0, 0
-15.44908003221, 100.62615804489, -22.26145244084, -21.72467677114, 87.45018407356, -16.76782950755, 0, 0
-15.44561060538, 100.62480974579, -22.26182755642, -21.73008237383, 87.44908303994, -16.76836523647, 0, 0
-15.44214138079, 100.62346125786, -22.26220256302, -21.73548797983, 87.44798215357, -16.76890099006, 0, 0
-15.43867235847, 100.62211258111, -22.26257746061, -21.74089358915, 87.44688141444, -16.76943676836, 0, 0
-15.43520353840, 100.62076371555, -22.26295224921, -21.74629920177, 87.44578082252, -16.76997257141, 0, 0
-15.43173492062, 100.61941466120, -22.26332692880, -21.75170481770, 87.44468037780, -16.77050839925, 0, 0
-15.42826650513, 100.61806541808, -22.26370149937, -21.75711043693, 87.44358008026, -16.77104425192, 0, 0
-15.42479829193, 100.61671598619, -22.26407596093, -21.76251605945, 87.44247992988, -16.77158012945, 0, 0
-15.42133028105, 100.61536636556, -22.26445031347, -21.76792168525, 87.44137992664, -16.77211603188, 0, 0
-15.41786247249, 100.61401655619, -22.26482455697, -21.77332731434, 87.44028007053, -16.77265195925, 0, 0
-15.41439486626, 100.61266655811, -22.26519869145, -21.77873294670, 87.43918036152, -16.77318791160, 0, 0
-15.41092746237, 100.61131637133, -22.26557271688, -21.78413858233, 87.43808079960, -16.77372388897, 0, 0
-15.40746026084, 100.60996599585, -22.26594663328, -21.78954422122, 87.43698138475, -16.77425989139, 0, 0
-15.40399326168, 100.60861543171, -22.26632044062, -21.79494986338, 87.43588211695, -16.77479591890, 0, 0
-15.40052646489, 100.60726467890, -22.26669413891, -21.80035550878, 87.43478299619, -16.77533197153, 0, 0
-15.39705987049, 100.60591373745, -22.26706772814, -21.80576115744, 87.43368402244, -16.77586804934, 0, 0
-15.39359347848, 100.60456260737, -22.26744120831, -21.81116680934, 87.43258519569, -16.77640415235, 0, 0
-15.39012728889, 100.60321128867, -22.26781457940, -21.81657246448, 87.43148651592, -16.77694028060, 0, 0
-15.38666130172, 100.60185978137, -22.26818784142, -21.82197812284, 87.43038798310, -16.77747643414, 0, 0
-15.38319551697, 100.60050808549, -22.26856099436, -21.82738378444, 87.42928959723, -16.77801261299, 0, 0
-15.37972993467, 100.59915620104, -22.26893403821, -21.83278944926, 87.42819135829, -16.77854881720, 0, 0
-15.37626455483, 100.59780412803, -22.26930697298, -21.83819511729, 87.42709326625, -16.77908504680, 0, 0
-15.37279937744, 100.59645186648, -22.26967979864, -21.84360078853, 87.42599532110, -16.77962130184, 0, 0
-15.36933440253, 100.59509941640, -22.27005251521, -21.84900646298, 87.42489752282, -16.78015758234, 0, 0
-15.36586963011, 100.59374677781, -22.27042512266, -21.85441214062, 87.42379987139, -16.78069388835, 0, 0
-15.36240506018, 100.59239395072, -22.27079762101, -21.85981782147, 87.42270236679, -16.78123021991, 0, 0
-15.35894069276, 100.59104093515, -22.27117001024, -21.86522350550, 87.42160500900, -16.78176657705, 0, 0
-15.35547652786, 100.58968773110, -22.27154229035, -21.87062919271, 87.42050779802, -16.78230295981, 0, 0
-15.35201256548, 100.58833433861, -22.27191446132, -21.87603488310, 87.41941073381, -16.78283936824, 0, 0
-15.34854880565, 100.58698075768, -22.27228652317, -21.88144057666, 87.41831381636, -16.78337580235, 0, 0
-15.34508524836, 100.58562698832, -22.27265847588, -21.88684627340, 87.41721704565, -16.78391226220, 0, 0
-15.34162189364, 100.58427303055, -22.27303031944, -21.89225197329, 87.41612042167, -16.78444874783, 0, 0
-15.33815874149, 100.58291888439, -22.27340205385, -21.89765767634, 87.41502394439, -16.78498525926, 0, 0
-15.33469579192, 100.58156454985, -22.27377367912, -21.90306338254, 87.41392761380, -16.78552179654, 0, 0
-15.33123304494, 100.58021002694, -22.27414519522, -21.90846909188, 87.41283142988, -16.78605835971, 0, 0
-15.32777050057, 100.57885531568, -22.27451660215, -21.91387480437, 87.41173539261, -16.78659494880, 0, 0
-15.32430815882, 100.57750041608, -22.27488789992, -21.91928051999, 87.41063950197, -16.78713156385, 0, 0
-15.32084601969, 100.57614532816, -22.27525908851, -21.92468623874, 87.40954375794, -16.78766820490, 0, 0
-15.31738408319, 100.57479005194, -22.27563016792, -21.93009196061, 87.40844816051, -16.78820487199, 0, 0
-15.31392234935, 100.57343458742, -22.27600113815, -21.93549768561, 87.40735270965, -16.78874156515, 0, 0
-15.31046081816, 100.57207893463, -22.27637199919, -21.94090341371, 87.40625740536, -16.78927828442, 0, 0
-15.30699948964, 100.57072309357, -22.27674275102, -21.94630914492, 87.40516224760, -16.78981502984, 0, 0
-15.30353836380, 100.56936706427, -22.27711339366, -21.95171487924, 87.40406723637, -16.79035180145, 0, 0
-15.30007744066, 100.56801084673, -22.27748392709, -21.95712061665, 87.40297237164, -16.79088859929, 0, 0
-15.29661672021, 100.56665444097, -22.27785435131, -21.96252635716, 87.40187765339, -16.79142542338, 0, 0
-15.29315620247, 100.56529784701, -22.27822466632, -21.96793210075, 87.40078308162, -16.79196227378, 0, 0
-15.28969588746, 100.56394106486, -22.27859487210, -21.97333784742, 87.39968865629, -16.79249915051, 0, 0
-15.28623577518, 100.56258409453, -22.27896496865, -21.97874359717, 87.39859437739, -16.79303605362, 0, 0
-15.28277586565, 100.56122693605, -22.27933495597, -21.98414934999, 87.39750024490, -16.79357298315, 0, 0
-15.27931615887, 100.55986958942, -22.27970483405, -21.98955510587, 87.39640625881, -16.79410993912, 0, 0
-15.27585665485, 100.55851205466, -22.28007460289, -21.99496086481, 87.39531241909, -16.79464692158, 0, 0
-15.27239735362, 100.55715433178, -22.28044426248, -22.00036662681, 87.39421872573, -16.79518393057, 0, 0
-15.26893825517, 100.55579642081, -22.28081381282, -22.00577239186, 87.39312517871, -16.79572096612, 0, 0
-15.26547935951, 100.55443832174, -22.28118325389, -22.01117815995, 87.39203177800, -16.79625802828, 0, 0
-15.26202066667, 100.55308003461, -22.28155258571, -22.01658393107, 87.39093852360, -16.79679511707, 0, 0
-15.25856217664, 100.55172155942, -22.28192180825, -22.02198970523, 87.38984541548, -16.79733223254, 0, 0
-15.25510388944, 100.55036289618, -22.28229092152, -22.02739548242, 87.38875245363, -16.79786937472, 0, 0
-15.25164580509, 100.54900404492, -22.28265992551, -22.03280126263, 87.38765963802, -16.79840654366, 0, 0
-15.24818792358, 100.54764500565, -22.28302882021, -22.03820704585, 87.38656696865, -16.79894373938, 0, 0
-15.24473024494, 100.54628577838, -22.28339760563, -22.04361283209, 87.38547444548, -16.79948096193, 0, 0
-15.24127276917, 100.54492636313, -22.28376628174, -22.04901862133, 87.38438206850, -16.80001821135, 0, 0
-15.23781549628, 100.54356675990, -22.28413484856, -22.05442441358, 87.38328983769, -16.80055548767, 0, 0
-15.23435842628, 100.54220696873, -22.28450330607, -22.05983020882, 87.38219775304, -16.80109279093, 0, 0
-15.23090155919, 100.54084698961, -22.28487165427, -22.06523600705, 87.38110581453, -16.80163012116, 0, 0
-15.22744489502, 100.53948682258, -22.28523989315, -22.07064180826, 87.38001402213, -16.80216747841, 0, 0
-15.22398843377, 100.53812646763, -22.28560802271, -22.07604761245, 87.37892237583, -16.80270486271, 0, 0
-15.22053217545, 100.53676592479, -22.28597604295, -22.08145341962, 87.37783087562, -16.80324227410, 0, 0
-15.21707612008, 100.53540519406, -22.28634395385, -22.08685922975, 87.37673952146, -16.80377971262, 0, 0
-15.21362026767, 100.53404427548, -22.28671175541, -22.09226504285, 87.37564831335, -16.80431717831, 0, 0
-15.21016461823, 100.53268316904, -22.28707944763, -22.09767085891, 87.37455725126, -16.80485467119, 0, 0
-15.20670917177, 100.53132187477, -22.28744703051, -22.10307667792, 87.37346633518, -16.80539219132, 0, 0
-15.20325392829, 100.52996039267, -22.28781450403, -22.10848249988, 87.37237556509, -16.80592973872, 0, 0
-15.19979888782, 100.52859872277, -22.28818186819, -22.11388832477, 87.37128494097, -16.80646731344, 0, 0
-15.19634405035, 100.52723686508, -22.28854912298, -22.11929415261, 87.37019446280, -16.80700491551, 0, 0
-15.19288941591, 100.52587481961, -22.28891626841, -22.12469998337, 87.36910413056, -16.80754254497, 0, 0
-15.18943498449, 100.52451258638, -22.28928330447, -22.13010581707, 87.36801394424, -16.80808020186, 0, 0
-15.18598075612, 100.52315016541, -22.28965023114, -22.13551165368, 87.36692390381, -16.80861788621, 0, 0
-15.18252673080, 100.52178755670, -22.29001704843, -22.14091749321, 87.36583400926, -16.80915559807, 0, 0
-15.17907290855, 100.52042476027, -22.29038375633, -22.14632333565, 87.36474426057, -16.80969333746, 0, 0
-15.17561928937, 100.51906177615, -22.29075035483, -22.15172918099, 87.36365465772, -16.81023110443, 0, 0
-15.17216587327, 100.51769860433, -22.29111684394, -22.15713502923, 87.36256520070, -16.81076889902, 0, 0
-15.16871266026, 100.51633524484, -22.29148322364, -22.16254088037, 87.36147588947, -16.81130672126, 0, 0
-15.16525965037, 100.51497169769, -22.29184949392, -22.16794673439, 87.36038672403, -16.81184457118, 0, 0
-15.16180684358, 100.51360796290, -22.29221565480, -22.17335259130, 87.35929770436, -16.81238244884, 0, 0
-15.15835423993, 100.51224404048, -22.29258170625, -22.17875845109, 87.35820883043, -16.81292035426, 0, 0
-15.15490183941, 100.51087993045, -22.29294764827, -22.18416431375, 87.35712010224, -16.81345828748, 0, 0
-15.15144964203, 100.50951563282, -22.29331348086, -22.18957017928, 87.35603151975, -16.81399624853, 0, 0
-15.14799764782, 100.50815114760, -22.29367920402, -22.19497604766, 87.35494308296, -16.81453423747, 0, 0
-15.14454585677, 100.50678647481, -22.29404481773, -22.20038191891, 87.35385479184, -16.81507225432, 0, 0
-15.14109426890, 100.50542161447, -22.29441032199, -22.20578779301, 87.35276664637, -16.81561029912, 0, 0
-15.13764288422, 100.50405656659, -22.29477571680, -22.21119366995, 87.35167864654, -16.81614837191, 0, 0
-15.13419170274, 100.50269133118, -22.29514100216, -22.21659954974, 87.35059079233, -16.81668647272, 0, 0
-15.13074072447, 100.50132590827, -22.29550617805, -22.22200543236, 87.34950308372, -16.81722460160, 0, 0
-15.12728994942, 100.49996029786, -22.29587124447, -22.22741131781, 87.34841552069, -16.81776275857, 0, 0
-15.12383937760, 100.49859449996, -22.29623620142, -22.23281720609, 87.34732810322, -16.81830094369, 0, 0
-15.12038900903, 100.49722851460, -22.29660104889, -22.23822309719, 87.34624083130, -16.81883915698, 0, 0
-15.11693884370, 100.49586234179, -22.29696578688, -22.24362899110, 87.34515370490, -16.81937739848, 0, 0
-15.11348888164, 100.49449598155, -22.29733041537, -22.24903488782, 87.34406672401, -16.81991566824, 0, 0
-15.11003912285, 100.49312943388, -22.29769493437, -22.25444078734, 87.34297988860, -16.82045396628, 0, 0
-15.10658956734, 100.49176269881, -22.29805934388, -22.25984668967, 87.34189319867, -16.82099229264, 0, 0
-15.10314021513, 100.49039577634, -22.29842364387, -22.26525259478, 87.34080665418, -16.82153064737, 0, 0
-15.09969106622, 100.48902866650, -22.29878783436, -22.27065850269, 87.33972025513, -16.82206903049, 0, 0
-15.09624212062, 100.48766136929, -22.29915191533, -22.27606441338, 87.33863400149, -16.82260744206, 0, 0
-15.09279337835, 100.48629388474, -22.29951588678, -22.28147032684, 87.33754789325, -16.82314588209, 0, 0
-15.08934483942, 100.48492621286, -22.29987974871, -22.28687624308, 87.33646193038, -16.82368435064, 0, 0
-15.08589650383, 100.48355835365, -22.30024350110, -22.29228216209, 87.33537611287, -16.82422284773, 0, 0
-15.08244837159, 100.48219030715, -22.30060714396, -22.29768808385, 87.33429044070, -16.82476137341, 0, 0
-15.07900044273, 100.48082207335, -22.30097067727, -22.30309400838, 87.33320491384, -16.82529992771, 0, 0
-15.07555271724, 100.47945365229, -22.30133410104, -22.30849993565, 87.33211953230, -16.82583851068, 0, 0
-15.07210519513, 100.47808504396, -22.30169741526, -22.31390586568, 87.33103429603, -16.82637712233, 0, 0
-15.06865787643, 100.47671624839, -22.30206061992, -22.31931179844, 87.32994920503, -16.82691576273, 0, 0
-15.06521076113, 100.47534726560, -22.30242371501, -22.32471773394, 87.32886425927, -16.82745443189, 0, 0
-15.06176384925, 100.47397809559, -22.30278670054, -22.33012367216, 87.32777945874, -16.82799312987, 0, 0
-15.05831714080, 100.47260873838, -22.30314957650, -22.33552961312, 87.32669480342, -16.82853185669, 0, 0
-15.05487063578, 100.47123919398, -22.30351234288, -22.34093555679, 87.32561029329, -16.82907061239, 0, 0
-15.05142433422, 100.46986946242, -22.30387499967, -22.34634150318, 87.32452592833, -16.82960939701, 0, 0
-15.04797823611, 100.46849954370, -22.30423754688, -22.35174745228, 87.32344170852, -16.83014821059, 0, 0
-15.04453234148, 100.46712943784, -22.30459998449, -22.35715340408, 87.32235763385, -16.83068705317, 0, 0
-15.04108665033, 100.46575914486, -22.30496231250, -22.36255935858, 87.32127370429, -16.83122592478, 0, 0
-15.03764116266, 100.46438866477, -22.30532453091, -22.36796531577, 87.32018991983, -16.83176482545, 0, 0
-15.03419587850, 100.46301799758, -22.30568663971, -22.37337127565, 87.31910628045, -16.83230375524, 0, 0
-15.03075079785, 100.46164714331, -22.30604863890, -22.37877723822, 87.31802278612, -16.83284271416, 0, 0
-15.02730592072, 100.46027610198, -22.30641052846, -22.38418320346, 87.31693943684, -16.83338170227, 0, 0
-15.02386124712, 100.45890487360, -22.30677230840, -22.38958917137, 87.31585623257, -16.83392071960, 0, 0
-15.02041677706, 100.45753345818, -22.30713397871, -22.39499514196, 87.31477317331, -16.83445976618, 0, 0
-15.01697251056, 100.45616185574, -22.30749553938, -22.40040111520, 87.31369025904, -16.83499884205, 0, 0
-15.01352844761, 100.45479006629, -22.30785699042, -22.40580709110, 87.31260748973, -16.83553794725, 0, 0
-15.01008458825, 100.45341808986, -22.30821833181, -22.41121306966, 87.31152486536, -16.83607708181, 0, 0
-15.00664093246, 100.45204592645, -22.30857956354, -22.41661905086, 87.31044238592, -16.83661624578, 0, 0
-15.00319748027, 100.45067357607, -22.30894068562, -22.42202503470, 87.30936005140, -16.83715543919, 0, 0
-14.99975423168, 100.44930103875, -22.30930169804, -22.42743102118, 87.30827786176, -16.83769466208, 0, 0
-14.99631118670, 100.44792831450, -22.30966260079, -22.43283701028, 87.30719581700, -16.83823391448, 0, 0
-14.99286834535, 100.44655540333, -22.31002339387, -22.43824300202, 87.30611391708, -16.83877319644, 0, 0
-14.98942570763, 100.44518230526, -22.31038407727, -22.44364899637, 87.30503216201, -16.83931250798, 0, 0
-14.98598327356, 100.44380902031, -22.31074465099, -22.44905499334, 87.30395055174, -16.83985184915, 0, 0
-14.98254104314, 100.44243554848, -22.31110511502, -22.45446099292, 87.30286908628, -16.84039121998, 0, 0
-14.97909901639, 100.44106188979, -22.31146546936, -22.45986699510, 87.30178776559, -16.84093062051, 0, 0
-14.97565719331, 100.43968804426, -22.31182571400, -22.46527299988, 87.30070658966, -16.84147005078, 0, 0
-14.97221557392, 100.43831401191, -22.31218584894, -22.47067900726, 87.29962555847, -16.84200951082, 0, 0
-14.96877415822, 100.43693979274, -22.31254587416, -22.47608501723, 87.29854467201, -16.84254900067, 0, 0
-14.96533294623, 100.43556538678, -22.31290578968, -22.48149102978, 87.29746393024, -16.84308852037, 0, 0
-14.96189193795, 100.43419079403, -22.31326559547, -22.48689704491, 87.29638333317, -16.84362806996, 0, 0
-14.95845113340, 100.43281601451, -22.31362529155, -22.49230306261, 87.29530288075, -16.84416764947, 0, 0
-14.95501053259, 100.43144104825, -22.31398487789, -22.49770908288, 87.29422257298, -16.84470725893, 0, 0
-14.95157013552, 100.43006589524, -22.31434435450, -22.50311510571, 87.29314240984, -16.84524689840, 0, 0
-14.94812994221, 100.42869055551, -22.31470372136, -22.50852113110, 87.29206239131, -16.84578656789, 0, 0
-14.94468995267, 100.42731502907, -22.31506297849, -22.51392715905, 87.29098251737, -16.84632626746, 0, 0
-14.94125016690, 100.42593931594, -22.31542212586, -22.51933318954, 87.28990278800, -16.84686599713, 0, 0
-14.93781058492, 100.42456341614, -22.31578116347, -22.52473922257, 87.28882320318, -16.84740575695, 0, 0
-14.93437120674, 100.42318732966, -22.31614009133, -22.53014525814, 87.28774376290, -16.84794554695, 0, 0
-14.93093203237, 100.42181105654, -22.31649890942, -22.53555129625, 87.28666446713, -16.84848536716, 0, 0
-14.92749306181, 100.42043459679, -22.31685761774, -22.54095733688, 87.28558531585, -16.84902521763, 0, 0
-14.92405429508, 100.41905795042, -22.31721621628, -22.54636338003, 87.28450630906, -16.84956509840, 0, 0
-14.92061573219, 100.41768111744, -22.31757470504, -22.55176942569, 87.28342744672, -16.85010500949, 0, 0
-14.91717737314, 100.41630409788, -22.31793308402, -22.55717547387, 87.28234872882, -16.85064495094, 0, 0
-14.91373921796, 100.41492689174, -22.31829135320, -22.56258152456, 87.28127015534, -16.85118492280, 0, 0
-14.91030126664, 100.41354949904, -22.31864951259, -22.56798757774, 87.28019172626, -16.85172492510, 0, 0
-14.90686351920, 100.41217191980, -22.31900756217, -22.57339363342, 87.27911344157, -16.85226495788, 0, 0
-14.90342597565, 100.41079415403, -22.31936550195, -22.57879969159, 87.27803530124, -16.85280502116, 0, 0
-14.89998863600, 100.40941620175, -22.31972333191, -22.58420575225, 87.27695730526, -16.85334511500, 0, 0
-14.89655150025, 100.40803806297, -22.32008105206, -22.58961181538, 87.27587945360, -16.85388523943, 0, 0
-14.89311456842, 100.40665973770, -22.32043866238, -22.59501788099, 87.27480174624, -16.85442539448, 0, 0
-14.88967784053, 100.40528122596, -22.32079616287, -22.60042394908, 87.27372418318, -16.85496558019, 0, 0
-14.88624131657, 100.40390252777, -22.32115355353, -22.60583001962, 87.27264676439, -16.85550579659, 0, 0
-14.88280499656, 100.40252364314, -22.32151083435, -22.61123609263, 87.27156948984, -16.85604604374, 0, 0
-14.87936888051, 100.40114457208, -22.32186800533, -22.61664216809, 87.27049235953, -16.85658632165, 0, 0
-14.87593296842, 100.39976531462, -22.32222506646, -22.62204824599, 87.26941537343, -16.85712663037, 0, 0
-14.87249726032, 100.39838587076, -22.32258201773, -22.62745432635, 87.26833853153, -16.85766696994, 0, 0
-14.86906175620, 100.39700624052, -22.32293885915, -22.63286040914, 87.26726183380, -16.85820734039, 0, 0
-14.86562645609, 100.39562642392, -22.32329559070, -22.63826649436, 87.26618528022, -16.85874774175, 0, 0
-14.86219135998, 100.39424642096, -22.32365221238, -22.64367258201, 87.26510887079, -16.85928817408, 0, 0
-14.85875646789, 100.39286623168, -22.32400872418, -22.64907867209, 87.26403260547, -16.85982863739, 0, 0
-14.85532177983, 100.39148585607, -22.32436512611, -22.65448476458, 87.26295648425, -16.86036913174, 0, 0
-14.85188729581, 100.39010529416, -22.32472141815, -22.65989085949, 87.26188050711, -16.86090965715, 0, 0
-14.84845301584, 100.38872454595, -22.32507760030, -22.66529695681, 87.26080467403, -16.86145021366, 0, 0
-14.84501893993, 100.38734361148, -22.32543367255, -22.67070305652, 87.25972898500, -16.86199080131, 0, 0
-14.84158506809, 100.38596249074, -22.32578963490, -22.67610915864, 87.25865343999, -16.86253142014, 0, 0
-14.83815140032, 100.38458118376, -22.32614548734, -22.68151526315, 87.25757803898, -16.86307207018, 0, 0
-14.83471793665, 100.38319969054, -22.32650122988, -22.68692137004, 87.25650278196, -16.86361275147, 0, 0
-14.83128467707, 100.38181801112, -22.32685686249, -22.69232747932, 87.25542766890, -16.86415346405, 0, 0
-14.82785162160, 100.38043614549, -22.32721238519, -22.69773359097, 87.25435269980, -16.86469420795, 0, 0
-14.82441877025, 100.37905409368, -22.32756779796, -22.70313970500, 87.25327787462, -16.86523498322, 0, 0
-14.82098612303, 100.37767185569, -22.32792310079, -22.70854582139, 87.25220319335, -16.86577578987, 0, 0
-14.81755367995, 100.37628943156, -22.32827829369, -22.71395194015, 87.25112865597, -16.86631662797, 0, 0
-14.81412144102, 100.37490682128, -22.32863337664, -22.71935806126, 87.25005426246, -16.86685749753, 0, 0
-14.81068940624, 100.37352402487, -22.32898834965, -22.72476418472, 87.24898001281, -16.86739839860, 0, 0
-14.80725757564, 100.37214104236, -22.32934321270, -22.73017031053, 87.24790590699, -16.86793933121, 0, 0
-14.80382594921, 100.37075787375, -22.32969796580, -22.73557643868, 87.24683194499, -16.86848029540, 0, 0
-14.80039452697, 100.36937451906, -22.33005260893, -22.74098256917, 87.24575812678, -16.86902129121, 0, 0
-14.79696330893, 100.36799097831, -22.33040714210, -22.74638870198, 87.24468445235, -16.86956231868, 0, 0
-14.79353229510, 100.36660725151, -22.33076156529, -22.75179483712, 87.24361092167, -16.87010337783, 0, 0
-14.79010148549, 100.36522333867, -22.33111587850, -22.75720097459, 87.24253753474, -16.87064446871, 0, 0
-14.78667088010, 100.36383923981, -22.33147008172, -22.76260711437, 87.24146429152, -16.87118559136, 0, 0
-14.78324047895, 100.36245495494, -22.33182417496, -22.76801325645, 87.24039119200, -16.87172674581, 0, 0
-14.77981028205, 100.36107048408, -22.33217815820, -22.77341940085, 87.23931823617, -16.87226793209, 0, 0
-14.77638028941, 100.35968582725, -22.33253203145, -22.77882554754, 87.23824542400, -16.87280915025, 0, 0
-14.77295050104, 100.35830098446, -22.33288579468, -22.78423169653, 87.23717275547, -16.87335040031, 0, 0
-14.76952091694, 100.35691595573, -22.33323944791, -22.78963784781, 87.23610023057, -16.87389168233, 0, 0
-14.76609153713, 100.35553074106, -22.33359299112, -22.79504400138, 87.23502784927, -16.87443299633, 0, 0
-14.76266236162, 100.35414534048, -22.33394642431, -22.80045015722, 87.23395561156, -16.87497434234, 0, 0
-14.75923339041, 100.35275975400, -22.33429974748, -22.80585631534, 87.23288351742, -16.87551572042, 0, 0
-14.75580462353, 100.35137398163, -22.33465296061, -22.81126247573, 87.23181156682, -16.87605713059, 0, 0
-14.75237606096, 100.34998802339, -22.33500606371, -22.81666863838, 87.23073975976, -16.87659857289, 0, 0
-14.74894770274, 100.34860187930, -22.33535905677, -22.82207480329, 87.22966809620, -16.87714004735, 0, 0
-14.74551954886, 100.34721554937, -22.33571193978, -22.82748097046, 87.22859657614, -16.87768155402, 0, 0
-14.74209159934, 100.34582903361, -22.33606471274, -22.83288713987, 87.22752519954, -16.87822309293, 0, 0
-14.73866385418, 100.34444233204, -22.33641737564, -22.83829331153, 87.22645396640, -16.87876466411, 0, 0
-14.73523631340, 100.34305544468, -22.33676992848, -22.84369948543, 87.22538287670, -16.87930626761, 0, 0
-14.73180897701, 100.34166837153, -22.33712237125, -22.84910566156, 87.22431193041, -16.87984790346, 0, 0
-14.72838184501, 100.34028111262, -22.33747470395, -22.85451183992, 87.22324112751, -16.88038957169, 0, 0
-14.72495491741, 100.33889366796, -22.33782692658, -22.85991802051, 87.22217046800, -16.88093127235, 0, 0
-14.72152819423, 100.33750603757, -22.33817903912, -22.86532420331, 87.22109995183, -16.88147300546, 0, 0
-14.71810167548, 100.33611822146, -22.33853104157, -22.87073038833, 87.22002957901, -16.88201477108, 0, 0
-14.71467536116, 100.33473021964, -22.33888293393, -22.87613657556, 87.21895934951, -16.88255656922, 0, 0
-14.71124925129, 100.33334203213, -22.33923471619, -22.88154276499, 87.21788926331, -16.88309839993, 0, 0
-14.70782334587, 100.33195365895, -22.33958638834, -22.88694895661, 87.21681932038, -16.88364026325, 0, 0
-14.70439764491, 100.33056510010, -22.33993795039, -22.89235515043, 87.21574952072, -16.88418215921, 0, 0
-14.70097214843, 100.32917635562, -22.34028940233, -22.89776134644, 87.21467986431, -16.88472408785, 0, 0
-14.69754685643, 100.32778742550, -22.34064074414, -22.90316754463, 87.21361035111, -16.88526604920, 0, 0
-14.69412176892, 100.32639830977, -22.34099197583, -22.90857374501, 87.21254098112, -16.88580804330, 0, 0
-14.69069688592, 100.32500900843, -22.34134309739, -22.91397994755, 87.21147175432, -16.88635007019, 0, 0
-14.68727220743, 100.32361952152, -22.34169410882, -22.91938615226, 87.21040267068, -16.88689212991, 0, 0
-14.68384773346, 100.32222984903, -22.34204501011, -22.92479235913, 87.20933373019, -16.88743422248, 0, 0
-14.68042346403, 100.32083999099, -22.34239580125, -22.93019856817, 87.20826493283, -16.88797634796, 0, 0
-14.67699939913, 100.31944994741, -22.34274648224, -22.93560477935, 87.20719627857, -16.88851850637, 0, 0
-14.67357553879, 100.31805971830, -22.34309705308, -22.94101099268, 87.20612776741, -16.88906069774, 0, 0
-14.67015188301, 100.31666930369, -22.34344751375, -22.94641720816, 87.20505939932, -16.88960292213, 0, 0
-14.66672843180, 100.31527870358, -22.34379786426, -22.95182342577, 87.20399117427, -16.89014517955, 0, 0
-14.66330518518, 100.31388791799, -22.34414810460, -22.95722964552, 87.20292309226, -16.89068747006, 0, 0
-14.65988214314, 100.31249694694, -22.34449823476, -22.96263586739, 87.20185515327, -16.89122979368, 0, 0
-14.65645930570, 100.31110579044, -22.34484825475, -22.96804209138, 87.20078735726, -16.89177215045, 0, 0
-14.65303667287, 100.30971444851, -22.34519816454, -22.97344831750, 87.19971970423, -16.89231454041, 0, 0
-14.64961424466, 100.30832292115, -22.34554796415, -22.97885454572, 87.19865219416, -16.89285696360, 0, 0
-14.64619202108, 100.30693120840, -22.34589765355, -22.98426077605, 87.19758482702, -16.89339942005, 0, 0
-14.64277000214, 100.30553931025, -22.34624723276, -22.98966700849, 87.19651760280, -16.89394190979, 0, 0
-14.63934818785, 100.30414722673, -22.34659670176, -22.99507324302, 87.19545052147, -16.89448443287, 0, 0
-14.63592657822, 100.30275495785, -22.34694606054, -23.00047947964, 87.19438358303, -16.89502698932, 0, 0
-14.63250517325, 100.30136250363, -22.34729530911, -23.00588571836, 87.19331678744, -16.89556957918, 0, 0
-14.62908397297, 100.29996986408, -22.34764444746, -23.01129195915, 87.19225013470, -16.89611220248, 0, 0
-14.62566297736, 100.29857703921, -22.34799347557, -23.01669820202, 87.19118362477, -16.89665485926, 0, 0
-14.62224218646, 100.29718402905, -22.34834239346, -23.02210444696, 87.19011725765, -16.89719754956, 0, 0
-14.61882160026, 100.29579083360, -22.34869120111, -23.02751069397, 87.18905103331, -16.89774027341, 0, 0
-14.61540121878, 100.29439745289, -22.34903989851, -23.03291694304, 87.18798495173, -16.89828303084, 0, 0
-14.61198104202, 100.29300388692, -22.34938848566, -23.03832319417, 87.18691901289, -16.89882582190, 0, 0
-14.60856107000, 100.29161013572, -22.34973696256, -23.04372944735, 87.18585321679, -16.89936864663, 0, 0
-14.60514130273, 100.29021619929, -22.35008532921, -23.04913570258, 87.18478756338, -16.89991150504, 0, 0
-14.60172174020, 100.28882207766, -22.35043358558, -23.05454195985, 87.18372205266, -16.90045439720, 0, 0
-14.59830238245, 100.28742777083, -22.35078173169, -23.05994821916, 87.18265668461, -16.90099732312, 0, 0
-14.59488322946, 100.28603327882, -22.35112976753, -23.06535448050, 87.18159145921, -16.90154028285, 0, 0
-14.59146428126, 100.28463860165, -22.35147769308, -23.07076074386, 87.18052637643, -16.90208327642, 0, 0
-14.58804553785, 100.28324373934, -22.35182550835, -23.07616700925, 87.17946143626, -16.90262630388, 0, 0
-14.58462699925, 100.28184869189, -22.35217321333, -23.08157327665, 87.17839663869, -16.90316936524, 0, 0
-14.58120866545, 100.28045345932, -22.35252080802, -23.08697954607, 87.17733198368, -16.90371246056, 0, 0
-14.57779053648, 100.27905804166, -22.35286829241, -23.09238581749, 87.17626747123, -16.90425558987, 0, 0
-14.57437261234, 100.27766243890, -22.35321566649, -23.09779209092, 87.17520310130, -16.90479875319, 0, 0
-14.57095489304, 100.27626665107, -22.35356293025, -23.10319836634, 87.17413887389, -16.90534195058, 0, 0
-14.56753737859, 100.27487067819, -22.35391008371, -23.10860464375, 87.17307478897, -16.90588518207, 0, 0
-14.56412006900, 100.27347452027, -22.35425712684, -23.11401092315, 87.17201084653, -16.90642844769, 0, 0
-14.56070296427, 100.27207817732, -22.35460405965, -23.11941720454, 87.17094704654, -16.90697174748, 0, 0
-14.55728606443, 100.27068164935, -22.35495088212, -23.12482348789, 87.16988338899, -16.90751508147, 0, 0
-14.55386936948, 100.26928493639, -22.35529759426, -23.13022977323, 87.16881987385, -16.90805844970, 0, 0
-14.55045287942, 100.26788803845, -22.35564419606, -23.13563606052, 87.16775650111, -16.90860185221, 0, 0
-14.54703659427, 100.26649095555, -22.35599068751, -23.14104234978, 87.16669327074, -16.90914528904, 0, 0
-14.54362051404, 100.26509368769, -22.35633706861, -23.14644864100, 87.16563018274, -16.90968876021, 0, 0
-14.54020463873, 100.26369623490, -22.35668333935, -23.15185493417, 87.16456723707, -16.91023226577, 0, 0
-14.53678896836, 100.26229859719, -22.35702949973, -23.15726122928, 87.16350443372, -16.91077580576, 0, 0
-14.53337350293, 100.26090077457, -22.35737554974, -23.16266752634, 87.16244177267, -16.91131938020, 0, 0
-14.52995824246, 100.25950276706, -22.35772148938, -23.16807382534, 87.16137925391, -16.91186298913, 0, 0
-14.52654318695, 100.25810457467, -22.35806731865, -23.17348012626, 87.16031687740, -16.91240663260, 0, 0
-14.52312833642, 100.25670619743, -22.35841303753, -23.17888642912, 87.15925464314, -16.91295031063, 0, 0
-14.51971369087, 100.25530763534, -22.35875864602, -23.18429273389, 87.15819255110, -16.91349402327, 0, 0
-14.51629925031, 100.25390888842, -22.35910414412, -23.18969904059, 87.15713060126, -16.91403777054, 0, 0
-14.51288501476, 100.25250995669, -22.35944953182, -23.19510534919, 87.15606879360, -16.91458155249, 0, 0
-14.50947098421, 100.25111084015, -22.35979480911, -23.20051165970, 87.15500712811, -16.91512536915, 0, 0
-14.50605715869, 100.24971153884, -22.36013997600, -23.20591797212, 87.15394560477, -16.91566922056, 0, 0
-14.50264353820, 100.24831205275, -22.36048503247, -23.21132428643, 87.15288422355, -16.91621310675, 0, 0
-14.49923012275, 100.24691238191, -22.36082997853, -23.21673060263, 87.15182298444, -16.91675702776, 0, 0
-14.49581691234, 100.24551252633, -22.36117481416, -23.22213692072, 87.15076188741, -16.91730098363, 0, 0
-14.49240390700, 100.24411248603, -22.36151953936, -23.22754324070, 87.14970093245, -16.91784497439, 0, 0
-14.48899110672, 100.24271226101, -22.36186415413, -23.23294956255, 87.14864011954, -16.91838900008, 0, 0
-14.48557851152, 100.24131185131, -22.36220865846, -23.23835588627, 87.14757944866, -16.91893306073, 0, 0
-14.48216612141, 100.23991125692, -22.36255305234, -23.24376221186, 87.14651891979, -16.91947715638, 0, 0
-14.47875393639, 100.23851047788, -22.36289733577, -23.24916853931, 87.14545853291, -16.92002128707, 0, 0
-14.47534195648, 100.23710951418, -22.36324150875, -23.25457486862, 87.14439828800, -16.92056545282, 0, 0
-14.47193018169, 100.23570836585, -22.36358557127, -23.25998119979, 87.14333818503, -16.92110965369, 0, 0
-14.46851861202, 100.23430703291, -22.36392952332, -23.26538753280, 87.14227822401, -16.92165388970, 0, 0
-14.46510724748, 100.23290551536, -22.36427336490, -23.27079386765, 87.14121840489, -16.92219816089, 0, 0
-14.46169608809, 100.23150381322, -22.36461709601, -23.27620020434, 87.14015872766, -16.92274246730, 0, 0
-14.45828513385, 100.23010192652, -22.36496071663, -23.28160654287, 87.13909919231, -16.92328680896, 0, 0
-14.45487438477, 100.22869985525, -22.36530422677, -23.28701288322, 87.13803979882, -16.92383118591, 0, 0
-14.45146384086, 100.22729759945, -22.36564762642, -23.29241922539, 87.13698054715, -16.92437559818, 0, 0
-14.44805350214, 100.22589515911, -22.36599091557, -23.29782556939, 87.13592143731, -16.92492004581, 0, 0
-14.44464336860, 100.22449253427, -22.36633409422, -23.30323191519, 87.13486246925, -16.92546452884, 0, 0
-14.44123344026, 100.22308972493, -22.36667716237, -23.30863826281, 87.13380364298, -16.92600904730, 0, 0
-14.43782371713, 100.22168673111, -22.36702012000, -23.31404461222, 87.13274495846, -16.92655360123, 0, 0
-14.43441419922, 100.22028355282, -22.36736296711, -23.31945096344, 87.13168641567, -16.92709819066, 0, 0
-14.43100488654, 100.21888019008, -22.36770570371, -23.32485731645, 87.13062801461, -16.92764281564, 0, 0
-14.42759577909, 100.21747664291, -22.36804832977, -23.33026367124, 87.12956975524, -16.92818747619, 0, 0
-14.42418687689, 100.21607291131, -22.36839084530, -23.33567002783, 87.12851163756, -16.92873217235, 0, 0
-14.42077817994, 100.21466899531, -22.36873325030, -23.34107638618, 87.12745366153, -16.92927690416, 0, 0
-14.41736968826, 100.21326489492, -22.36907554475, -23.34648274632, 87.12639582714, -16.92982167165, 0, 0
-14.41396140186, 100.21186061016, -22.36941772866, -23.35188910822, 87.12533813437, -16.93036647486, 0, 0
-14.41055332073, 100.21045614104, -22.36975980201, -23.35729547188, 87.12428058320, -16.93091131383, 0, 0
-14.40714544490, 100.20905148757, -22.37010176481, -23.36270183731, 87.12322317361, -16.93145618859, 0, 0
-14.40373777437, 100.20764664977, -22.37044361704, -23.36810820449, 87.12216590559, -16.93200109918, 0, 0
-14.40033030915, 100.20624162766, -22.37078535870, -23.37351457341, 87.12110877910, -16.93254604563, 0, 0
-14.39692304925, 100.20483642125, -22.37112698979, -23.37892094409, 87.12005179414, -16.93309102798, 0, 0
-14.39351599468, 100.20343103056, -22.37146851030, -23.38432731650, 87.11899495069, -16.93363604626, 0, 0
-14.39010914545, 100.20202545560, -22.37180992023, -23.38973369064, 87.11793824871, -16.93418110052, 0, 0
-14.38670250157, 100.20061969639, -22.37215121956, -23.39514006652, 87.11688168820, -16.93472619078, 0, 0
-14.38329606305, 100.19921375293, -22.37249240831, -23.40054644412, 87.11582526914, -16.93527131709, 0, 0
-14.37988982989, 100.19780762526, -22.37283348645, -23.40595282343, 87.11476899150, -16.93581647947, 0, 0
-14.37648380211, 100.19640131338, -22.37317445399, -23.41135920447, 87.11371285526, -16.93636167797, 0, 0
-14.37307797971, 100.19499481730, -22.37351531092, -23.41676558721, 87.11265686041, -16.93690691262, 0, 0
-14.36967236270, 100.19358813705, -22.37385605724, -23.42217197166, 87.11160100693, -16.93745218346, 0, 0
-14.36626695110, 100.19218127264, -22.37419669293, -23.42757835781, 87.11054529480, -16.93799749051, 0, 0
-14.36286174492, 100.19077422408, -22.37453721800, -23.43298474565, 87.10948972399, -16.93854283383, 0, 0
-14.35945674415, 100.18936699139, -22.37487763244, -23.43839113518, 87.10843429449, -16.93908821344, 0, 0
-14.35605194882, 100.18795957458, -22.37521793625, -23.44379752640, 87.10737900627, -16.93963362938, 0, 0
-14.35264735892, 100.18655197367, -22.37555812941, -23.44920391930, 87.10632385933, -16.94017908168, 0, 0
-14.34924297448, 100.18514418868, -22.37589821193, -23.45461031388, 87.10526885364, -16.94072457039, 0, 0
-14.34583879549, 100.18373621961, -22.37623818380, -23.46001671012, 87.10421398917, -16.94127009553, 0, 0
-14.34243482197, 100.18232806649, -22.37657804501, -23.46542310803, 87.10315926591, -16.94181565714, 0, 0
-14.33903105393, 100.18091972933, -22.37691779556, -23.47082950761, 87.10210468385, -16.94236125527, 0, 0
-14.33562749137, 100.17951120815, -22.37725743545, -23.47623590884, 87.10105024295, -16.94290688994, 0, 0
-14.33222413431, 100.17810250295, -22.37759696466, -23.48164231172, 87.09999594321, -16.94345256118, 0, 0
-14.32882098276, 100.17669361377, -22.37793638320, -23.48704871624, 87.09894178460, -16.94399826905, 0, 0
-14.32541803672, 100.17528454060, -22.37827569106, -23.49245512241, 87.09788776710, -16.94454401356, 0, 0
-14.32201529620, 100.17387528347, -22.37861488823, -23.49786153021, 87.09683389069, -16.94508979476, 0, 0
-14.31861276121, 100.17246584239, -22.37895397471, -23.50326793965, 87.09578015535, -16.94563561269, 0, 0
-14.31521043176, 100.17105621738, -22.37929295049, -23.50867435071, 87.09472656107, -16.94618146737, 0, 0
-14.31180830787, 100.16964640845, -22.37963181557, -23.51408076340, 87.09367310782, -16.94672735885, 0, 0
-14.30840638953, 100.16823641561, -22.37997056994, -23.51948717770, 87.09261979558, -16.94727328716, 0, 0
-14.30500467676, 100.16682623889, -22.38030921360, -23.52489359361, 87.09156662434, -16.94781925233, 0, 0
-14.30160316957, 100.16541587830, -22.38064774654, -23.53030001114, 87.09051359407, -16.94836525440, 0, 0
-14.29820186796, 100.16400533385, -22.38098616876, -23.53570643026, 87.08946070476, -16.94891129342, 0, 0
-14.29480077195, 100.16259460556, -22.38132448025, -23.54111285098, 87.08840795638, -16.94945736940, 0, 0
-14.29139988155, 100.16118369344, -22.38166268101, -23.54651927330, 87.08735534892, -16.95000348240, 0, 0
-14.28799919676, 100.15977259751, -22.38200077103, -23.55192569720, 87.08630288236, -16.95054963244, 0, 0
-14.28459871759, 100.15836131778, -22.38233875030, -23.55733212269, 87.08525055667, -16.95109581955, 0, 0
-14.28119844406, 100.15694985428, -22.38267661883, -23.56273854975, 87.08419837183, -16.95164204379, 0, 0
-14.27779837616, 100.15553820701, -22.38301437661, -23.56814497839, 87.08314632784, -16.95218830517, 0, 0
-14.27439851392, 100.15412637598, -22.38335202362, -23.57355140859, 87.08209442466, -16.95273460374, 0, 0
-14.27099885734, 100.15271436123, -22.38368955988, -23.57895784036, 87.08104266228, -16.95328093954, 0, 0
-14.26759940642, 100.15130216275, -22.38402698536, -23.58436427369, 87.07999104067, -16.95382731259, 0, 0
-14.26420016118, 100.14988978057, -22.38436430007, -23.58977070858, 87.07893955983, -16.95437372294, 0, 0
-14.26080112163, 100.14847721470, -22.38470150400, -23.59517714501, 87.07788821972, -16.95492017062, 0, 0
-14.25740228777, 100.14706446516, -22.38503859715, -23.60058358299, 87.07683702033, -16.95546665566, 0, 0
-14.25400365962, 100.14565153196, -22.38537557951, -23.60599002250, 87.07578596164, -16.95601317810, 0, 0
-14.25060523718, 100.14423841511, -22.38571245107, -23.61139646355, 87.07473504363, -16.95655973798, 0, 0
-14.24720702046, 100.14282511464, -22.38604921183, -23.61680290613, 87.07368426628, -16.95710633533, 0, 0
-14.24380900948, 100.14141163055, -22.38638586179, -23.62220935024, 87.07263362957, -16.95765297018, 0, 0
-14.24041120423, 100.13999796287, -22.38672240094, -23.62761579587, 87.07158313348, -16.95819964258, 0, 0
-14.23701360474, 100.13858411161, -22.38705882927, -23.63302224301, 87.07053277799, -16.95874635256, 0, 0
-14.23361621100, 100.13717007677, -22.38739514679, -23.63842869166, 87.06948256308, -16.95929310016, 0, 0
-14.23021902303, 100.13575585839, -22.38773135347, -23.64383514182, 87.06843248874, -16.95983988540, 0, 0
-14.22682204084, 100.13434145647, -22.38806744933, -23.64924159348, 87.06738255493, -16.96038670833, 0, 0
-14.22342526444, 100.13292687103, -22.38840343435, -23.65464804663, 87.06633276165, -16.96093356898, 0, 0
-14.22002869382, 100.13151210208, -22.38873930853, -23.66005450128, 87.06528310886, -16.96148046738, 0, 0
-14.21663232902, 100.13009714965, -22.38907507187, -23.66546095741, 87.06423359656, -16.96202740358, 0, 0
-14.21323617002, 100.12868201374, -22.38941072436, -23.67086741503, 87.06318422473, -16.96257437760, 0, 0
-14.20984021685, 100.12726669437, -22.38974626598, -23.67627387412, 87.06213499333, -16.96312138949, 0, 0
-14.20644446950, 100.12585119155, -22.39008169675, -23.68168033468, 87.06108590236, -16.96366843928, 0, 0
-14.20304892800, 100.12443550531, -22.39041701665, -23.68708679672, 87.06003695179, -16.96421552700, 0, 0
-14.19965359234, 100.12301963565, -22.39075222568, -23.69249326021, 87.05898814161, -16.96476265269, 0, 0
-14.19625846254, 100.12160358259, -22.39108732384, -23.69789972516, 87.05793947178, -16.96530981638, 0, 0
-14.19286353861, 100.12018734615, -22.39142231111, -23.70330619157, 87.05689094231, -16.96585701811, 0, 0
-14.18946882056, 100.11877092634, -22.39175718749, -23.70871265942, 87.05584255315, -16.96640425793, 0, 0
-14.18607430838, 100.11735432318, -22.39209195299, -23.71411912871, 87.05479430430, -16.96695153585, 0, 0
-14.18268000210, 100.11593753669, -22.39242660758, -23.71952559945, 87.05374619574, -16.96749885192, 0, 0
-14.17928590172, 100.11452056687, -22.39276115128, -23.72493207162, 87.05269822744, -16.96804620617, 0, 0
-14.17589200726, 100.11310341374, -22.39309558406, -23.73033854521, 87.05165039938, -16.96859359864, 0, 0
-14.17249831871, 100.11168607733, -22.39342990594, -23.73574502023, 87.05060271155, -16.96914102936, 0, 0
-14.16910483609, 100.11026855763, -22.39376411690, -23.74115149667, 87.04955516393, -16.96968849837, 0, 0
-14.16571155941, 100.10885085468, -22.39409821693, -23.74655797453, 87.04850775649, -16.97023600571, 0, 0
-14.16231848867, 100.10743296848, -22.39443220604, -23.75196445379, 87.04746048921, -16.97078355140, 0, 0
-14.15892562389, 100.10601489905, -22.39476608421, -23.75737093446, 87.04641336209, -16.97133113549, 0, 0
-14.15553296508, 100.10459664641, -22.39509985145, -23.76277741653, 87.04536637509, -16.97187875801, 0, 0
-14.15214051223, 100.10317821057, -22.39543350774, -23.76818390000, 87.04431952819, -16.97242641899, 0, 0
-14.14874826537, 100.10175959154, -22.39576705308, -23.77359038485, 87.04327282138, -16.97297411848, 0, 0
-14.14535622450, 100.10034078934, -22.39610048747, -23.77899687110, 87.04222625464, -16.97352185650, 0, 0
-14.14196438963, 100.09892180400, -22.39643381091, -23.78440335872, 87.04117982795, -16.97406963310, 0, 0
-14.13857276077, 100.09750263551, -22.39676702338, -23.78980984772, 87.04013354128, -16.97461744830, 0, 0
-14.13518133793, 100.09608328390, -22.39710012488, -23.79521633809, 87.03908739462, -16.97516530215, 0, 0
-14.13179012111, 100.09466374919, -22.39743311540, -23.80062282983, 87.03804138794, -16.97571319467, 0, 0
-14.12839911033, 100.09324403138, -22.39776599495, -23.80602932293, 87.03699552124, -16.97626112591, 0, 0
-14.12500830559, 100.09182413049, -22.39809876351, -23.81143581738, 87.03594979448, -16.97680909589, 0, 0
-14.12161770690, 100.09040404655, -22.39843142109, -23.81684231319, 87.03490420765, -16.97735710466, 0, 0
-14.11822731427, 100.08898377956, -22.39876396767, -23.82224881035, 87.03385876073, -16.97790515225, 0, 0
-14.11483712772, 100.08756332953, -22.39909640325, -23.82765530885, 87.03281345369, -16.97845323869, 0, 0
-14.11144714724, 100.08614269650, -22.39942872783, -23.83306180869, 87.03176828652, -16.97900136403, 0, 0
-14.10805737285, 100.08472188046, -22.39976094139, -23.83846830986, 87.03072325921, -16.97954952828, 0, 0
-14.10466780456, 100.08330088144, -22.40009304395, -23.84387481236, 87.02967837172, -16.98009773150, 0, 0
-14.10127844238, 100.08187969945, -22.40042503548, -23.84928131618, 87.02863362403, -16.98064597372, 0, 0
-14.09788928631, 100.08045833451, -22.40075691599, -23.85468782133, 87.02758901614, -16.98119425497, 0, 0
-14.09450033636, 100.07903678662, -22.40108868546, -23.86009432779, 87.02654454802, -16.98174257528, 0, 0
-14.09111159254, 100.07761505582, -22.40142034390, -23.86550083555, 87.02550021964, -16.98229093470, 0, 0
-14.08772305486, 100.07619314211, -22.40175189131, -23.87090734463, 87.02445603100, -16.98283933325, 0, 0
-14.08433472334, 100.07477104550, -22.40208332766, -23.87631385500, 87.02341198206, -16.98338777097, 0, 0
-14.08094659797, 100.07334876602, -22.40241465297, -23.88172036667, 87.02236807281, -16.98393624791, 0, 0
-14.07755867877, 100.07192630368, -22.40274586722, -23.88712687963, 87.02132430323, -16.98448476408, 0, 0
-14.07417096574, 100.07050365849, -22.40307697041, -23.89253339387, 87.02028067330, -16.98503331953, 0, 0
-14.07078345890, 100.06908083047, -22.40340796253, -23.89793990940, 87.01923718300, -16.98558191430, 0, 0
-14.06739615825, 100.06765781963, -22.40373884359, -23.90334642620, 87.01819383231, -16.98613054842, 0, 0
-14.06400906380, 100.06623462599, -22.40406961356, -23.90875294428, 87.01715062121, -16.98667922192, 0, 0
-14.06062217556, 100.06481124957, -22.40440027246, -23.91415946362, 87.01610754968, -16.98722793484, 0, 0
-14.05723549355, 100.06338769039, -22.40473082027, -23.91956598422, 87.01506461770, -16.98777668721, 0, 0
-14.05384901776, 100.06196394844, -22.40506125699, -23.92497250609, 87.01402182525, -16.98832547907, 0, 0
-14.05046274821, 100.06054002376, -22.40539158261, -23.93037902920, 87.01297917230, -16.98887431046, 0, 0
-14.04707668490, 100.05911591636, -22.40572179713, -23.93578555356, 87.01193665885, -16.98942318141, 0, 0
-14.04369082784, 100.05769162624, -22.40605190054, -23.94119207917, 87.01089428487, -16.98997209195, 0, 0
-14.04030517705, 100.05626715344, -22.40638189285, -23.94659860602, 87.00985205034, -16.99052104212, 0, 0
-14.03691973254, 100.05484249796, -22.40671177403, -23.95200513410, 87.00880995523, -16.99107003196, 0, 0
-14.03353449430, 100.05341765981, -22.40704154409, -23.95741166341, 87.00776799954, -16.99161906150, 0, 0
-14.03014946235, 100.05199263903, -22.40737120303, -23.96281819394, 87.00672618324, -16.99216813077, 0, 0
-14.02676463669, 100.05056743561, -22.40770075083, -23.96822472569, 87.00568450631, -16.99271723982, 0, 0
-14.02338001735, 100.04914204957, -22.40803018750, -23.97363125866, 87.00464296872, -16.99326638867, 0, 0
-14.01999560432, 100.04771648094, -22.40835951302, -23.97903779284, 87.00360157047, -16.99381557736, 0, 0
-14.01661139761, 100.04629072972, -22.40868872740, -23.98444432822, 87.00256031153, -16.99436480593, 0, 0
-14.01322739723, 100.04486479593, -22.40901783063, -23.98985086481, 87.00151919188, -16.99491407441, 0, 0
-14.00984360320, 100.04343867959, -22.40934682269, -23.99525740259, 87.00047821149, -16.99546338284, 0, 0
-14.00646001551, 100.04201238071, -22.40967570360, -24.00066394157, 86.99943737036, -16.99601273125, 0, 0
-14.00307663418, 100.04058589930, -22.41000447333, -24.00607048173, 86.99839666846, -16.99656211968, 0, 0
-13.99969345922, 100.03915923539, -22.41033313189, -24.01147702307, 86.99735610577, -16.99711154815, 0, 0
-13.99631049064, 100.03773238899, -22.41066167928, -24.01688356559, 86.99631568227, -16.99766101672, 0, 0
-13.99292772843, 100.03630536011, -22.41099011548, -24.02229010929, 86.99527539794, -16.99821052541, 0, 0
-13.98954517262, 100.03487814877, -22.41131844049, -24.02769665415, 86.99423525276, -16.99876007425, 0, 0
-13.98616282322, 100.03345075498, -22.41164665431, -24.03310320017, 86.99319524670, -16.99930966329, 0, 0
-13.98278068022, 100.03202317877, -22.41197475693, -24.03850974736, 86.99215537976, -16.99985929255, 0, 0
-13.97939874364, 100.03059542013, -22.41230274835, -24.04391629570, 86.99111565191, -17.00040896208, 0, 0
-13.97601701348, 100.02916747910, -22.41263062856, -24.04932284519, 86.99007606313, -17.00095867190, 0, 0
-13.97263548976, 100.02773935569, -22.41295839756, -24.05472939582, 86.98903661340, -17.00150842206, 0, 0
-13.96925417249, 100.02631104990, -22.41328605533, -24.06013594759, 86.98799730270, -17.00205821258, 0, 0
-13.96587306167, 100.02488256177, -22.41361360189, -24.06554250050, 86.98695813101, -17.00260804351, 0, 0
-13.96249215731, 100.02345389129, -22.41394103721, -24.07094905454, 86.98591909831, -17.00315791487, 0, 0
-13.95911145942, 100.02202503849, -22.41426836130, -24.07635560970, 86.98488020458, -17.00370782671, 0, 0
-13.95573096801, 100.02059600339, -22.41459557415, -24.08176216599, 86.98384144979, -17.00425777906, 0, 0
-13.95235068308, 100.01916678599, -22.41492267575, -24.08716872339, 86.98280283394, -17.00480777194, 0, 0
-13.94897060465, 100.01773738632, -22.41524966611, -24.09257528191, 86.98176435700, -17.00535780541, 0, 0
-13.94559073273, 100.01630780439, -22.41557654521, -24.09798184153, 86.98072601895, -17.00590787948, 0, 0
-13.94221106731, 100.01487804021, -22.41590331305, -24.10338840226, 86.97968781976, -17.00645799421, 0, 0
-13.93883160842, 100.01344809381, -22.41622996963, -24.10879496408, 86.97864975943, -17.00700814962, 0, 0
-13.93545235606, 100.01201796518, -22.41655651494, -24.11420152700, 86.97761183792, -17.00755834574, 0, 0
-13.93207331023, 100.01058765436, -22.41688294897, -24.11960809101, 86.97657405523, -17.00810858262, 0, 0
-13.92869447095, 100.00915716136, -22.41720927173, -24.12501465610, 86.97553641132, -17.00865886029, 0, 0
-13.92531583823, 100.00772648619, -22.41753548319, -24.13042122226, 86.97449890618, -17.00920917877, 0, 0
-13.92193741207, 100.00629562886, -22.41786158337, -24.13582778951, 86.97346153979, -17.00975953812, 0, 0
-13.91855919248, 100.00486458940, -22.41818757225, -24.14123435782, 86.97242431213, -17.01030993836, 0, 0
-13.91518117948, 100.00343336782, -22.41851344983, -24.14664092720, 86.97138722318, -17.01086037952, 0, 0
-13.91180337306, 100.00200196413, -22.41883921611, -24.15204749764, 86.97035027292, -17.01141086165, 0, 0
-13.90842577324, 100.00057037835, -22.41916487108, -24.15745406914, 86.96931346132, -17.01196138477, 0, 0
-13.90504838003, 99.99913861050, -22.41949041473, -24.16286064169, 86.96827678838, -17.01251194893, 0, 0
-13.90167119343, 99.99770666058, -22.41981584706, -24.16826721528, 86.96724025406, -17.01306255415, 0, 0
-13.89829421345, 99.99627452862, -22.42014116806, -24.17367378992, 86.96620385835, -17.01361320048, 0, 0
-13.89491744010, 99.99484221463, -22.42046637773, -24.17908036560, 86.96516760123, -17.01416388794, 0, 0
-13.89154087340, 99.99340971863, -22.42079147607, -24.18448694231, 86.96413148268, -17.01471461658, 0, 0
-13.88816451334, 99.99197704063, -22.42111646307, -24.18989352004, 86.96309550267, -17.01526538642, 0, 0
-13.88478835994, 99.99054418065, -22.42144133872, -24.19530009880, 86.96205966119, -17.01581619750, 0, 0
-13.88141241321, 99.98911113870, -22.42176610301, -24.20070667858, 86.96102395822, -17.01636704986, 0, 0
-13.87803667315, 99.98767791481, -22.42209075596, -24.20611325938, 86.95998839374, -17.01691794352, 0, 0
-13.87466113977, 99.98624450897, -22.42241529754, -24.21151984118, 86.95895296772, -17.01746887854, 0, 0
-13.87128581308, 99.98481092121, -22.42273972775, -24.21692642399, 86.95791768015, -17.01801985493, 0, 0
-13.86791069309, 99.98337715155, -22.42306404660, -24.22233300780, 86.95688253101, -17.01857087275, 0, 0
-13.86453577980, 99.98194320000, -22.42338825406, -24.22773959261, 86.95584752027, -17.01912193201, 0, 0
-13.86116107324, 99.98050906658, -22.42371235015, -24.23314617840, 86.95481264792, -17.01967303275, 0, 0
-13.85778657339, 99.97907475129, -22.42403633484, -24.23855276519, 86.95377791394, -17.02022417502, 0, 0
-13.85441228028, 99.97764025417, -22.42436020815, -24.24395935295, 86.95274331830, -17.02077535884, 0, 0
-13.85103819391, 99.97620557521, -22.42468397006, -24.24936594170, 86.95170886099, -17.02132658426, 0, 0
-13.84766431429, 99.97477071445, -22.42500762056, -24.25477253141, 86.95067454198, -17.02187785129, 0, 0
-13.84429064143, 99.97333567188, -22.42533115966, -24.26017912210, 86.94964036126, -17.02242915999, 0, 0
-13.84091717534, 99.97190044754, -22.42565458735, -24.26558571374, 86.94860631880, -17.02298051038, 0, 0
-13.83754391601, 99.97046504143, -22.42597790362, -24.27099230635, 86.94757241459, -17.02353190250, 0, 0
-13.83417086347, 99.96902945357, -22.42630110847, -24.27639889991, 86.94653864861, -17.02408333638, 0, 0
-13.83079801773, 99.96759368397, -22.42662420189, -24.28180549443, 86.94550502083, -17.02463481206, 0, 0
-13.82742537878, 99.96615773266, -22.42694718388, -24.28721208988, 86.94447153123, -17.02518632957, 0, 0
-13.82405294664, 99.96472159964, -22.42727005443, -24.29261868628, 86.94343817980, -17.02573788895, 0, 0
-13.82068072131, 99.96328528494, -22.42759281354, -24.29802528361, 86.94240496651, -17.02628949024, 0, 0
-13.81730870281, 99.96184878856, -22.42791546120, -24.30343188188, 86.94137189135, -17.02684113346, 0, 0
-13.81393689114, 99.96041211053, -22.42823799740, -24.30883848107, 86.94033895429, -17.02739281865, 0, 0
-13.81056528632, 99.95897525085, -22.42856042215, -24.31424508118, 86.93930615531, -17.02794454586, 0, 0
-13.80719388834, 99.95753820955, -22.42888273544, -24.31965168222, 86.93827349440, -17.02849631510, 0, 0
-13.80382269722, 99.95610098663, -22.42920493726, -24.32505828416, 86.93724097153, -17.02904812642, 0, 0
-13.80045171297, 99.95466358212, -22.42952702760, -24.33046488701, 86.93620858668, -17.02959997985, 0, 0
-13.79708093559, 99.95322599604, -22.42984900647, -24.33587149077, 86.93517633983, -17.03015187542, 0, 0
-13.79371036510, 99.95178822838, -22.43017087385, -24.34127809543, 86.93414423097, -17.03070381318, 0, 0
-13.79034000149, 99.95035027918, -22.43049262975, -24.34668470098, 86.93311226007, -17.03125579315, 0, 0
-13.78696984479, 99.94891214845, -22.43081427415, -24.35209130742, 86.93208042711, -17.03180781537, 0, 0
-13.78359989499, 99.94747383620, -22.43113580705, -24.35749791475, 86.93104873207, -17.03235987987, 0, 0
-13.78023015211, 99.94603534244, -22.43145722845, -24.36290452296, 86.93001717493, -17.03291198670, 0, 0
-13.77686061615, 99.94459666720, -22.43177853834, -24.36831113204, 86.92898575568, -17.03346413588, 0, 0
-13.77349128712, 99.94315781049, -22.43209973672, -24.37371774200, 86.92795447428, -17.03401632744, 0, 0
-13.77012216504, 99.94171877233, -22.43242082358, -24.37912435282, 86.92692333073, -17.03456856143, 0, 0
-13.76675324990, 99.94027955272, -22.43274179891, -24.38453096451, 86.92589232499, -17.03512083788, 0, 0
-13.76338454172, 99.93884015169, -22.43306266272, -24.38993757705, 86.92486145706, -17.03567315682, 0, 0
-13.76001604051, 99.93740056925, -22.43338341499, -24.39534419045, 86.92383072690, -17.03622551828, 0, 0
-13.75664774627, 99.93596080542, -22.43370405572, -24.40075080470, 86.92280013450, -17.03677792231, 0, 0
-13.75327965901, 99.93452086021, -22.43402458491, -24.40615741979, 86.92176967984, -17.03733036893, 0, 0
-13.74991177874, 99.93308073364, -22.43434500255, -24.41156403572, 86.92073936290, -17.03788285819, 0, 0
-13.74654410547, 99.93164042572, -22.43466530863, -24.41697065249, 86.91970918366, -17.03843539011, 0, 0
-13.74317663921, 99.93019993647, -22.43498550316, -24.42237727009, 86.91867914210, -17.03898796473, 0, 0
-13.73980937996, 99.92875926590, -22.43530558612, -24.42778388851, 86.91764923819, -17.03954058208, 0, 0
-13.73644232774, 99.92731841404, -22.43562555751, -24.43319050776, 86.91661947193, -17.04009324220, 0, 0
-13.73307548254, 99.92587738089, -22.43594541733, -24.43859712782, 86.91558984327, -17.04064594513, 0, 0
-13.72970884439, 99.92443616647, -22.43626516556, -24.44400374870, 86.91456035222, -17.04119869090, 0, 0
-13.72634241328, 99.92299477080, -22.43658480222, -24.44941037038, 86.91353099874, -17.04175147953, 0, 0
-13.72297618923, 99.92155319389, -22.43690432728, -24.45481699287, 86.91250178282, -17.04230431108, 0, 0
-13.71961017224, 99.92011143576, -22.43722374075, -24.46022361616, 86.91147270443, -17.04285718557, 0, 0
-13.71624436233, 99.91866949642, -22.43754304261, -24.46563024024, 86.91044376356, -17.04341010303, 0, 0
-13.71287875949, 99.91722737589, -22.43786223288, -24.47103686511, 86.90941496018, -17.04396306351, 0, 0
-13.70951336375, 99.91578507418, -22.43818131153, -24.47644349077, 86.90838629428, -17.04451606702, 0, 0
-13.70614817510, 99.91434259131, -22.43850027857, -24.48185011720, 86.90735776583, -17.04506911362, 0, 0
-13.70278319355, 99.91289992730, -22.43881913399, -24.48725674442, 86.90632937482, -17.04562220334, 0, 0
-13.69941841912, 99.91145708217, -22.43913787778, -24.49266337240, 86.90530112122, -17.04617533620, 0, 0
-13.69605385181, 99.91001405591, -22.43945650994, -24.49807000115, 86.90427300501, -17.04672851225, 0, 0
-13.69268949162, 99.90857084856, -22.43977503047, -24.50347663067, 86.90324502618, -17.04728173151, 0, 0
-13.68932533858, 99.90712746013, -22.44009343936, -24.50888326094, 86.90221718470, -17.04783499403, 0, 0
-13.68596139268, 99.90568389063, -22.44041173660, -24.51428989197, 86.90118948055, -17.04838829984, 0, 0
-13.68259765393, 99.90424014008, -22.44072992219, -24.51969652374, 86.90016191371, -17.04894164896, 0, 0
-13.67923412235, 99.90279620850, -22.44104799612, -24.52510315627, 86.89913448416, -17.04949504144, 0, 0
-13.67587079793, 99.90135209589, -22.44136595840, -24.53050978953, 86.89810719188, -17.05004847731, 0, 0
-13.67250768070, 99.89990780228, -22.44168380901, -24.53591642352, 86.89708003686, -17.05060195661, 0, 0
-13.66914477065, 99.89846332768, -22.44200154794, -24.54132305825, 86.89605301906, -17.05115547937, 0, 0
-13.66578206779, 99.89701867211, -22.44231917521, -24.54672969370, 86.89502613848, -17.05170904562, 0, 0
-13.66241957213, 99.89557383558, -22.44263669079, -24.55213632988, 86.89399939508, -17.05226265539, 0, 0
-13.65905728369, 99.89412881811, -22.44295409468, -24.55754296677, 86.89297278885, -17.05281630873, 0, 0
-13.65569520246, 99.89268361971, -22.44327138689, -24.56294960438, 86.89194631978, -17.05337000567, 0, 0
-13.65233332846, 99.89123824040, -22.44358856740, -24.56835624270, 86.89091998782, -17.05392374624, 0, 0
-13.64897166170, 99.88979268020, -22.44390563620, -24.57376288172, 86.88989379298, -17.05447753047, 0, 0
-13.64561020218, 99.88834693911, -22.44422259331, -24.57916952143, 86.88886773523, -17.05503135840, 0, 0
-13.64224894990, 99.88690101717, -22.44453943870, -24.58457616185, 86.88784181454, -17.05558523007, 0, 0
-13.63888790489, 99.88545491437, -22.44485617237, -24.58998280295, 86.88681603089, -17.05613914551, 0, 0
-13.63552706714, 99.88400863074, -22.44517279432, -24.59538944474, 86.88579038428, -17.05669310475, 0, 0
-13.63216643667, 99.88256216630, -22.44548930455, -24.60079608721, 86.88476487467, -17.05724710783, 0, 0
-13.62880601348, 99.88111552105, -22.44580570304, -24.60620273036, 86.88373950204, -17.05780115478, 0, 0
-13.62544579758, 99.87966869501, -22.44612198980, -24.61160937419, 86.88271426638, -17.05835524564, 0, 0
-13.62208578898, 99.87822168821, -22.44643816482, -24.61701601867, 86.88168916766, -17.05890938043, 0, 0
-13.61872598769, 99.87677450065, -22.44675422809, -24.62242266383, 86.88066420587, -17.05946355920, 0, 0
-13.61536639371, 99.87532713235, -22.44707017961, -24.62782930964, 86.87963938097, -17.06001778199, 0, 0
-13.61200700706, 99.87387958333, -22.44738601937, -24.63323595611, 86.87861469297, -17.06057204881, 0, 0
-13.60864782773, 99.87243185360, -22.44770174737, -24.63864260322, 86.87759014182, -17.06112635971, 0, 0
-13.60528885575, 99.87098394318, -22.44801736360, -24.64404925099, 86.87656572752, -17.06168071473, 0, 0
-13.60193009111, 99.86953585208, -22.44833286806, -24.64945589939, 86.87554145003, -17.06223511389, 0, 0
-13.59857153383, 99.86808758032, -22.44864826075, -24.65486254843, 86.87451730935, -17.06278955724, 0, 0
-13.59521318391, 99.86663912791, -22.44896354165, -24.66026919810, 86.87349330545, -17.06334404479, 0, 0
-13.59185504136, 99.86519049487, -22.44927871077, -24.66567584841, 86.87246943831, -17.06389857660, 0, 0
-13.58849710618, 99.86374168122, -22.44959376809, -24.67108249933, 86.87144570791, -17.06445315269, 0, 0
-13.58513937840, 99.86229268697, -22.44990871362, -24.67648915087, 86.87042211422, -17.06500777310, 0, 0
-13.58178185801, 99.86084351214, -22.45022354734, -24.68189580303, 86.86939865724, -17.06556243786, 0, 0
-13.57842454502, 99.85939415674, -22.45053826926, -24.68730245580, 86.86837533693, -17.06611714701, 0, 0
-13.57506743945, 99.85794462079, -22.45085287936, -24.69270910917, 86.86735215328, -17.06667190058, 0, 0
-13.57171054129, 99.85649490430, -22.45116737765, -24.69811576314, 86.86632910627, -17.06722669861, 0, 0
-13.56835385056, 99.85504500729, -22.45148176412, -24.70352241771, 86.86530619588, -17.06778154112, 0, 0
-13.56499736726, 99.85359492978, -22.45179603875, -24.70892907287, 86.86428342208, -17.06833642816, 0, 0
-13.56164109141, 99.85214467177, -22.45211020156, -24.71433572862, 86.86326078485, -17.06889135975, 0, 0
-13.55828502300, 99.85069423330, -22.45242425253, -24.71974238496, 86.86223828418, -17.06944633594, 0, 0
-13.55492916205, 99.84924361436, -22.45273819165, -24.72514904187, 86.86121592004, -17.07000135676, 0, 0
-13.55157350857, 99.84779281498, -22.45305201893, -24.73055569935, 86.86019369242, -17.07055642223, 0, 0
-13.54821806257, 99.84634183518, -22.45336573436, -24.73596235741, 86.85917160129, -17.07111153240, 0, 0
-13.54486282404, 99.84489067497, -22.45367933793, -24.74136901603, 86.85814964664, -17.07166668730, 0, 0
-13.54150779301, 99.84343933435, -22.45399282963, -24.74677567521, 86.85712782843, -17.07222188696, 0, 0
-13.53815296947, 99.84198781336, -22.45430620947, -24.75218233495, 86.85610614666, -17.07277713141, 0, 0
-13.53479835344, 99.84053611201, -22.45461947743, -24.75758899524, 86.85508460130, -17.07333242070, 0, 0
-13.53144394493, 99.83908423030, -22.45493263352, -24.76299565608, 86.85406319233, -17.07388775486, 0, 0
-13.52808974393, 99.83763216827, -22.45524567773, -24.76840231746, 86.85304191973, -17.07444313391, 0, 0
-13.52473575046, 99.83617992591, -22.45555861004, -24.77380897938, 86.85202078348, -17.07499855790, 0, 0
-13.52138196453, 99.83472750326, -22.45587143047, -24.77921564183, 86.85099978355, -17.07555402686, 0, 0
-13.51802838615, 99.83327490032, -22.45618413899, -24.78462230482, 86.84997891994, -17.07610954082, 0, 0
-13.51467501532, 99.83182211711, -22.45649673561, -24.79002896833, 86.84895819261, -17.07666509981, 0, 0
-13.51132185205, 99.83036915364, -22.45680922033, -24.79543563236, 86.84793760155, -17.07722070388, 0, 0
-13.50796889634, 99.82891600993, -22.45712159313, -24.80084229690, 86.84691714674, -17.07777635305, 0, 0
-13.50461614822, 99.82746268601, -22.45743385401, -24.80624896196, 86.84589682815, -17.07833204736, 0, 0
-13.50126360767, 99.82600918187, -22.45774600297, -24.81165562753, 86.84487664577, -17.07888778684, 0, 0
-13.49791127472, 99.82455549754, -22.45805804000, -24.81706229360, 86.84385659957, -17.07944357152, 0, 0
-13.49455914937, 99.82310163304, -22.45836996510, -24.82246896017, 86.84283668953, -17.07999940145, 0, 0
-13.49120723163, 99.82164758837, -22.45868177826, -24.82787562723, 86.84181691564, -17.08055527666, 0, 0
-13.48785552150, 99.82019336356, -22.45899347948, -24.83328229479, 86.84079727788, -17.08111119717, 0, 0
-13.48450401900, 99.81873895862, -22.45930506875, -24.83868896283, 86.83977777621, -17.08166716303, 0, 0
-13.48115272413, 99.81728437357, -22.45961654607, -24.84409563135, 86.83875841063, -17.08222317426, 0, 0
-13.47780163689, 99.81582960841, -22.45992791142, -24.84950230035, 86.83773918111, -17.08277923091, 0, 0
-13.47445075731, 99.81437466318, -22.46023916482, -24.85490896982, 86.83672008762, -17.08333533300, 0, 0
-13.47110008537, 99.81291953788, -22.46055030624, -24.86031563975, 86.83570113016, -17.08389148057, 0, 0
-13.46774962110, 99.81146423253, -22.46086133569, -24.86572231016, 86.83468230870, -17.08444767365, 0, 0
-13.46439936450, 99.81000874714, -22.46117225317, -24.87112898102, 86.83366362321, -17.08500391228, 0, 0
-13.46104931558, 99.80855308173, -22.46148305866, -24.87653565233, 86.83264507369, -17.08556019649, 0, 0
-13.45769947434, 99.80709723632, -22.46179375216, -24.88194232410, 86.83162666010, -17.08611652632, 0, 0
-13.45434984080, 99.80564121093, -22.46210433366, -24.88734899631, 86.83060838242, -17.08667290180, 0, 0
-13.45100041496, 99.80418500555, -22.46241480317, -24.89275566896, 86.82959024065, -17.08722932296, 0, 0
-13.44765119682, 99.80272862023, -22.46272516068, -24.89816234206, 86.82857223475, -17.08778578984, 0, 0
-13.44430218641, 99.80127205496, -22.46303540617, -24.90356901558, 86.82755436470, -17.08834230247, 0, 0
-13.44095338371, 99.79981530976, -22.46334553966, -24.90897568953, 86.82653663049, -17.08889886089, 0, 0
-13.43760478875, 99.79835838466, -22.46365556112, -24.91438236391, 86.82551903209, -17.08945546512, 0, 0
-13.43425640153, 99.79690127966, -22.46396547056, -24.91978903871, 86.82450156948, -17.09001211521, 0, 0
-13.43090822206, 99.79544399478, -22.46427526797, -24.92519571392, 86.82348424264, -17.09056881119, 0, 0
-13.42756025034, 99.79398653004, -22.46458495335, -24.93060238954, 86.82246705156, -17.09112555308, 0, 0
-13.42421248639, 99.79252888545, -22.46489452669, -24.93600906557, 86.82144999621, -17.09168234094, 0, 0
-13.42086493020, 99.79107106104, -22.46520398798, -24.94141574200, 86.82043307656, -17.09223917478, 0, 0
-13.41751758179, 99.78961305680, -22.46551333723, -24.94682241883, 86.81941629261, -17.09279605465, 0, 0
-13.41417044117, 99.78815487277, -22.46582257442, -24.95222909605, 86.81839964432, -17.09335298057, 0, 0
-13.41082350835, 99.78669650895, -22.46613169955, -24.95763577366, 86.81738313169, -17.09390995258, 0, 0
-13.40747678332, 99.78523796536, -22.46644071262, -24.96304245166, 86.81636675468, -17.09446697072, 0, 0
-13.40413026611, 99.78377924202, -22.46674961362, -24.96844913004, 86.81535051327, -17.09502403502, 0, 0
-13.40078395671, 99.78232033895, -22.46705840254, -24.97385580879, 86.81433440745, -17.09558114551, 0, 0
-13.39743785513, 99.78086125615, -22.46736707939, -24.97926248792, 86.81331843720, -17.09613830223, 0, 0
-13.39409196139, 99.77940199365, -22.46767564415, -24.98466916741, 86.81230260249, -17.09669550521, 0, 0
-13.39074627549, 99.77794255145, -22.46798409683, -24.99007584726, 86.81128690331, -17.09725275448, 0, 0
-13.38740079743, 99.77648292959, -22.46829243740, -24.99548252748, 86.81027133963, -17.09781005009, 0, 0
-13.38405552723, 99.77502312806, -22.46860066588, -25.00088920804, 86.80925591142, -17.09836739205, 0, 0
-13.38071046489, 99.77356314689, -22.46890878226, -25.00629588896, 86.80824061869, -17.09892478041, 0, 0
-13.37736561043, 99.77210298610, -22.46921678653, -25.01170257022, 86.80722546139, -17.09948221520, 0, 0
-13.37402096384, 99.77064264569, -22.46952467868, -25.01710925183, 86.80621043951, -17.10003969645, 0, 0
-13.37067652513, 99.76918212568, -22.46983245871, -25.02251593377, 86.80519555303, -17.10059722421, 0, 0
-13.36733229432, 99.76772142610, -22.47014012662, -25.02792261604, 86.80418080193, -17.10115479849, 0, 0
-13.36398827141, 99.76626054696, -22.47044768240, -25.03332929864, 86.80316618619, -17.10171241934, 0, 0
-13.36064445641, 99.76479948826, -22.47075512604, -25.03873598157, 86.80215170578, -17.10227008679, 0, 0
-13.35730084933, 99.76333825003, -22.47106245755, -25.04414266481, 86.80113736069, -17.10282780087, 0, 0
-13.35395745016, 99.76187683229, -22.47136967691, -25.04954934837, 86.80012315090, -17.10338556162, 0, 0
-13.35061425893, 99.76041523504, -22.47167678412, -25.05495603224, 86.79910907638, -17.10394336907, 0, 0
-13.34727127564, 99.75895345831, -22.47198377918, -25.06036271642, 86.79809513711, -17.10450122325, 0, 0
-13.34392850030, 99.75749150211, -22.47229066208, -25.06576940090, 86.79708133308, -17.10505912420, 0, 0
-13.34058593291, 99.75602936645, -22.47259743281, -25.07117608567, 86.79606766426, -17.10561707195, 0, 0
-13.33724357348, 99.75456705136, -22.47290409137, -25.07658277074, 86.79505413063, -17.10617506654, 0, 0
-13.33390142202, 99.75310455684, -22.47321063776, -25.08198945610, 86.79404073218, -17.10673310800, 0, 0
-13.33055947853, 99.75164188292, -22.47351707197, -25.08739614175, 86.79302746887, -17.10729119637, 0, 0
-13.32721774304, 99.75017902961, -22.47382339400, -25.09280282767, 86.79201434069, -17.10784933167, 0, 0
-13.32387621553, 99.74871599692, -22.47412960383, -25.09820951387, 86.79100134762, -17.10840751394, 0, 0
-13.32053489602, 99.74725278487, -22.47443570148, -25.10361620034, 86.78998848964, -17.10896574321, 0, 0
-13.31719378452, 99.74578939347, -22.47474168692, -25.10902288708, 86.78897576673, -17.10952401953, 0, 0
-13.31385288103, 99.74432582275, -22.47504756015, -25.11442957409, 86.78796317886, -17.11008234291, 0, 0
-13.31051218557, 99.74286207272, -22.47535332118, -25.11983626135, 86.78695072601, -17.11064071340, 0, 0
-13.30717169814, 99.74139814339, -22.47565896999, -25.12524294886, 86.78593840817, -17.11119913104, 0, 0
-13.30383141874, 99.73993403478, -22.47596450659, -25.13064963663, 86.78492622532, -17.11175759584, 0, 0
-13.30049134739, 99.73846974691, -22.47626993096, -25.13605632464, 86.78391417743, -17.11231610785, 0, 0
-13.29715148408, 99.73700527978, -22.47657524310, -25.14146301290, 86.78290226447, -17.11287466711, 0, 0
-13.29381182884, 99.73554063342, -22.47688044300, -25.14686970139, 86.78189048645, -17.11343327363, 0, 0
-13.29047238167, 99.73407580785, -22.47718553067, -25.15227639011, 86.78087884332, -17.11399192747, 0, 0
-13.28713314257, 99.73261080307, -22.47749050609, -25.15768307906, 86.77986733507, -17.11455062864, 0, 0
-13.28379411155, 99.73114561911, -22.47779536926, -25.16308976824, 86.77885596167, -17.11510937720, 0, 0
-13.28045528863, 99.72968025597, -22.47810012017, -25.16849645764, 86.77784472312, -17.11566817316, 0, 0
-13.27711667380, 99.72821471368, -22.47840475883, -25.17390314725, 86.77683361939, -17.11622701656, 0, 0
-13.27377826707, 99.72674899225, -22.47870928522, -25.17930983708, 86.77582265044, -17.11678590744, 0, 0
-13.27044006846, 99.72528309170, -22.47901369934, -25.18471652711, 86.77481181628, -17.11734484583, 0, 0
-13.26710207796, 99.72381701204, -22.47931800119, -25.19012321734, 86.77380111687, -17.11790383177, 0, 0
-13.26376429559, 99.72235075330, -22.47962219076, -25.19552990778, 86.77279055219, -17.11846286528, 0, 0
-13.26042672136, 99.72088431547, -22.47992626804, -25.20093659841, 86.77178012223, -17.11902194640, 0, 0
-13.25708935527, 99.71941769858, -22.48023023303, -25.20634328922, 86.77076982695, -17.11958107517, 0, 0
-13.25375219733, 99.71795090265, -22.48053408573, -25.21174998023, 86.76975966635, -17.12014025162, 0, 0
-13.25041524754, 99.71648392770, -22.48083782613, -25.21715667141, 86.76874964040, -17.12069947577, 0, 0
-13.24707850592, 99.71501677372, -22.48114145422, -25.22256336278, 86.76773974908, -17.12125874768, 0, 0
-13.24374197247, 99.71354944076, -22.48144497001, -25.22797005431, 86.76672999236, -17.12181806736, 0, 0
-13.24040564720, 99.71208192881, -22.48174837348, -25.23337674602, 86.76572037024, -17.12237743485, 0, 0
-13.23706953012, 99.71061423789, -22.48205166463, -25.23878343788, 86.76471088268, -17.12293685019, 0, 0
-13.23373362123, 99.70914636803, -22.48235484345, -25.24419012991, 86.76370152966, -17.12349631341, 0, 0
-13.23039792054, 99.70767831923, -22.48265790995, -25.24959682210, 86.76269231117, -17.12405582455, 0, 0
-13.22706242806, 99.70621009152, -22.48296086411, -25.25500351444, 86.76168322719, -17.12461538363, 0, 0
-13.22372714380, 99.70474168490, -22.48326370593, -25.26041020692, 86.76067427768, -17.12517499069, 0, 0
-13.22039206776, 99.70327309940, -22.48356643540, -25.26581689955, 86.75966546264, -17.12573464577, 0, 0
-13.21705719995, 99.70180433502, -22.48386905253, -25.27122359231, 86.75865678204, -17.12629434889, 0, 0
-13.21372254038, 99.70033539179, -22.48417155730, -25.27663028521, 86.75764823586, -17.12685410009, 0, 0
-13.21038808905, 99.69886626973, -22.48447394971, -25.28203697824, 86.75663982408, -17.12741389941, 0, 0
-13.20705384598, 99.69739696883, -22.48477622976, -25.28744367140, 86.75563154668, -17.12797374688, 0, 0
-13.20371981116, 99.69592748914, -22.48507839743, -25.29285036468, 86.75462340364, -17.12853364252, 0, 0
-13.20038598462, 99.69445783065, -22.48538045274, -25.29825705807, 86.75361539493, -17.12909358639, 0, 0
-13.19705236635, 99.69298799338, -22.48568239566, -25.30366375158, 86.75260752053, -17.12965357850, 0, 0
-13.19371895636, 99.69151797736, -22.48598422620, -25.30907044520, 86.75159978044, -17.13021361889, 0, 0
-13.19038575467, 99.69004778259, -22.48628594434, -25.31447713892, 86.75059217461, -17.13077370760, 0, 0
-13.18705276127, 99.68857740909, -22.48658755010, -25.31988383275, 86.74958470304, -17.13133384466, 0, 0
-13.18371997617, 99.68710685688, -22.48688904345, -25.32529052667, 86.74857736570, -17.13189403010, 0, 0
-13.18038739939, 99.68563612597, -22.48719042440, -25.33069722068, 86.74757016257, -17.13245426396, 0, 0
-13.17705503092, 99.68416521638, -22.48749169294, -25.33610391478, 86.74656309363, -17.13301454627, 0, 0
-13.17372287078, 99.68269412813, -22.48779284906, -25.34151060896, 86.74555615886, -17.13357487706, 0, 0
-13.17039091898, 99.68122286123, -22.48809389277, -25.34691730322, 86.74454935824, -17.13413525637, 0, 0
-13.16705917552, 99.67975141569, -22.48839482405, -25.35232399756, 86.74354269174, -17.13469568422, 0, 0
-13.16372764040, 99.67827979154, -22.48869564290, -25.35773069197, 86.74253615935, -17.13525616066, 0, 0
-13.16039631364, 99.67680798879, -22.48899634931, -25.36313738645, 86.74152976105, -17.13581668572, 0, 0
-13.15706519524, 99.67533600745, -22.48929694329, -25.36854408098, 86.74052349681, -17.13637725942, 0, 0
-13.15373428522, 99.67386384754, -22.48959742482, -25.37395077558, 86.73951736661, -17.13693788181, 0, 0
-13.15040358357, 99.67239150907, -22.48989779390, -25.37935747023, 86.73851137043, -17.13749855292, 0, 0
-13.14707309031, 99.67091899207, -22.49019805053, -25.38476416493, 86.73750550826, -17.13805927278, 0, 0
-13.14374280543, 99.66944629655, -22.49049819469, -25.39017085968, 86.73649978007, -17.13862004142, 0, 0
-13.14041272896, 99.66797342251, -22.49079822640, -25.39557755446, 86.73549418583, -17.13918085888, 0, 0
-13.13708286089, 99.66650036999, -22.49109814563, -25.40098424929, 86.73448872553, -17.13974172519, 0, 0
-13.13375320124, 99.66502713899, -22.49139795239, -25.40639094414, 86.73348339915, -17.14030264038, 0, 0
-13.13042375001, 99.66355372954, -22.49169764666, -25.41179763903, 86.73247820667, -17.14086360449, 0, 0
-13.12709450721, 99.66208014164, -22.49199722846, -25.41720433394, 86.73147314806, -17.14142461755, 0, 0
-13.12376547284, 99.66060637531, -22.49229669776, -25.42261102887, 86.73046822330, -17.14198567960, 0, 0
-13.12043664692, 99.65913243057, -22.49259605457, -25.42801772382, 86.72946343238, -17.14254679066, 0, 0
-13.11710802944, 99.65765830743, -22.49289529888, -25.43342441877, 86.72845877527, -17.14310795077, 0, 0
-13.11377962043, 99.65618400592, -22.49319443069, -25.43883111374, 86.72745425195, -17.14366915997, 0, 0
-13.11045141987, 99.65470952604, -22.49349344998, -25.44423780871, 86.72644986240, -17.14423041828, 0, 0
-13.10712342779, 99.65323486781, -22.49379235676, -25.44964450368, 86.72544560660, -17.14479172575, 0, 0
-13.10379564419, 99.65176003125, -22.49409115103, -25.45505119864, 86.72444148453, -17.14535308240, 0, 0
-13.10046806908, 99.65028501637, -22.49438983276, -25.46045789359, 86.72343749617, -17.14591448826, 0, 0
-13.09714070245, 99.64880982319, -22.49468840197, -25.46586458854, 86.72243364149, -17.14647594338, 0, 0
-13.09381354433, 99.64733445173, -22.49498685864, -25.47127128346, 86.72142992047, -17.14703744778, 0, 0
-13.09048659472, 99.64585890200, -22.49528520278, -25.47667797836, 86.72042633310, -17.14759900150, 0, 0
-13.08715985362, 99.64438317402, -22.49558343437, -25.48208467324, 86.71942287935, -17.14816060457, 0, 0
-13.08383332104, 99.64290726780, -22.49588155341, -25.48749136808, 86.71841955920, -17.14872225702, 0, 0
-13.08050699700, 99.64143118335, -22.49617955989, -25.49289806289, 86.71741637264, -17.14928395889, 0, 0
-13.07718088148, 99.63995492070, -22.49647745382, -25.49830475767, 86.71641331963, -17.14984571021, 0, 0
-13.07385497452, 99.63847847986, -22.49677523518, -25.50371145240, 86.71541040016, -17.15040751101, 0, 0
-13.07052927610, 99.63700186085, -22.49707290397, -25.50911814708, 86.71440761421, -17.15096936133, 0, 0
-13.06720378624, 99.63552506368, -22.49737046019, -25.51452484171, 86.71340496175, -17.15153126120, 0, 0
-13.06387850495, 99.63404808837, -22.49766790383, -25.51993153629, 86.71240244277, -17.15209321065, 0, 0
-13.06055343223, 99.63257093493, -22.49796523488, -25.52533823081, 86.71140005724, -17.15265520972, 0, 0
-13.05722856808, 99.63109360338, -22.49826245335, -25.53074492526, 86.71039780515, -17.15321725844, 0, 0
-13.05390391253, 99.62961609374, -22.49855955922, -25.53615161965, 86.70939568647, -17.15377935685, 0, 0
-13.05057946557, 99.62813840602, -22.49885655249, -25.54155831397, 86.70839370118, -17.15434150496, 0, 0
-13.04725522720, 99.62666054023, -22.49915343316, -25.54696500820, 86.70739184926, -17.15490370283, 0, 0
-13.04393119745, 99.62518249640, -22.49945020122, -25.55237170236, 86.70639013068, -17.15546595048, 0, 0
-13.04060737631, 99.62370427454, -22.49974685666, -25.55777839644, 86.70538854544, -17.15602824795, 0, 0
-13.03728376380, 99.62222587466, -22.50004339948, -25.56318509042, 86.70438709350, -17.15659059526, 0, 0
-13.03396035991, 99.62074729679, -22.50033982968, -25.56859178432, 86.70338577484, -17.15715299246, 0, 0
-13.03063716466, 99.61926854093, -22.50063614726, -25.57399847811, 86.70238458945, -17.15771543957, 0, 0
-13.02731417805, 99.61778960710, -22.50093235219, -25.57940517181, 86.70138353731, -17.15827793663, 0, 0
-13.02399140009, 99.61631049532, -22.50122844449, -25.58481186540, 86.70038261838, -17.15884048368, 0, 0
-13.02066883079, 99.61483120561, -22.50152442415, -25.59021855888, 86.69938183266, -17.15940308073, 0, 0
-13.01734647016, 99.61335173797, -22.50182029115, -25.59562525225, 86.69838118011, -17.15996572784, 0, 0
-13.01402431819, 99.61187209244, -22.50211604550, -25.60103194550, 86.69738066072, -17.16052842503, 0, 0
-13.01070237491, 99.61039226901, -22.50241168720, -25.60643863863, 86.69638027448, -17.16109117233, 0, 0
-13.00738064031, 99.60891226771, -22.50270721622, -25.61184533163, 86.69538002134, -17.16165396977, 0, 0
-13.00405911440, 99.60743208856, -22.50300263258, -25.61725202450, 86.69437990130, -17.16221681740, 0, 0
-13.00073779720, 99.60595173157, -22.50329793627, -25.62265871724, 86.69337991434, -17.16277971524, 0, 0
-12.99741668870, 99.60447119675, -22.50359312728, -25.62806540984, 86.69238006043, -17.16334266333, 0, 0
-12.99409578891, 99.60299048412, -22.50388820560, -25.63347210230, 86.69138033955, -17.16390566170, 0, 0
-12.99077509785, 99.60150959370, -22.50418317123, -25.63887879461, 86.69038075168, -17.16446871038, 0, 0
-12.98745461551, 99.60002852551, -22.50447802417, -25.64428548677, 86.68938129680, -17.16503180941, 0, 0
-12.98413434191, 99.59854727955, -22.50477276442, -25.64969217878, 86.68838197488, -17.16559495881, 0, 0
-12.98081427705, 99.59706585585, -22.50506739195, -25.65509887062, 86.68738278592, -17.16615815863, 0, 0
-12.97749442094, 99.59558425442, -22.50536190678, -25.66050556231, 86.68638372988, -17.16672140889, 0, 0
-12.97417477359, 99.59410247528, -22.50565630890, -25.66591225383, 86.68538480674, -17.16728470963, 0, 0
-12.97085533500, 99.59262051844, -22.50595059830, -25.67131894517, 86.68438601649, -17.16784806089, 0, 0
-12.96753610518, 99.59113838392, -22.50624477497, -25.67672563634, 86.68338735910, -17.16841146268, 0, 0
-12.96421708414, 99.58965607173, -22.50653883891, -25.68213232733, 86.68238883455, -17.16897491506, 0, 0
-12.96089827188, 99.58817358189, -22.50683279013, -25.68753901814, 86.68139044282, -17.16953841804, 0, 0
-12.95757966841, 99.58669091442, -22.50712662860, -25.69294570876, 86.68039218389, -17.17010197167, 0, 0
-12.95426127374, 99.58520806934, -22.50742035433, -25.69835239918, 86.67939405774, -17.17066557597, 0, 0
-12.95094308787, 99.58372504665, -22.50771396731, -25.70375908942, 86.67839606434, -17.17122923098, 0, 0
-12.94762511082, 99.58224184638, -22.50800746754, -25.70916577945, 86.67739820368, -17.17179293674, 0, 0
-12.94430734258, 99.58075846853, -22.50830085501, -25.71457246927, 86.67640047573, -17.17235669327, 0, 0
-12.94098978318, 99.57927491314, -22.50859412971, -25.71997915889, 86.67540288047, -17.17292050061, 0, 0
-12.93767243260, 99.57779118020, -22.50888729165, -25.72538584830, 86.67440541789, -17.17348435879, 0, 0
-12.93435529087, 99.57630726974, -22.50918034082, -25.73079253749, 86.67340808795, -17.17404826785, 0, 0
-12.93103835798, 99.57482318178, -22.50947327720, -25.73619922646, 86.67241089065, -17.17461222781, 0, 0
-12.92772163394, 99.57333891633, -22.50976610081, -25.74160591520, 86.67141382595, -17.17517623871, 0, 0
-12.92440511877, 99.57185447340, -22.51005881162, -25.74701260372, 86.67041689384, -17.17574030059, 0, 0
-12.92108881246, 99.57036985302, -22.51035140964, -25.75241929200, 86.66942009429, -17.17630441347, 0, 0
-12.91777271503, 99.56888505519, -22.51064389487, -25.75782598005, 86.66842342728, -17.17686857739, 0, 0
-12.91445682648, 99.56740007994, -22.51093626729, -25.76323266785, 86.66742689280, -17.17743279238, 0, 0
-12.91114114681, 99.56591492727, -22.51122852690, -25.76863935541, 86.66643049082, -17.17799705848, 0, 0
-12.90782567605, 99.56442959721, -22.51152067370, -25.77404604272, 86.66543422133, -17.17856137572, 0, 0
-12.90451041418, 99.56294408978, -22.51181270769, -25.77945272978, 86.66443808428, -17.17912574413, 0, 0
-12.90119536123, 99.56145840498, -22.51210462884, -25.78485941658, 86.66344207968, -17.17969016374, 0, 0
-12.89788051718, 99.55997254283, -22.51239643718, -25.79026610311, 86.66244620750, -17.18025463458, 0, 0
-12.89456588207, 99.55848650336, -22.51268813268, -25.79567278939, 86.66145046770, -17.18081915670, 0, 0
-12.89125145588, 99.55700028657, -22.51297971534, -25.80107947539, 86.66045486029, -17.18138373012, 0, 0
-12.88793723863, 99.55551389248, -22.51327118516, -25.80648616112, 86.65945938522, -17.18194835487, 0, 0
-12.88462323032, 99.55402732110, -22.51356254213, -25.81189284657, 86.65846404249, -17.18251303100, 0, 0
-12.88130943096, 99.55254057246, -22.51385378625, -25.81729953174, 86.65746883206, -17.18307775852, 0, 0
-12.87799584056, 99.55105364657, -22.51414491751, -25.82270621662, 86.65647375393, -17.18364253748, 0, 0
-12.87468245912, 99.54956654345, -22.51443593591, -25.82811290122, 86.65547880806, -17.18420736791, 0, 0
-12.87136928666, 99.54807926311, -22.51472684144, -25.83351958551, 86.65448399444, -17.18477224983, 0, 0
-12.86805632317, 99.54659180556, -22.51501763409, -25.83892626952, 86.65348931304, -17.18533718329, 0, 0
-12.86474356867, 99.54510417083, -22.51530831388, -25.84433295321, 86.65249476385, -17.18590216831, 0, 0
-12.86143102315, 99.54361635892, -22.51559888078, -25.84973963661, 86.65150034684, -17.18646720493, 0, 0
-12.85811868664, 99.54212836986, -22.51588933479, -25.85514631969, 86.65050606199, -17.18703229318, 0, 0
-12.85480655913, 99.54064020366, -22.51617967591, -25.86055300246, 86.64951190928, -17.18759743310, 0, 0
-12.85149464063, 99.53915186034, -22.51646990413, -25.86595968491, 86.64851788868, -17.18816262471, 0, 0
-12.84818293116, 99.53766333991, -22.51676001945, -25.87136636703, 86.64752400019, -17.18872786805, 0, 0
-12.84487143070, 99.53617464239, -22.51705002186, -25.87677304884, 86.64653024377, -17.18929316316, 0, 0
-12.84156013928, 99.53468576780, -22.51733991136, -25.88217973031, 86.64553661940, -17.18985851006, 0, 0
-12.83824905690, 99.53319671614, -22.51762968795, -25.88758641144, 86.64454312707, -17.19042390878, 0, 0
-12.83493818356, 99.53170748745, -22.51791935161, -25.89299309224, 86.64354976675, -17.19098935937, 0, 0
-12.83162751928, 99.53021808172, -22.51820890235, -25.89839977269, 86.64255653842, -17.19155486185, 0, 0
-12.82831706406, 99.52872849898, -22.51849834015, -25.90380645280, 86.64156344206, -17.19212041626, 0, 0
-12.82500681790, 99.52723873925, -22.51878766502, -25.90921313255, 86.64057047764, -17.19268602263, 0, 0
-12.82169678081, 99.52574880254, -22.51907687694, -25.91461981196, 86.63957764516, -17.19325168098, 0, 0
-12.81838695281, 99.52425868887, -22.51936597592, -25.92002649100, 86.63858494457, -17.19381739137, 0, 0
-12.81507733389, 99.52276839825, -22.51965496195, -25.92543316968, 86.63759237588, -17.19438315381, 0, 0
-12.81176792407, 99.52127793069, -22.51994383502, -25.93083984799, 86.63659993904, -17.19494896834, 0, 0
-12.80845872334, 99.51978728623, -22.52023259513, -25.93624652593, 86.63560763404, -17.19551483499, 0, 0
-12.80514973172, 99.51829646486, -22.52052124227, -25.94165320350, 86.63461546087, -17.19608075379, 0, 0
-12.80184094922, 99.51680546661, -22.52080977644, -25.94705988069, 86.63362341949, -17.19664672479, 0, 0
-12.79853237583, 99.51531429149, -22.52109819763, -25.95246655749, 86.63263150989, -17.19721274801, 0, 0
-12.79522401157, 99.51382293952, -22.52138650585, -25.95787323391, 86.63163973204, -17.19777882348, 0, 0
-12.79191585645, 99.51233141071, -22.52167470107, -25.96327990994, 86.63064808593, -17.19834495123, 0, 0
-12.78860791047, 99.51083970509, -22.52196278331, -25.96868658557, 86.62965657153, -17.19891113131, 0, 0
-12.78530017363, 99.50934782266, -22.52225075255, -25.97409326080, 86.62866518882, -17.19947736373, 0, 0
-12.78199264595, 99.50785576345, -22.52253860879, -25.97949993563, 86.62767393778, -17.20004364855, 0, 0
-12.77868532742, 99.50636352746, -22.52282635202, -25.98490661005, 86.62668281839, -17.20060998577, 0, 0
-12.77537821807, 99.50487111472, -22.52311398224, -25.99031328407, 86.62569183063, -17.20117637545, 0, 0
-12.77207131789, 99.50337852524, -22.52340149945, -25.99571995766, 86.62470097447, -17.20174281761, 0, 0
-12.76876462689, 99.50188575903, -22.52368890364, -26.00112663084, 86.62371024990, -17.20230931228, 0, 0
-12.76545814508, 99.50039281612, -22.52397619479, -26.00653330359, 86.62271965689, -17.20287585951, 0, 0
-12.76215187246, 99.49889969651, -22.52426337292, -26.01193997592, 86.62172919542, -17.20344245931, 0, 0
-12.75884580904, 99.49740640024, -22.52455043802, -26.01734664781, 86.62073886547, -17.20400911172, 0, 0
-12.75553995483, 99.49591292730, -22.52483739007, -26.02275331928, 86.61974866702, -17.20457581678, 0, 0
-12.75223430983, 99.49441927772, -22.52512422908, -26.02815999030, 86.61875860005, -17.20514257452, 0, 0
-12.74892887405, 99.49292545151, -22.52541095503, -26.03356666087, 86.61776866453, -17.20570938497, 0, 0
-12.74562364750, 99.49143144869, -22.52569756793, -26.03897333100, 86.61677886045, -17.20627624816, 0, 0
-12.74231863019, 99.48993726927, -22.52598406777, -26.04438000068, 86.61578918778, -17.20684316413, 0, 0
-12.73901382212, 99.48844291328, -22.52627045455, -26.04978666991, 86.61479964651, -17.20741013291, 0, 0
-12.73570922329, 99.48694838072, -22.52655672826, -26.05519333867, 86.61381023660, -17.20797715452, 0, 0
-12.73240483372, 99.48545367161, -22.52684288889, -26.06060000698, 86.61282095804, -17.20854422902, 0, 0
-12.72910065340, 99.48395878598, -22.52712893644, -26.06600667481, 86.61183181081, -17.20911135641, 0, 0
-12.72579668236, 99.48246372383, -22.52741487090, -26.07141334218, 86.61084279488, -17.20967853675, 0, 0
-12.72249292059, 99.48096848518, -22.52770069228, -26.07682000906, 86.60985391024, -17.21024577006, 0, 0
-12.71918936809, 99.47947307004, -22.52798640056, -26.08222667547, 86.60886515686, -17.21081305637, 0, 0
-12.71588602489, 99.47797747844, -22.52827199574, -26.08763334140, 86.60787653472, -17.21138039571, 0, 0
-12.71258289098, 99.47648171039, -22.52855747781, -26.09304000684, 86.60688804380, -17.21194778813, 0, 0
-12.70927996637, 99.47498576590, -22.52884284678, -26.09844667179, 86.60589968408, -17.21251523365, 0, 0
-12.70597725106, 99.47348964500, -22.52912810263, -26.10385333625, 86.60491145554, -17.21308273230, 0, 0
-12.70267474507, 99.47199334769, -22.52941324536, -26.10926000020, 86.60392335816, -17.21365028412, 0, 0
-12.69937244840, 99.47049687399, -22.52969827497, -26.11466666365, 86.60293539190, -17.21421788914, 0, 0
-12.69607036106, 99.46900022393, -22.52998319145, -26.12007332660, 86.60194755676, -17.21478554738, 0, 0
-12.69276848305, 99.46750339751, -22.53026799479, -26.12547998903, 86.60095985271, -17.21535325890, 0, 0
-12.68946681438, 99.46600639475, -22.53055268500, -26.13088665095, 86.59997227973, -17.21592102371, 0, 0
-12.68616535505, 99.46450921566, -22.53083726206, -26.13629331235, 86.59898483780, -17.21648884184, 0, 0
-12.68286410508, 99.46301186027, -22.53112172597, -26.14169997323, 86.59799752690, -17.21705671334, 0, 0
-12.67956306447, 99.46151432859, -22.53140607672, -26.14710663359, 86.59701034700, -17.21762463824, 0, 0
-12.67626223322, 99.46001662064, -22.53169031432, -26.15251329341, 86.59602329808, -17.21819261656, 0, 0
-12.67296161135, 99.45851873643, -22.53197443876, -26.15791995269, 86.59503638013, -17.21876064834, 0, 0
-12.66966119885, 99.45702067597, -22.53225845002, -26.16332661144, 86.59404959311, -17.21932873361, 0, 0
-12.66636099574, 99.45552243929, -22.53254234811, -26.16873326965, 86.59306293702, -17.21989687240, 0, 0
-12.66306100202, 99.45402402640, -22.53282613303, -26.17413992731, 86.59207641182, -17.22046506475, 0, 0
-12.65976121771, 99.45252543731, -22.53310980476, -26.17954658442, 86.59109001750, -17.22103331069, 0, 0
-12.65646164279, 99.45102667205, -22.53339336330, -26.18495324097, 86.59010375403, -17.22160161025, 0, 0
-12.65316227729, 99.44952773062, -22.53367680864, -26.19035989697, 86.58911762140, -17.22216996346, 0, 0
-12.64986312120, 99.44802861305, -22.53396014079, -26.19576655240, 86.58813161958, -17.22273837036, 0, 0
-12.64656417455, 99.44652931934, -22.53424335974, -26.20117320727, 86.58714574855, -17.22330683098, 0, 0
-12.64326543732, 99.44502984953, -22.53452646548, -26.20657986157, 86.58616000828, -17.22387534535, 0, 0
-12.63996690953, 99.44353020361, -22.53480945800, -26.21198651530, 86.58517439877, -17.22444391350, 0, 0
-12.63666859118, 99.44203038161, -22.53509233731, -26.21739316844, 86.58418891998, -17.22501253546, 0, 0
-12.63337048228, 99.44053038355, -22.53537510339, -26.22279982101, 86.58320357189, -17.22558121128, 0, 0
-12.63007258284, 99.43903020944, -22.53565775624, -26.22820647299, 86.58221835448, -17.22614994097, 0, 0
-12.62677489287, 99.43752985929, -22.53594029587, -26.23361312438, 86.58123326774, -17.22671872458, 0, 0
-12.62347741236, 99.43602933313, -22.53622272225, -26.23901977517, 86.58024831163, -17.22728756213, 0, 0
-12.62018014133, 99.43452863096, -22.53650503539, -26.24442642537, 86.57926348615, -17.22785645366, 0, 0
-12.61688307979, 99.43302775281, -22.53678723529, -26.24983307497, 86.57827879126, -17.22842539920, 0, 0
-12.61358622773, 99.43152669869, -22.53706932193, -26.25523972396, 86.57729422694, -17.22899439878, 0, 0
-12.61028958517, 99.43002546862, -22.53735129531, -26.26064637234, 86.57630979317, -17.22956345244, 0, 0
-12.60699315211, 99.42852406261, -22.53763315543, -26.26605302011, 86.57532548994, -17.23013256020, 0, 0
-12.60369692856, 99.42702248068, -22.53791490229, -26.27145966726, 86.57434131722, -17.23070172210, 0, 0
-12.60040091453, 99.42552072284, -22.53819653587, -26.27686631380, 86.57335727498, -17.23127093817, 0, 0
-12.59710511001, 99.42401878912, -22.53847805618, -26.28227295970, 86.57237336321, -17.23184020845, 0, 0
-12.59380951503, 99.42251667952, -22.53875946320, -26.28767960498, 86.57138958189, -17.23240953296, 0, 0
-12.59051412958, 99.42101439406, -22.53904075693, -26.29308624963, 86.57040593099, -17.23297891174, 0, 0
-12.58721895366, 99.41951193277, -22.53932193738, -26.29849289363, 86.56942241049, -17.23354834482, 0, 0
-12.58392398730, 99.41800929565, -22.53960300453, -26.30389953700, 86.56843902037, -17.23411783224, 0, 0
-12.58062923049, 99.41650648272, -22.53988395837, -26.30930617972, 86.56745576061, -17.23468737402, 0, 0
-12.57733468324, 99.41500349400, -22.54016479891, -26.31471282180, 86.56647263119, -17.23525697019, 0, 0
-12.57404034556, 99.41350032950, -22.54044552614, -26.32011946322, 86.56548963208, -17.23582662080, 0, 0
-12.57074621745, 99.41199698924, -22.54072614005, -26.32552610399, 86.56450676327, -17.23639632586, 0, 0
-12.56745229892, 99.41049347324, -22.54100664064, -26.33093274410, 86.56352402473, -17.23696608543, 0, 0
-12.56415858997, 99.40898978151, -22.54128702790, -26.33633938354, 86.56254141644, -17.23753589951, 0, 0
-12.56086509062, 99.40748591407, -22.54156730184, -26.34174602231, 86.56155893837, -17.23810576816, 0, 0
-12.55757180086, 99.40598187093, -22.54184746243, -26.34715266042, 86.56057659052, -17.23867569140, 0, 0
-12.55427872071, 99.40447765211, -22.54212750969, -26.35255929785, 86.55959437285, -17.23924566926, 0, 0
-12.55098585017, 99.40297325763, -22.54240744360, -26.35796593459, 86.55861228534, -17.23981570177, 0, 0
-12.54769318925, 99.40146868750, -22.54268726415, -26.36337257066, 86.55763032798, -17.24038578898, 0, 0
-12.54440073795, 99.39996394174, -22.54296697136, -26.36877920604, 86.55664850074, -17.24095593090, 0, 0
-12.54110849629, 99.39845902037, -22.54324656520, -26.37418584073, 86.55566680360, -17.24152612757, 0, 0
-12.53781646425, 99.39695392339, -22.54352604568, -26.37959247472, 86.55468523653, -17.24209637903, 0, 0
-12.53452464186, 99.39544865083, -22.54380541278, -26.38499910801, 86.55370379952, -17.24266668530, 0, 0
-12.53123302912, 99.39394320271, -22.54408466651, -26.39040574060, 86.55272249255, -17.24323704643, 0, 0
-12.52794162604, 99.39243757903, -22.54436380686, -26.39581237249, 86.55174131558, -17.24380746243, 0, 0
-12.52465043261, 99.39093177982, -22.54464283383, -26.40121900366, 86.55076026861, -17.24437793335, 0, 0
-12.52135944886, 99.38942580509, -22.54492174740, -26.40662563412, 86.54977935161, -17.24494845921, 0, 0
-12.51806867478, 99.38791965486, -22.54520054758, -26.41203226386, 86.54879856455, -17.24551904005, 0, 0
-12.51477811038, 99.38641332915, -22.54547923436, -26.41743889288, 86.54781790742, -17.24608967589, 0, 0
-12.51148775566, 99.38490682796, -22.54575780774, -26.42284552117, 86.54683738020, -17.24666036678, 0, 0
-12.50819761064, 99.38340015132, -22.54603626770, -26.42825214874, 86.54585698286, -17.24723111274, 0, 0
-12.50490767532, 99.38189329924, -22.54631461425, -26.43365877557, 86.54487671538, -17.24780191381, 0, 0
-12.50161794971, 99.38038627173, -22.54659284739, -26.43906540166, 86.54389657773, -17.24837277002, 0, 0
-12.49832843380, 99.37887906883, -22.54687096709, -26.44447202701, 86.54291656991, -17.24894368139, 0, 0
-12.49503912762, 99.37737169053, -22.54714897337, -26.44987865162, 86.54193669188, -17.24951464797, 0, 0
-12.49175003116, 99.37586413686, -22.54742686621, -26.45528527548, 86.54095694362, -17.25008566978, 0, 0
-12.48846114443, 99.37435640783, -22.54770464562, -26.46069189858, 86.53997732512, -17.25065674686, 0, 0
-12.48517246744, 99.37284850346, -22.54798231158, -26.46609852093, 86.53899783635, -17.25122787923, 0, 0
-12.48188400019, 99.37134042377, -22.54825986409, -26.47150514252, 86.53801847728, -17.25179906694, 0, 0
-12.47859574269, 99.36983216876, -22.54853730315, -26.47691176334, 86.53703924791, -17.25237031001, 0, 0
-12.47530769494, 99.36832373847, -22.54881462875, -26.48231838340, 86.53606014820, -17.25294160847, 0, 0
-12.47201985696, 99.36681513290, -22.54909184088, -26.48772500268, 86.53508117813, -17.25351296236, 0, 0
-12.46873222875, 99.36530635206, -22.54936893955, -26.49313162119, 86.53410233769, -17.25408437171, 0, 0
-12.46544481031, 99.36379739599, -22.54964592474, -26.49853823891, 86.53312362684, -17.25465583654, 0, 0
-12.46215760165, 99.36228826468, -22.54992279645, -26.50394485586, 86.53214504558, -17.25522735691, 0, 0
-12.45887060278, 99.36077895816, -22.55019955469, -26.50935147202, 86.53116659387, -17.25579893282, 0, 0
-12.45558381370, 99.35926947645, -22.55047619943, -26.51475808738, 86.53018827170, -17.25637056432, 0, 0
-12.45229723442, 99.35775981955, -22.55075273068, -26.52016470195, 86.52921007904, -17.25694225144, 0, 0
-12.44901086495, 99.35624998750, -22.55102914843, -26.52557131572, 86.52823201587, -17.25751399421, 0, 0
-12.44572470529, 99.35473998029, -22.55130545268, -26.53097792869, 86.52725408217, -17.25808579267, 0, 0
-12.44243875545, 99.35322979796, -22.55158164342, -26.53638454086, 86.52627627792, -17.25865764684, 0, 0
-12.43915301543, 99.35171944051, -22.55185772065, -26.54179115221, 86.52529860310, -17.25922955675, 0, 0
-12.43586748524, 99.35020890796, -22.55213368436, -26.54719776275, 86.52432105768, -17.25980152245, 0, 0
-12.43258216488, 99.34869820032, -22.55240953455, -26.55260437247, 86.52334364164, -17.26037354395, 0, 0
-12.42929705437, 99.34718731762, -22.55268527121, -26.55801098137, 86.52236635497, -17.26094562130, 0, 0
-12.42601215371, 99.34567625987, -22.55296089434, -26.56341758944, 86.52138919763, -17.26151775452, 0, 0
-12.42272746291, 99.34416502709, -22.55323640393, -26.56882419669, 86.52041216962, -17.26208994365, 0, 0
-12.41944298196, 99.34265361928, -22.55351179999, -26.57423080310, 86.51943527090, -17.26266218872, 0, 0
-12.41615871088, 99.34114203648, -22.55378708249, -26.57963740867, 86.51845850145, -17.26323448976, 0, 0
-12.41287464968, 99.33963027869, -22.55406225144, -26.58504401340, 86.51748186126, -17.26380684680, 0, 0
-12.40959079836, 99.33811834593, -22.55433730684, -26.59045061729, 86.51650535029, -17.26437925987, 0, 0
-12.40630715692, 99.33660623821, -22.55461224867, -26.59585722033, 86.51552896854, -17.26495172901, 0, 0
-12.40302372537, 99.33509395556, -22.55488707694, -26.60126382252, 86.51455271597, -17.26552425425, 0, 0
-12.39974050372, 99.33358149799, -22.55516179163, -26.60667042385, 86.51357659257, -17.26609683562, 0, 0
-12.39645749197, 99.33206886551, -22.55543639275, -26.61207702433, 86.51260059831, -17.26666947315, 0, 0
-12.39317469014, 99.33055605814, -22.55571088029, -26.61748362394, 86.51162473317, -17.26724216688, 0, 0
-12.38989209822, 99.32904307590, -22.55598525424, -26.62289022268, 86.51064899714, -17.26781491683, 0, 0
-12.38660971622, 99.32752991881, -22.55625951460, -26.62829682055, 86.50967339018, -17.26838772304, 0, 0
-12.38332754416, 99.32601658687, -22.55653366137, -26.63370341754, 86.50869791227, -17.26896058554, 0, 0
-12.38004558202, 99.32450308011, -22.55680769453, -26.63911001366, 86.50772256341, -17.26953350436, 0, 0
-12.37676382983, 99.32298939854, -22.55708161409, -26.64451660890, 86.50674734355, -17.27010647953, 0, 0
-12.37348228759, 99.32147554218, -22.55735542004, -26.64992320325, 86.50577225268, -17.27067951109, 0, 0
-12.37020095529, 99.31996151105, -22.55762911238, -26.65532979670, 86.50479729079, -17.27125259907, 0, 0
-12.36691983296, 99.31844730515, -22.55790269109, -26.66073638927, 86.50382245784, -17.27182574349, 0, 0
-12.36363892059, 99.31693292451, -22.55817615618, -26.66614298094, 86.50284775382, -17.27239894440, 0, 0
-12.36035821819, 99.31541836915, -22.55844950764, -26.67154957170, 86.50187317870, -17.27297220182, 0, 0
-12.35707772577, 99.31390363907, -22.55872274546, -26.67695616156, 86.50089873246, -17.27354551578, 0, 0
-12.35379744333, 99.31238873430, -22.55899586964, -26.68236275052, 86.49992441508, -17.27411888632, 0, 0
-12.35051737089, 99.31087365485, -22.55926888018, -26.68776933856, 86.49895022654, -17.27469231346, 0, 0
-12.34723750843, 99.30935840074, -22.55954177707, -26.69317592568, 86.49797616682, -17.27526579725, 0, 0
-12.34395785598, 99.30784297198, -22.55981456031, -26.69858251188, 86.49700223589, -17.27583933771, 0, 0
-12.34067841354, 99.30632736859, -22.56008722988, -26.70398909716, 86.49602843373, -17.27641293487, 0, 0
-12.33739918111, 99.30481159059, -22.56035978579, -26.70939568151, 86.49505476033, -17.27698658877, 0, 0
-12.33412015869, 99.30329563799, -22.56063222804, -26.71480226493, 86.49408121565, -17.27756029944, 0, 0
-12.33084134631, 99.30177951081, -22.56090455660, -26.72020884742, 86.49310779968, -17.27813406690, 0, 0
-12.32756274395, 99.30026320907, -22.56117677149, -26.72561542897, 86.49213451240, -17.27870789119, 0, 0
-12.32428435164, 99.29874673277, -22.56144887270, -26.73102200957, 86.49116135378, -17.27928177235, 0, 0
-12.32100616936, 99.29723008194, -22.56172086022, -26.73642858923, 86.49018832379, -17.27985571040, 0, 0
-12.31772819714, 99.29571325660, -22.56199273404, -26.74183516793, 86.48921542243, -17.28042970538, 0, 0
-12.31445043497, 99.29419625676, -22.56226449417, -26.74724174569, 86.48824264967, -17.28100375731, 0, 0
-12.31117288286, 99.29267908243, -22.56253614059, -26.75264832248, 86.48727000548, -17.28157786624, 0, 0
-12.30789554082, 99.29116173363, -22.56280767331, -26.75805489831, 86.48629748985, -17.28215203218, 0, 0
-12.30461840886, 99.28964421039, -22.56307909231, -26.76346147318, 86.48532510275, -17.28272625518, 0, 0
-12.30134148697, 99.28812651270, -22.56335039759, -26.76886804708, 86.48435284416, -17.28330053526, 0, 0
-12.29806477517, 99.28660864060, -22.56362158915, -26.77427462001, 86.48338071405, -17.28387487246, 0, 0
-12.29478827346, 99.28509059410, -22.56389266699, -26.77968119196, 86.48240871242, -17.28444926681, 0, 0
-12.29151198184, 99.28357237320, -22.56416363109, -26.78508776293, 86.48143683922, -17.28502371834, 0, 0
-12.28823590034, 99.28205397794, -22.56443448145, -26.79049433292, 86.48046509446, -17.28559822708, 0, 0
-12.28496002893, 99.28053540833, -22.56470521807, -26.79590090192, 86.47949347809, -17.28617279306, 0, 0
-12.28168436765, 99.27901666437, -22.56497584095, -26.80130746993, 86.47852199010, -17.28674741631, 0, 0
-12.27840891648, 99.27749774609, -22.56524635007, -26.80671403694, 86.47755063046, -17.28732209688, 0, 0
-12.27513367545, 99.27597865351, -22.56551674543, -26.81212060296, 86.47657939916, -17.28789683478, 0, 0
-12.27185864454, 99.27445938664, -22.56578702704, -26.81752716797, 86.47560829618, -17.28847163005, 0, 0
-12.26858382378, 99.27293994550, -22.56605719488, -26.82293373197, 86.47463732148, -17.28904648272, 0, 0
-12.26530921316, 99.27142033009, -22.56632724894, -26.82834029497, 86.47366647506, -17.28962139283, 0, 0
-12.26203481269, 99.26990054045, -22.56659718923, -26.83374685695, 86.47269575688, -17.29019636040, 0, 0
-12.25876062237, 99.26838057658, -22.56686701574, -26.83915341792, 86.47172516692, -17.29077138546, 0, 0
-12.25548664222, 99.26686043851, -22.56713672846, -26.84455997786, 86.47075470517, -17.29134646806, 0, 0
-12.25221287224, 99.26534012624, -22.56740632739, -26.84996653678, 86.46978437160, -17.29192160821, 0, 0
-12.24893931243, 99.26381963980, -22.56767581253, -26.85537309467, 86.46881416620, -17.29249680596, 0, 0
-12.24566596281, 99.26229897920, -22.56794518386, -26.86077965153, 86.46784408892, -17.29307206132, 0, 0
-12.24239282336, 99.26077814445, -22.56821444139, -26.86618620736, 86.46687413977, -17.29364737435, 0, 0
-12.23911989411, 99.25925713558, -22.56848358511, -26.87159276214, 86.46590431870, -17.29422274506, 0, 0
-12.23584717506, 99.25773595259, -22.56875261502, -26.87699931588, 86.46493462571, -17.29479817348, 0, 0
-12.23257466621, 99.25621459551, -22.56902153110, -26.88240586857, 86.46396506077, -17.29537365966, 0, 0
-12.22930236758, 99.25469306436, -22.56929033336, -26.88781242022, 86.46299562386, -17.29594920362, 0, 0
-12.22603027915, 99.25317135914, -22.56955902179, -26.89321897081, 86.46202631495, -17.29652480539, 0, 0
-12.22275840095, 99.25164947987, -22.56982759638, -26.89862552034, 86.46105713403, -17.29710046500, 0, 0
-12.21948673298, 99.25012742658, -22.57009605714, -26.90403206881, 86.46008808106, -17.29767618249, 0, 0
-12.21621527524, 99.24860519927, -22.57036440405, -26.90943861621, 86.45911915604, -17.29825195788, 0, 0
-12.21294402773, 99.24708279796, -22.57063263711, -26.91484516254, 86.45815035894, -17.29882779122, 0, 0
-12.20967299048, 99.24556022268, -22.57090075631, -26.92025170781, 86.45718168973, -17.29940368252, 0, 0
-12.20640216347, 99.24403747343, -22.57116876166, -26.92565825199, 86.45621314839, -17.29997963183, 0, 0
-12.20313154672, 99.24251455023, -22.57143665314, -26.93106479510, 86.45524473491, -17.30055563917, 0, 0
-12.19986114023, 99.24099145310, -22.57170443076, -26.93647133712, 86.45427644926, -17.30113170457, 0, 0
-12.19659094401, 99.23946818205, -22.57197209450, -26.94187787805, 86.45330829141, -17.30170782807, 0, 0
-12.19332095806, 99.23794473711, -22.57223964436, -26.94728441789, 86.45234026135, -17.30228400970, 0, 0
-12.19005118239, 99.23642111828, -22.57250708034, -26.95269095664, 86.45137235906, -17.30286024949, 0, 0
-12.18678161701, 99.23489732558, -22.57277440243, -26.95809749429, 86.45040458451, -17.30343654747, 0, 0
-12.18351226192, 99.23337335903, -22.57304161063, -26.96350403084, 86.44943693767, -17.30401290367, 0, 0
-12.18024311713, 99.23184921865, -22.57330870493, -26.96891056628, 86.44846941854, -17.30458931812, 0, 0
-12.17697418264, 99.23032490445, -22.57357568533, -26.97431710061, 86.44750202708, -17.30516579086, 0, 0
-12.17370545845, 99.22880041645, -22.57384255182, -26.97972363383, 86.44653476327, -17.30574232192, 0, 0
-12.17043694459, 99.22727575466, -22.57410930439, -26.98513016593, 86.44556762710, -17.30631891132, 0, 0
-12.16716864104, 99.22575091910, -22.57437594305, -26.99053669692, 86.44460061853, -17.30689555911, 0, 0
-12.16390054782, 99.22422590979, -22.57464246779, -26.99594322677, 86.44363373756, -17.30747226530, 0, 0
-12.16063266493, 99.22270072674, -22.57490887860, -27.00134975550, 86.44266698415, -17.30804902994, 0, 0
-12.15736499237, 99.22117536998, -22.57517517548, -27.00675628310, 86.44170035828, -17.30862585305, 0, 0
-12.15409753016, 99.21964983950, -22.57544135842, -27.01216280956, 86.44073385994, -17.30920273467, 0, 0
-12.15083027830, 99.21812413534, -22.57570742742, -27.01756933489, 86.43976748909, -17.30977967482, 0, 0
-12.14756323680, 99.21659825751, -22.57597338248, -27.02297585907, 86.43880124572, -17.31035667355, 0, 0
-12.14429640565, 99.21507220602, -22.57623922358, -27.02838238211, 86.43783512981, -17.31093373087, 0, 0
-12.14102978487, 99.21354598090, -22.57650495072, -27.03378890399, 86.43686914133, -17.31151084682, 0, 0
-12.13776337447, 99.21201958215, -22.57677056391, -27.03919542472, 86.43590328027, -17.31208802144, 0, 0
-12.13449717444, 99.21049300979, -22.57703606313, -27.04460194430, 86.43493754659, -17.31266525475, 0, 0
-12.13123118479, 99.20896626384, -22.57730144838, -27.05000846272, 86.43397194028, -17.31324254678, 0, 0
-12.12796540553, 99.20743934432, -22.57756671965, -27.05541497997, 86.43300646131, -17.31381989757, 0, 0
-12.12469983667, 99.20591225124, -22.57783187694, -27.06082149605, 86.43204110967, -17.31439730715, 0, 0
-12.12143447821, 99.20438498462, -22.57809692025, -27.06622801096, 86.43107588533, -17.31497477555, 0, 0
-12.11816933015, 99.20285754448, -22.57836184957, -27.07163452470, 86.43011078827, -17.31555230280, 0, 0
-12.11490439251, 99.20132993082, -22.57862666489, -27.07704103726, 86.42914581846, -17.31612988893, 0, 0
-12.11163966528, 99.19980214368, -22.57889136621, -27.08244754863, 86.42818097589, -17.31670753397, 0, 0
-12.10837514847, 99.19827418305, -22.57915595353, -27.08785405882, 86.42721626054, -17.31728523796, 0, 0
-12.10511084210, 99.19674604897, -22.57942042683, -27.09326056782, 86.42625167237, -17.31786300092, 0, 0
-12.10184674616, 99.19521774144, -22.57968478613, -27.09866707563, 86.42528721137, -17.31844082290, 0, 0
-12.09858286066, 99.19368926049, -22.57994903140, -27.10407358224, 86.42432287752, -17.31901870391, 0, 0
-12.09531918561, 99.19216060612, -22.58021316265, -27.10948008764, 86.42335867080, -17.31959664399, 0, 0
-12.09205572100, 99.19063177836, -22.58047717987, -27.11488659185, 86.42239459117, -17.32017464317, 0, 0
-12.08879246686, 99.18910277722, -22.58074108306, -27.12029309485, 86.42143063863, -17.32075270149, 0, 0
-12.08552942317, 99.18757360272, -22.58100487221, -27.12569959663, 86.42046681315, -17.32133081896, 0, 0
-12.08226658996, 99.18604425488, -22.58126854731, -27.13110609720, 86.41950311470, -17.32190899564, 0, 0
-12.07900396722, 99.18451473370, -22.58153210837, -27.13651259656, 86.41853954326, -17.32248723154, 0, 0
-12.07574155496, 99.18298503921, -22.58179555537, -27.14191909469, 86.41757609882, -17.32306552670, 0, 0
-12.07247935319, 99.18145517142, -22.58205888832, -27.14732559159, 86.41661278134, -17.32364388114, 0, 0
-12.06921736190, 99.17992513036, -22.58232210720, -27.15273208726, 86.41564959082, -17.32422229491, 0, 0
-12.06595558112, 99.17839491602, -22.58258521201, -27.15813858171, 86.41468652722, -17.32480076803, 0, 0
-12.06269401083, 99.17686452844, -22.58284820276, -27.16354507491, 86.41372359052, -17.32537930053, 0, 0
-12.05943265105, 99.17533396763, -22.58311107942, -27.16895156688, 86.41276078070, -17.32595789245, 0, 0
-12.05617150179, 99.17380323361, -22.58337384200, -27.17435805760, 86.41179809775, -17.32653654381, 0, 0
-12.05291056305, 99.17227232638, -22.58363649050, -27.17976454707, 86.41083554163, -17.32711525465, 0, 0
-12.04964983483, 99.17074124597, -22.58389902490, -27.18517103529, 86.40987311232, -17.32769402499, 0, 0
-12.04638931714, 99.16920999240, -22.58416144521, -27.19057752226, 86.40891080981, -17.32827285487, 0, 0
-12.04312900998, 99.16767856567, -22.58442375141, -27.19598400797, 86.40794863407, -17.32885174433, 0, 0
-12.03986891337, 99.16614696581, -22.58468594351, -27.20139049242, 86.40698658507, -17.32943069338, 0, 0
-12.03660902731, 99.16461519284, -22.58494802150, -27.20679697560, 86.40602466281, -17.33000970207, 0, 0
-12.03334935179, 99.16308324676, -22.58520998537, -27.21220345752, 86.40506286724, -17.33058877042, 0, 0
-12.03008988684, 99.16155112760, -22.58547183512, -27.21760993816, 86.40410119836, -17.33116789847, 0, 0
-12.02683063245, 99.16001883536, -22.58573357075, -27.22301641752, 86.40313965614, -17.33174708624, 0, 0
-12.02357158863, 99.15848637008, -22.58599519224, -27.22842289561, 86.40217824056, -17.33232633377, 0, 0
-12.02031275538, 99.15695373176, -22.58625669960, -27.23382937241, 86.40121695159, -17.33290564109, 0, 0
-12.01705413271, 99.15542092042, -22.58651809282, -27.23923584793, 86.40025578921, -17.33348500823, 0, 0
-12.01379572063, 99.15388793608, -22.58677937189, -27.24464232216, 86.39929475341, -17.33406443522, 0, 0
-12.01053751914, 99.15235477876, -22.58704053681, -27.25004879509, 86.39833384415, -17.33464392209, 0, 0
-12.00727952825, 99.15082144846, -22.58730158758, -27.25545526672, 86.39737306142, -17.33522346887, 0, 0
-12.00402174796, 99.14928794520, -22.58756252419, -27.26086173705, 86.39641240520, -17.33580307560, 0, 0
-12.00076417828, 99.14775426901, -22.58782334663, -27.26626820608, 86.39545187546, -17.33638274230, 0, 0
-11.99750681921, 99.14622041990, -22.58808405491, -27.27167467380, 86.39449147217, -17.33696246901, 0, 0
-11.99424967076, 99.14468639788, -22.58834464901, -27.27708114021, 86.39353119533, -17.33754225576, 0, 0
-11.99099273294, 99.14315220298, -22.58860512893, -27.28248760530, 86.39257104490, -17.33812210258, 0, 0
-11.98773600575, 99.14161783520, -22.58886549467, -27.28789406908, 86.39161102087, -17.33870200949, 0, 0
-11.98447948919, 99.14008329457, -22.58912574622, -27.29330053153, 86.39065112320, -17.33928197654, 0, 0
-11.98122318327, 99.13854858109, -22.58938588358, -27.29870699266, 86.38969135189, -17.33986200375, 0, 0
-11.97796708800, 99.13701369480, -22.58964590673, -27.30411345245, 86.38873170690, -17.34044209115, 0, 0
-11.97471120338, 99.13547863569, -22.58990581569, -27.30951991092, 86.38777218822, -17.34102223877, 0, 0
-11.97145552942, 99.13394340380, -22.59016561043, -27.31492636804, 86.38681279582, -17.34160244665, 0, 0
-11.96820006612, 99.13240799913, -22.59042529097, -27.32033282383, 86.38585352968, -17.34218271482, 0, 0
-11.96494481349, 99.13087242170, -22.59068485728, -27.32573927827, 86.38489438978, -17.34276304330, 0, 0
-11.96168977153, 99.12933667153, -22.59094430938, -27.33114573137, 86.38393537609, -17.34334343213, 0, 0
-11.95843494026, 99.12780074864, -22.59120364724, -27.33655218311, 86.38297648860, -17.34392388134, 0, 0
-11.95518031966, 99.12626465303, -22.59146287088, -27.34195863351, 86.38201772728, -17.34450439097, 0, 0
-11.95192590976, 99.12472838474, -22.59172198027, -27.34736508254, 86.38105909211, -17.34508496103, 0, 0
-11.94867171056, 99.12319194377, -22.59198097543, -27.35277153021, 86.38010058306, -17.34566559156, 0, 0
-11.94541772205, 99.12165533014, -22.59223985634, -27.35817797652, 86.37914220012, -17.34624628260, 0, 0
-11.94216394425, 99.12011854386, -22.59249862300, -27.36358442145, 86.37818394326, -17.34682703418, 0, 0
-11.93891037717, 99.11858158496, -22.59275727540, -27.36899086502, 86.37722581246, -17.34740784632, 0, 0
-11.93565702080, 99.11704445345, -22.59301581354, -27.37439730721, 86.37626780770, -17.34798871905, 0, 0
-11.93240387515, 99.11550714934, -22.59327423741, -27.37980374802, 86.37530992896, -17.34856965241, 0, 0
-11.92915094023, 99.11396967266, -22.59353254702, -27.38521018745, 86.37435217621, -17.34915064643, 0, 0
-11.92589821605, 99.11243202341, -22.59379074235, -27.39061662550, 86.37339454943, -17.34973170114, 0, 0
-11.92264570260, 99.11089420162, -22.59404882339, -27.39602306215, 86.37243704860, -17.35031281657, 0, 0
-11.91939339990, 99.10935620730, -22.59430679016, -27.40142949741, 86.37147967369, -17.35089399276, 0, 0
-11.91614130795, 99.10781804047, -22.59456464263, -27.40683593127, 86.37052242469, -17.35147522972, 0, 0
-11.91288942676, 99.10627970114, -22.59482238081, -27.41224236374, 86.36956530157, -17.35205652750, 0, 0
-11.90963775632, 99.10474118933, -22.59508000468, -27.41764879480, 86.36860830432, -17.35263788612, 0, 0
-11.90638629665, 99.10320250506, -22.59533751426, -27.42305522445, 86.36765143290, -17.35321930562, 0, 0
-11.90313504776, 99.10166364834, -22.59559490952, -27.42846165269, 86.36669468729, -17.35380078602, 0, 0
-11.89988400964, 99.10012461919, -22.59585219047, -27.43386807952, 86.36573806748, -17.35438232736, 0, 0
-11.89663318230, 99.09858541763, -22.59610935711, -27.43927450493, 86.36478157343, -17.35496392967, 0, 0
-11.89338256575, 99.09704604367, -22.59636640941, -27.44468092892, 86.36382520514, -17.35554559298, 0, 0
-11.89013215999, 99.09550649733, -22.59662334739, -27.45008735149, 86.36286896257, -17.35612731731, 0, 0
-11.88688196503, 99.09396677862, -22.59688017104, -27.45549377262, 86.36191284571, -17.35670910271, 0, 0
-11.88363198088, 99.09242688756, -22.59713688035, -27.46090019233, 86.36095685452, -17.35729094920, 0, 0
-11.88038220753, 99.09088682417, -22.59739347531, -27.46630661060, 86.36000098900, -17.35787285681, 0, 0
-11.87713264500, 99.08934658847, -22.59764995593, -27.47171302743, 86.35904524911, -17.35845482557, 0, 0
-11.87388329328, 99.08780618047, -22.59790632219, -27.47711944282, 86.35808963484, -17.35903685552, 0, 0
-11.87063415239, 99.08626560018, -22.59816257410, -27.48252585676, 86.35713414616, -17.35961894669, 0, 0
-11.86738522234, 99.08472484763, -22.59841871164, -27.48793226925, 86.35617878305, -17.36020109910, 0, 0
-11.86413650311, 99.08318392283, -22.59867473482, -27.49333868030, 86.35522354549, -17.36078331278, 0, 0
-11.86088799473, 99.08164282579, -22.59893064363, -27.49874508988, 86.35426843345, -17.36136558778, 0, 0
-11.85763969720, 99.08010155653, -22.59918643806, -27.50415149801, 86.35331344691, -17.36194792411, 0, 0
-11.85439161051, 99.07856011508, -22.59944211811, -27.50955790467, 86.35235858586, -17.36253032181, 0, 0
-11.85114373468, 99.07701850144, -22.59969768377, -27.51496430987, 86.35140385026, -17.36311278091, 0, 0
-11.84789606972, 99.07547671563, -22.59995313504, -27.52037071360, 86.35044924010, -17.36369530144, 0, 0
-11.84464861562, 99.07393475767, -22.60020847191, -27.52577711585, 86.34949475536, -17.36427788344, 0, 0
-11.84140137240, 99.07239262758, -22.60046369438, -27.53118351663, 86.34854039600, -17.36486052693, 0, 0
-11.83815434005, 99.07085032536, -22.60071880245, -27.53658991592, 86.34758616201, -17.36544323194, 0, 0
-11.83490751859, 99.06930785104, -22.60097379611, -27.54199631373, 86.34663205337, -17.36602599850, 0, 0
-11.83166090801, 99.06776520464, -22.60122867535, -27.54740271006, 86.34567807006, -17.36660882665, 0, 0
-11.82841450833, 99.06622238617, -22.60148344017, -27.55280910489, 86.34472421204, -17.36719171642, 0, 0
-11.82516831954, 99.06467939564, -22.60173809057, -27.55821549823, 86.34377047931, -17.36777466783, 0, 0
-11.82192234167, 99.06313623308, -22.60199262654, -27.56362189007, 86.34281687183, -17.36835768092, 0, 0
-11.81867657470, 99.06159289849, -22.60224704807, -27.56902828042, 86.34186338958, -17.36894075571, 0, 0
-11.81543101864, 99.06004939191, -22.60250135517, -27.57443466925, 86.34091003255, -17.36952389225, 0, 0
-11.81218567351, 99.05850571333, -22.60275554782, -27.57984105658, 86.33995680071, -17.37010709056, 0, 0
-11.80894053930, 99.05696186278, -22.60300962602, -27.58524744240, 86.33900369404, -17.37069035066, 0, 0
-11.80569561602, 99.05541784028, -22.60326358977, -27.59065382670, 86.33805071251, -17.37127367260, 0, 0
-11.80245090368, 99.05387364584, -22.60351743906, -27.59606020948, 86.33709785610, -17.37185705640, 0, 0
-11.79920640228, 99.05232927948, -22.60377117388, -27.60146659075, 86.33614512480, -17.37244050209, 0, 0
-11.79596211182, 99.05078474121, -22.60402479424, -27.60687297048, 86.33519251857, -17.37302400970, 0, 0
-11.79271803231, 99.04924003106, -22.60427830013, -27.61227934869, 86.33424003740, -17.37360757927, 0, 0
-11.78947416377, 99.04769514903, -22.60453169153, -27.61768572536, 86.33328768126, -17.37419121083, 0, 0
-11.78623050618, 99.04615009514, -22.60478496846, -27.62309210050, 86.33233545013, -17.37477490440, 0, 0
-11.78298705956, 99.04460486941, -22.60503813090, -27.62849847411, 86.33138334400, -17.37535866001, 0, 0
-11.77974382391, 99.04305947186, -22.60529117884, -27.63390484616, 86.33043136282, -17.37594247770, 0, 0
-11.77650079924, 99.04151390251, -22.60554411229, -27.63931121668, 86.32947950659, -17.37652635750, 0, 0
-11.77325798556, 99.03996816136, -22.60579693124, -27.64471758564, 86.32852777529, -17.37711029944, 0, 0
-11.77001538286, 99.03842224844, -22.60604963568, -27.65012395305, 86.32757616888, -17.37769430354, 0, 0
-11.76677299115, 99.03687616376, -22.60630222561, -27.65553031890, 86.32662468734, -17.37827836985, 0, 0
-11.76353081044, 99.03532990734, -22.60655470102, -27.66093668320, 86.32567333066, -17.37886249839, 0, 0
-11.76028884073, 99.03378347920, -22.60680706192, -27.66634304593, 86.32472209882, -17.37944668918, 0, 0
-11.75704708204, 99.03223687935, -22.60705930828, -27.67174940710, 86.32377099178, -17.38003094227, 0, 0
-11.75380553435, 99.03069010780, -22.60731144012, -27.67715576669, 86.32282000953, -17.38061525768, 0, 0
-11.75056419769, 99.02914316458, -22.60756345742, -27.68256212471, 86.32186915204, -17.38119963544, 0, 0
-11.74732307204, 99.02759604970, -22.60781536018, -27.68796848116, 86.32091841929, -17.38178407559, 0, 0
-11.74408215743, 99.02604876318, -22.60806714840, -27.69337483602, 86.31996781127, -17.38236857815, 0, 0
-11.74084145385, 99.02450130503, -22.60831882207, -27.69878118930, 86.31901732794, -17.38295314315, 0, 0
-11.73760096131, 99.02295367527, -22.60857038118, -27.70418754100, 86.31806696929, -17.38353777063, 0, 0
-11.73436067982, 99.02140587392, -22.60882182573, -27.70959389110, 86.31711673528, -17.38412246062, 0, 0
-11.73112060937, 99.01985790099, -22.60907315572, -27.71500023961, 86.31616662591, -17.38470721314, 0, 0
-11.72788074998, 99.01830975651, -22.60932437114, -27.72040658652, 86.31521664114, -17.38529202823, 0, 0
-11.72464110165, 99.01676144047, -22.60957547199, -27.72581293184, 86.31426678096, -17.38587690591, 0, 0
-11.72140166438, 99.01521295291, -22.60982645826, -27.73121927555, 86.31331704534, -17.38646184623, 0, 0
-11.71816243818, 99.01366429384, -22.61007732994, -27.73662561765, 86.31236743427, -17.38704684920, 0, 0
-11.71492342306, 99.01211546328, -22.61032808704, -27.74203195814, 86.31141794770, -17.38763191486, 0, 0
-11.71168461902, 99.01056646124, -22.61057872954, -27.74743829701, 86.31046858564, -17.38821704324, 0, 0
-11.70844602606, 99.00901728773, -22.61082925745, -27.75284463427, 86.30951934804, -17.38880223437, 0, 0
-11.70520764420, 99.00746794278, -22.61107967075, -27.75825096991, 86.30857023490, -17.38938748829, 0, 0
-11.70196947342, 99.00591842640, -22.61132996945, -27.76365730392, 86.30762124618, -17.38997280501, 0, 0
-11.69873151375, 99.00436873861, -22.61158015353, -27.76906363631, 86.30667238187, -17.39055818458, 0, 0
-11.69549376519, 99.00281887943, -22.61183022300, -27.77446996706, 86.30572364194, -17.39114362702, 0, 0
-11.69225622773, 99.00126884886, -22.61208017785, -27.77987629618, 86.30477502637, -17.39172913236, 0, 0
-11.68901890139, 98.99971864693, -22.61233001807, -27.78528262366, 86.30382653514, -17.39231470063, 0, 0
-11.68578178617, 98.99816827366, -22.61257974366, -27.79068894951, 86.30287816822, -17.39290033187, 0, 0
-11.68254488208, 98.99661772905, -22.61282935461, -27.79609527370, 86.30192992560, -17.39348602611, 0, 0
-11.67930818912, 98.99506701313, -22.61307885093, -27.80150159625, 86.30098180724, -17.39407178336, 0, 0
-11.67607170729, 98.99351612592, -22.61332823259, -27.80690791715, 86.30003381313, -17.39465760368, 0, 0
-11.67283543660, 98.99196506742, -22.61357749961, -27.81231423639, 86.29908594325, -17.39524348708, 0, 0
-11.66959937706, 98.99041383766, -22.61382665197, -27.81772055397, 86.29813819757, -17.39582943359, 0, 0
-11.66636352867, 98.98886243666, -22.61407568968, -27.82312686989, 86.29719057607, -17.39641544326, 0, 0
-11.66312789144, 98.98731086442, -22.61432461271, -27.82853318415, 86.29624307873, -17.39700151610, 0, 0
-11.65989246537, 98.98575912097, -22.61457342108, -27.83393949674, 86.29529570552, -17.39758765215, 0, 0
-11.65665725046, 98.98420720632, -22.61482211478, -27.83934580766, 86.29434845643, -17.39817385143, 0, 0
-11.65342224672, 98.98265512049, -22.61507069379, -27.84475211690, 86.29340133142, -17.39876011399, 0, 0
-11.65018745416, 98.98110286349, -22.61531915812, -27.85015842447, 86.29245433048, -17.39934643984, 0, 0
-11.64695287278, 98.97955043534, -22.61556750777, -27.85556473035, 86.29150745359, -17.39993282903, 0, 0
-11.64371850259, 98.97799783606, -22.61581574271, -27.86097103455, 86.29056070072, -17.40051928157, 0, 0
-11.64048434359, 98.97644506567, -22.61606386297, -27.86637733705, 86.28961407185, -17.40110579750, 0, 0
-11.63725039578, 98.97489212418, -22.61631186852, -27.87178363787, 86.28866756696, -17.40169237686, 0, 0
-11.63401665917, 98.97333901160, -22.61655975936, -27.87718993699, 86.28772118602, -17.40227901966, 0, 0
-11.63078313377, 98.97178572796, -22.61680753548, -27.88259623442, 86.28677492901, -17.40286572595, 0, 0
-11.62754981958, 98.97023227327, -22.61705519690, -27.88800253014, 86.28582879591, -17.40345249575, 0, 0
-11.62431671661, 98.96867864755, -22.61730274359, -27.89340882416, 86.28488278670, -17.40403932909, 0, 0
-11.62108382485, 98.96712485081, -22.61755017555, -27.89881511647, 86.28393690136, -17.40462622601, 0, 0
-11.61785114433, 98.96557088306, -22.61779749278, -27.90422140706, 86.28299113985, -17.40521318652, 0, 0
-11.61461867503, 98.96401674434, -22.61804469527, -27.90962769594, 86.28204550217, -17.40580021068, 0, 0
-11.61138641697, 98.96246243465, -22.61829178303, -27.91503398311, 86.28109998828, -17.40638729849, 0, 0
-11.60815437014, 98.96090795400, -22.61853875604, -27.92044026855, 86.28015459817, -17.40697445000, 0, 0
-11.60492253457, 98.95935330243, -22.61878561429, -27.92584655226, 86.27920933181, -17.40756166523, 0, 0
-11.60169091024, 98.95779847993, -22.61903235779, -27.93125283425, 86.27826418917, -17.40814894422, 0, 0
-11.59845949717, 98.95624348654, -22.61927898654, -27.93665911451, 86.27731917025, -17.40873628700, 0, 0
-11.59522829536, 98.95468832226, -22.61952550051, -27.94206539303, 86.27637427501, -17.40932369358, 0, 0
-11.59199730481, 98.95313298711, -22.61977189972, -27.94747166981, 86.27542950342, -17.40991116402, 0, 0
-11.58876652554, 98.95157748111, -22.62001818415, -27.95287794485, 86.27448485548, -17.41049869833, 0, 0
-11.58553595754, 98.95002180427, -22.62026435380, -27.95828421815, 86.27354033116, -17.41108629655, 0, 0
-11.58230560082, 98.94846595662, -22.62051040867, -27.96369048969, 86.27259593042, -17.41167395870, 0, 0
-11.57907545538, 98.94690993816, -22.62075634875, -27.96909675949, 86.27165165326, -17.41226168482, 0, 0
-11.57584552123, 98.94535374892, -22.62100217404, -27.97450302753, 86.27070749965, -17.41284947494, 0, 0
-11.57261579838, 98.94379738891, -22.62124788453, -27.97990929381, 86.26976346956, -17.41343732909, 0, 0
-11.56938628683, 98.94224085815, -22.62149348021, -27.98531555833, 86.26881956298, -17.41402524729, 0, 0
-11.56615698658, 98.94068415665, -22.62173896109, -27.99072182109, 86.26787577988, -17.41461322958, 0, 0
-11.56292789764, 98.93912728443, -22.62198432715, -27.99612808207, 86.26693212023, -17.41520127599, 0, 0
-11.55969902001, 98.93757024151, -22.62222957840, -28.00153434129, 86.26598858402, -17.41578938655, 0, 0
-11.55647035370, 98.93601302790, -22.62247471482, -28.00694059873, 86.26504517122, -17.41637756129, 0, 0
-11.55324189872, 98.93445564362, -22.62271973642, -28.01234685439, 86.26410188182, -17.41696580024, 0, 0
-11.55001365507, 98.93289808869, -22.62296464319, -28.01775310827, 86.26315871578, -17.41755410343, 0, 0
-11.54678562274, 98.93134036312, -22.62320943512, -28.02315936037, 86.26221567308, -17.41814247088, 0, 0
-11.54355780176, 98.92978246693, -22.62345411221, -28.02856561067, 86.26127275371, -17.41873090264, 0, 0
-11.54033019212, 98.92822440014, -22.62369867445, -28.03397185919, 86.26032995763, -17.41931939872, 0, 0
-11.53710279383, 98.92666616276, -22.62394312184, -28.03937810591, 86.25938728484, -17.41990795917, 0, 0
-11.53387560689, 98.92510775481, -22.62418745437, -28.04478435083, 86.25844473530, -17.42049658401, 0, 0
-11.53064863130, 98.92354917630, -22.62443167205, -28.05019059396, 86.25750230899, -17.42108527326, 0, 0
-11.52742186708, 98.92199042726, -22.62467577486, -28.05559683527, 86.25656000589, -17.42167402697, 0, 0
-11.52419531423, 98.92043150769, -22.62491976280, -28.06100307478, 86.25561782597, -17.42226284516, 0, 0
-11.52096897275, 98.91887241763, -22.62516363586, -28.06640931248, 86.25467576922, -17.42285172786, 0, 0
-11.51774284264, 98.91731315707, -22.62540739405, -28.07181554837, 86.25373383561, -17.42344067511, 0, 0
-11.51451692392, 98.91575372604, -22.62565103735, -28.07722178243, 86.25279202512, -17.42402968692, 0, 0
-11.51129121658, 98.91419412456, -22.62589456576, -28.08262801468, 86.25185033773, -17.42461876333, 0, 0
-11.50806572064, 98.91263435263, -22.62613797928, -28.08803424510, 86.25090877340, -17.42520790438, 0, 0
-11.50484043609, 98.91107441029, -22.62638127790, -28.09344047369, 86.24996733213, -17.42579711009, 0, 0
-11.50161536294, 98.90951429754, -22.62662446162, -28.09884670046, 86.24902601389, -17.42638638049, 0, 0
-11.49839050119, 98.90795401440, -22.62686753043, -28.10425292539, 86.24808481865, -17.42697571562, 0, 0
-11.49516585086, 98.90639356089, -22.62711048433, -28.10965914848, 86.24714374639, -17.42756511549, 0, 0
-11.49194141194, 98.90483293702, -22.62735332331, -28.11506536973, 86.24620279710, -17.42815458015, 0, 0
-11.48871718444, 98.90327214282, -22.62759604736, -28.12047158914, 86.24526197074, -17.42874410962, 0, 0
-11.48549316837, 98.90171117829, -22.62783865649, -28.12587780670, 86.24432126729, -17.42933370394, 0, 0
-11.48226936372, 98.90015004345, -22.62808115069, -28.13128402240, 86.24338068674, -17.42992336312, 0, 0
-11.47904577051, 98.89858873833, -22.62832352995, -28.13669023626, 86.24244022906, -17.43051308721, 0, 0
-11.47582238874, 98.89702726293, -22.62856579427, -28.14209644826, 86.24149989422, -17.43110287624, 0, 0
-11.47259921841, 98.89546561728, -22.62880794365, -28.14750265840, 86.24055968220, -17.43169273022, 0, 0
-11.46937625953, 98.89390380138, -22.62904997807, -28.15290886667, 86.23961959299, -17.43228264920, 0, 0
-11.46615351211, 98.89234181526, -22.62929189754, -28.15831507308, 86.23867962656, -17.43287263320, 0, 0
-11.46293097614, 98.89077965894, -22.62953370204, -28.16372127762, 86.23773978288, -17.43346268226, 0, 0
-11.45970865163, 98.88921733242, -22.62977539159, -28.16912748029, 86.23680006193, -17.43405279640, 0, 0
-11.45648653859, 98.88765483574, -22.63001696616, -28.17453368108, 86.23586046369, -17.43464297565, 0, 0
-11.45326463702, 98.88609216889, -22.63025842576, -28.17993987998, 86.23492098815, -17.43523322005, 0, 0
-11.45004294693, 98.88452933190, -22.63049977038, -28.18534607701, 86.23398163526, -17.43582352962, 0, 0
-11.44682146832, 98.88296632479, -22.63074100001, -28.19075227215, 86.23304240502, -17.43641390439, 0, 0
-11.44360020119, 98.88140314758, -22.63098211466, -28.19615846540, 86.23210329740, -17.43700434440, 0, 0
-11.44037914556, 98.87983980027, -22.63122311431, -28.20156465676, 86.23116431237, -17.43759484967, 0, 0
-11.43715830142, 98.87827628288, -22.63146399896, -28.20697084622, 86.23022544992, -17.43818542023, 0, 0
-11.43393766878, 98.87671259544, -22.63170476861, -28.21237703379, 86.22928671002, -17.43877605612, 0, 0
-11.43071724765, 98.87514873796, -22.63194542325, -28.21778321945, 86.22834809265, -17.43936675736, 0, 0
-11.42749703802, 98.87358471045, -22.63218596288, -28.22318940320, 86.22740959778, -17.43995752399, 0, 0
-11.42427703991, 98.87202051294, -22.63242638750, -28.22859558505, 86.22647122540, -17.44054835603, 0, 0
-11.42105725332, 98.87045614543, -22.63266669709, -28.23400176499, 86.22553297547, -17.44113925351, 0, 0
-11.41783767825, 98.86889160795, -22.63290689165, -28.23940794301, 86.22459484798, -17.44173021647, 0, 0
-11.41461831471, 98.86732690051, -22.63314697118, -28.24481411911, 86.22365684291, -17.44232124493, 0, 0
-11.41139916270, 98.86576202313, -22.63338693568, -28.25022029329, 86.22271896023, -17.44291233892, 0, 0
-11.40818022223, 98.86419697583, -22.63362678513, -28.25562646554, 86.22178119992, -17.44350349848, 0, 0
-11.40496149330, 98.86263175861, -22.63386651954, -28.26103263587, 86.22084356196, -17.44409472363, 0, 0
-11.40174297592, 98.86106637150, -22.63410613890, -28.26643880426, 86.21990604632, -17.44468601440, 0, 0
-11.39852467008, 98.85950081452, -22.63434564320, -28.27184497072, 86.21896865298, -17.44527737083, 0, 0
-11.39530657581, 98.85793508768, -22.63458503245, -28.27725113525, 86.21803138192, -17.44586879294, 0, 0
-11.39208869309, 98.85636919100, -22.63482430662, -28.28265729783, 86.21709423311, -17.44646028076, 0, 0
-11.38887102194, 98.85480312449, -22.63506346573, -28.28806345847, 86.21615720654, -17.44705183433, 0, 0
-11.38565356236, 98.85323688817, -22.63530250977, -28.29346961716, 86.21522030217, -17.44764345367, 0, 0
-11.38243631436, 98.85167048206, -22.63554143872, -28.29887577390, 86.21428352000, -17.44823513881, 0, 0
-11.37921927793, 98.85010390617, -22.63578025259, -28.30428192868, 86.21334685998, -17.44882688979, 0, 0
-11.37600245308, 98.84853716053, -22.63601895137, -28.30968808151, 86.21241032211, -17.44941870662, 0, 0
-11.37278583983, 98.84697024514, -22.63625753506, -28.31509423238, 86.21147390636, -17.45001058935, 0, 0
-11.36956943816, 98.84540316002, -22.63649600366, -28.32050038129, 86.21053761270, -17.45060253801, 0, 0
-11.36635324810, 98.84383590520, -22.63673435714, -28.32590652823, 86.20960144112, -17.45119455261, 0, 0
-11.36313726963, 98.84226848068, -22.63697259553, -28.33131267319, 86.20866539159, -17.45178663320, 0, 0
-11.35992150277, 98.84070088649, -22.63721071879, -28.33671881619, 86.20772946408, -17.45237877980, 0, 0
-11.35670594753, 98.83913312263, -22.63744872695, -28.34212495721, 86.20679365858, -17.45297099244, 0, 0
-11.35349060390, 98.83756518914, -22.63768661998, -28.34753109625, 86.20585797506, -17.45356327115, 0, 0
-11.35027547188, 98.83599708602, -22.63792439788, -28.35293723331, 86.20492241350, -17.45415561597, 0, 0
-11.34706055150, 98.83442881328, -22.63816206065, -28.35834336838, 86.20398697388, -17.45474802692, 0, 0
-11.34384584274, 98.83286037096, -22.63839960829, -28.36374950147, 86.20305165617, -17.45534050402, 0, 0
-11.34063134561, 98.83129175905, -22.63863704078, -28.36915563256, 86.20211646035, -17.45593304732, 0, 0
-11.33741706013, 98.82972297759, -22.63887435814, -28.37456176166, 86.20118138640, -17.45652565684, 0, 0
-11.33420298628, 98.82815402658, -22.63911156034, -28.37996788876, 86.20024643429, -17.45711833261, 0, 0
-11.33098912409, 98.82658490605, -22.63934864738, -28.38537401385, 86.19931160401, -17.45771107466, 0, 0
-11.32777547354, 98.82501561600, -22.63958561927, -28.39078013695, 86.19837689552, -17.45830388303, 0, 0
-11.32456203466, 98.82344615647, -22.63982247599, -28.39618625803, 86.19744230882, -17.45889675773, 0, 0
-11.32134880743, 98.82187652745, -22.64005921754, -28.40159237710, 86.19650784386, -17.45948969880, 0, 0
-11.31813579187, 98.82030672898, -22.64029584392, -28.40699849416, 86.19557350064, -17.46008270627, 0, 0
-11.31492298797, 98.81873676106, -22.64053235512, -28.41240460920, 86.19463927912, -17.46067578017, 0, 0
-11.31171039576, 98.81716662371, -22.64076875114, -28.41781072222, 86.19370517929, -17.46126892053, 0, 0
-11.30849801522, 98.81559631695, -22.64100503196, -28.42321683322, 86.19277120112, -17.46186212738, 0, 0
-11.30528584636, 98.81402584080, -22.64124119760, -28.42862294219, 86.19183734459, -17.46245540075, 0, 0
-11.30207388920, 98.81245519528, -22.64147724804, -28.43402904913, 86.19090360968, -17.46304874066, 0, 0
-11.29886214372, 98.81088438039, -22.64171318328, -28.43943515404, 86.18996999636, -17.46364214716, 0, 0
-11.29565060994, 98.80931339615, -22.64194900331, -28.44484125691, 86.18903650462, -17.46423562026, 0, 0
-11.29243928786, 98.80774224259, -22.64218470812, -28.45024735774, 86.18810313442, -17.46482916000, 0, 0
-11.28922817749, 98.80617091972, -22.64242029772, -28.45565345653, 86.18716988574, -17.46542276641, 0, 0
-11.28601727883, 98.80459942755, -22.64265577210, -28.46105955328, 86.18623675857, -17.46601643951, 0, 0
-11.28280659189, 98.80302776611, -22.64289113126, -28.46646564797, 86.18530375288, -17.46661017935, 0, 0
-11.27959611666, 98.80145593541, -22.64312637518, -28.47187174061, 86.18437086865, -17.46720398593, 0, 0
-11.27638585315, 98.79988393546, -22.64336150387, -28.47727783120, 86.18343810584, -17.46779785931, 0, 0
-11.27317580138, 98.79831176628, -22.64359651732, -28.48268391973, 86.18250546445, -17.46839179950, 0, 0
-11.26996596134, 98.79673942789, -22.64383141552, -28.48809000619, 86.18157294445, -17.46898580654, 0, 0
-11.26675633303, 98.79516692031, -22.64406619848, -28.49349609060, 86.18064054581, -17.46957988045, 0, 0
-11.26354691646, 98.79359424355, -22.64430086618, -28.49890217293, 86.17970826852, -17.47017402126, 0, 0
-11.26033771164, 98.79202139763, -22.64453541862, -28.50430825320, 86.17877611254, -17.47076822902, 0, 0
-11.25712871858, 98.79044838256, -22.64476985579, -28.50971433139, 86.17784407786, -17.47136250373, 0, 0
-11.25391993726, 98.78887519837, -22.64500417770, -28.51512040750, 86.17691216445, -17.47195684544, 0, 0
-11.25071136771, 98.78730184506, -22.64523838434, -28.52052648153, 86.17598037230, -17.47255125417, 0, 0
-11.24750300991, 98.78572832266, -22.64547247570, -28.52593255348, 86.17504870137, -17.47314572996, 0, 0
-11.24429486389, 98.78415463118, -22.64570645177, -28.53133862334, 86.17411715165, -17.47374027283, 0, 0
-11.24108692964, 98.78258077064, -22.64594031256, -28.53674469112, 86.17318572311, -17.47433488281, 0, 0
-11.23787920716, 98.78100674106, -22.64617405806, -28.54215075680, 86.17225441572, -17.47492955994, 0, 0
-11.23467169647, 98.77943254245, -22.64640768826, -28.54755682038, 86.17132322948, -17.47552430423, 0, 0
-11.23146439756, 98.77785817482, -22.64664120315, -28.55296288187, 86.17039216435, -17.47611911573, 0, 0
-11.22825731044, 98.77628363821, -22.64687460275, -28.55836894125, 86.16946122030, -17.47671399446, 0, 0
-11.22505043511, 98.77470893261, -22.64710788703, -28.56377499853, 86.16853039733, -17.47730894045, 0, 0
-11.22184377159, 98.77313405805, -22.64734105599, -28.56918105370, 86.16759969540, -17.47790395373, 0, 0
-11.21863731987, 98.77155901455, -22.64757410964, -28.57458710676, 86.16666911449, -17.47849903432, 0, 0
-11.21543107995, 98.76998380212, -22.64780704796, -28.57999315770, 86.16573865458, -17.47909418227, 0, 0
-11.21222505184, 98.76840842077, -22.64803987095, -28.58539920653, 86.16480831564, -17.47968939760, 0, 0
-11.20901923556, 98.76683287054, -22.64827257860, -28.59080525323, 86.16387809766, -17.48028468034, 0, 0
-11.20581363109, 98.76525715142, -22.64850517092, -28.59621129781, 86.16294800061, -17.48088003051, 0, 0
-11.20260823844, 98.76368126344, -22.64873764789, -28.60161734027, 86.16201802446, -17.48147544815, 0, 0
-11.19940305763, 98.76210520662, -22.64897000952, -28.60702338059, 86.16108816920, -17.48207093329, 0, 0
-11.19619808865, 98.76052898097, -22.64920225579, -28.61242941879, 86.16015843480, -17.48266648595, 0, 0
-11.19299333150, 98.75895258651, -22.64943438670, -28.61783545484, 86.15922882124, -17.48326210617, 0, 0
-11.18978878620, 98.75737602325, -22.64966640225, -28.62324148876, 86.15829932849, -17.48385779398, 0, 0
-11.18658445275, 98.75579929121, -22.64989830243, -28.62864752053, 86.15736995653, -17.48445354940, 0, 0
-11.18338033114, 98.75422239042, -22.65013008724, -28.63405355016, 86.15644070535, -17.48504937247, 0, 0
-11.18017642139, 98.75264532087, -22.65036175667, -28.63945957764, 86.15551157491, -17.48564526321, 0, 0
-11.17697272350, 98.75106808260, -22.65059331073, -28.64486560297, 86.15458256519, -17.48624122166, 0, 0
-11.17376923747, 98.74949067562, -22.65082474939, -28.65027162614, 86.15365367617, -17.48683724784, 0, 0
-11.17056596331, 98.74791309994, -22.65105607266, -28.65567764716, 86.15272490783, -17.48743334178, 0, 0
-11.16736290103, 98.74633535559, -22.65128728054, -28.66108366601, 86.15179626015, -17.48802950351, 0, 0
-11.16416005062, 98.74475744257, -22.65151837302, -28.66648968270, 86.15086773309, -17.48862573306, 0, 0
-11.16095741209, 98.74317936091, -22.65174935009, -28.67189569723, 86.14993932664, -17.48922203047, 0, 0
-11.15775498544, 98.74160111062, -22.65198021176, -28.67730170958, 86.14901104078, -17.48981839576, 0, 0
-11.15455277069, 98.74002269172, -22.65221095800, -28.68270771976, 86.14808287549, -17.49041482895, 0, 0
-11.15135076782, 98.73844410422, -22.65244158883, -28.68811372777, 86.14715483073, -17.49101133009, 0, 0
-11.14814897686, 98.73686534814, -22.65267210424, -28.69351973359, 86.14622690648, -17.49160789920, 0, 0
-11.14494739780, 98.73528642351, -22.65290250421, -28.69892573723, 86.14529910274, -17.49220453630, 0, 0
-11.14174603064, 98.73370733033, -22.65313278876, -28.70433173869, 86.14437141946, -17.49280124143, 0, 0
-11.13854487539, 98.73212806862, -22.65336295786, -28.70973773796, 86.14344385663, -17.49339801462, 0, 0
-11.13534393206, 98.73054863839, -22.65359301152, -28.71514373504, 86.14251641422, -17.49399485590, 0, 0
-11.13214320065, 98.72896903968, -22.65382294974, -28.72054972992, 86.14158909221, -17.49459176529, 0, 0
-11.12894268116, 98.72738927248, -22.65405277250, -28.72595572261, 86.14066189059, -17.49518874283, 0, 0
-11.12574237360, 98.72580933683, -22.65428247981, -28.73136171309, 86.13973480931, -17.49578578854, 0, 0
-11.12254227797, 98.72422923273, -22.65451207165, -28.73676770137, 86.13880784837, -17.49638290246, 0, 0
-11.11934239428, 98.72264896020, -22.65474154803, -28.74217368744, 86.13788100774, -17.49698008461, 0, 0
-11.11614272253, 98.72106851926, -22.65497090893, -28.74757967131, 86.13695428740, -17.49757733502, 0, 0
-11.11294326272, 98.71948790992, -22.65520015436, -28.75298565296, 86.13602768732, -17.49817465373, 0, 0
-11.10974401486, 98.71790713221, -22.65542928431, -28.75839163239, 86.13510120748, -17.49877204076, 0, 0
-11.10654497895, 98.71632618614, -22.65565829878, -28.76379760961, 86.13417484786, -17.49936949614, 0, 0
-11.10334615500, 98.71474507172, -22.65588719775, -28.76920358460, 86.13324860843, -17.49996701990, 0, 0
-11.10014754301, 98.71316378897, -22.65611598123, -28.77460955737, 86.13232248917, -17.50056461207, 0, 0
-11.09694914299, 98.71158233791, -22.65634464921, -28.78001552791, 86.13139649006, -17.50116227268, 0, 0
-11.09375095493, 98.71000071856, -22.65657320169, -28.78542149622, 86.13047061108, -17.50176000176, 0, 0
-11.09055297885, 98.70841893093, -22.65680163866, -28.79082746230, 86.12954485219, -17.50235779933, 0, 0
-11.08735521475, 98.70683697504, -22.65702996011, -28.79623342614, 86.12861921339, -17.50295566544, 0, 0
-11.08415766263, 98.70525485090, -22.65725816605, -28.80163938774, 86.12769369464, -17.50355360010, 0, 0
-11.08096032250, 98.70367255854, -22.65748625646, -28.80704534709, 86.12676829593, -17.50415160334, 0, 0
-11.07776319435, 98.70209009796, -22.65771423135, -28.81245130420, 86.12584301723, -17.50474967520, 0, 0
-11.07456627820, 98.70050746920, -22.65794209070, -28.81785725906, 86.12491785851, -17.50534781571, 0, 0
-11.07136957405, 98.69892467225, -22.65816983452, -28.82326321167, 86.12399281975, -17.50594602489, 0, 0
-11.06817308190, 98.69734170714, -22.65839746280, -28.82866916202, 86.12306790094, -17.50654430277, 0, 0
-11.06497680176, 98.69575857389, -22.65862497552, -28.83407511011, 86.12214310205, -17.50714264939, 0, 0
-11.06178073363, 98.69417527251, -22.65885237270, -28.83948105594, 86.12121842304, -17.50774106476, 0, 0
-11.05858487752, 98.69259180302, -22.65907965433, -28.84488699951, 86.12029386392, -17.50833954893, 0, 0
-11.05538923343, 98.69100816543, -22.65930682039, -28.85029294081, 86.11936942463, -17.50893810192, 0, 0
-11.05219380135, 98.68942435977, -22.65953387089, -28.85569887984, 86.11844510518, -17.50953672376, 0, 0
-11.04899858131, 98.68784038605, -22.65976080581, -28.86110481660, 86.11752090553, -17.51013541447, 0, 0
-11.04580357330, 98.68625624428, -22.65998762517, -28.86651075108, 86.11659682565, -17.51073417410, 0, 0
-11.04260877732, 98.68467193449, -22.66021432894, -28.87191668328, 86.11567286553, -17.51133300266, 0, 0
-11.03941419339, 98.68308745669, -22.66044091713, -28.87732261320, 86.11474902515, -17.51193190019, 0, 0
-11.03621982150, 98.68150281089, -22.66066738973, -28.88272854083, 86.11382530447, -17.51253086671, 0, 0
-11.03302566165, 98.67991799711, -22.66089374674, -28.88813446617, 86.11290170348, -17.51312990226, 0, 0
-11.02983171386, 98.67833301538, -22.66111998815, -28.89354038923, 86.11197822216, -17.51372900686, 0, 0
-11.02663797813, 98.67674786570, -22.66134611396, -28.89894630998, 86.11105486048, -17.51432818055, 0, 0
-11.02344445445, 98.67516254809, -22.66157212416, -28.90435222845, 86.11013161841, -17.51492742335, 0, 0
-11.02025114284, 98.67357706258, -22.66179801875, -28.90975814461, 86.10920849594, -17.51552673529, 0, 0
-11.01705804330, 98.67199140917, -22.66202379773, -28.91516405846, 86.10828549304, -17.51612611640, 0, 0
-11.01386515583, 98.67040558788, -22.66224946108, -28.92056997001, 86.10736260968, -17.51672556671, 0, 0
-11.01067248044, 98.66881959873, -22.66247500880, -28.92597587926, 86.10643984586, -17.51732508625, 0, 0
-11.00748001713, 98.66723344174, -22.66270044090, -28.93138178618, 86.10551720153, -17.51792467505, 0, 0
-11.00428776591, 98.66564711693, -22.66292575736, -28.93678769080, 86.10459467668, -17.51852433314, 0, 0
-11.00109572677, 98.66406062430, -22.66315095817, -28.94219359309, 86.10367227129, -17.51912406054, 0, 0
-10.99790389973, 98.66247396388, -22.66337604335, -28.94759949307, 86.10274998534, -17.51972385729, 0, 0
-10.99471228478, 98.66088713569, -22.66360101287, -28.95300539072, 86.10182781879, -17.52032372341, 0, 0
-10.99152088193, 98.65930013973, -22.66382586674, -28.95841128604, 86.10090577162, -17.52092365894, 0, 0
-10.98832969119, 98.65771297603, -22.66405060496, -28.96381717903, 86.09998384383, -17.52152366390, 0, 0
-10.98513871256, 98.65612564461, -22.66427522751, -28.96922306969, 86.09906203537, -17.52212373833, 0, 0
-10.98194794604, 98.65453814548, -22.66449973439, -28.97462895801, 86.09814034622, -17.52272388224, 0, 0
-10.97875739164, 98.65295047865, -22.66472412559, -28.98003484400, 86.09721877638, -17.52332409568, 0, 0
-10.97556704936, 98.65136264415, -22.66494840112, -28.98544072764, 86.09629732580, -17.52392437867, 0, 0
-10.97237691921, 98.64977464199, -22.66517256097, -28.99084660894, 86.09537599447, -17.52452473123, 0, 0
-10.96918700118, 98.64818647218, -22.66539660513, -28.99625248789, 86.09445478236, -17.52512515340, 0, 0
-10.96599729529, 98.64659813475, -22.66562053360, -29.00165836448, 86.09353368946, -17.52572564521, 0, 0
-10.96280780153, 98.64500962972, -22.66584434637, -29.00706423873, 86.09261271573, -17.52632620669, 0, 0
-10.95961851992, 98.64342095708, -22.66606804345, -29.01247011062, 86.09169186116, -17.52692683786, 0, 0
-10.95642945045, 98.64183211688, -22.66629162481, -29.01787598014, 86.09077112572, -17.52752753876, 0, 0
-10.95324059313, 98.64024310911, -22.66651509047, -29.02328184731, 86.08985050939, -17.52812830941, 0, 0
-10.95005194796, 98.63865393381, -22.66673844041, -29.02868771211, 86.08893001215, -17.52872914984, 0, 0
-10.94686351495, 98.63706459097, -22.66696167463, -29.03409357454, 86.08800963396, -17.52933006008, 0, 0
-10.94367529411, 98.63547508063, -22.66718479313, -29.03949943459, 86.08708937482, -17.52993104017, 0, 0
-10.94048728542, 98.63388540280, -22.66740779590, -29.04490529228, 86.08616923469, -17.53053209012, 0, 0
-10.93729948891, 98.63229555749, -22.66763068293, -29.05031114758, 86.08524921355, -17.53113320997, 0, 0
-10.93411190457, 98.63070554473, -22.66785345423, -29.05571700051, 86.08432931139, -17.53173439975, 0, 0
-10.93092453240, 98.62911536452, -22.66807610978, -29.06112285105, 86.08340952817, -17.53233565949, 0, 0
-10.92773737242, 98.62752501689, -22.66829864958, -29.06652869921, 86.08248986387, -17.53293698921, 0, 0
-10.92455042462, 98.62593450185, -22.66852107364, -29.07193454497, 86.08157031848, -17.53353838895, 0, 0
-10.92136368901, 98.62434381942, -22.66874338193, -29.07734038835, 86.08065089196, -17.53413985873, 0, 0
-10.91817716559, 98.62275296961, -22.66896557447, -29.08274622933, 86.07973158429, -17.53474139858, 0, 0
-10.91499085437, 98.62116195245, -22.66918765123, -29.08815206791, 86.07881239545, -17.53534300853, 0, 0
-10.91180475535, 98.61957076795, -22.66940961223, -29.09355790409, 86.07789332543, -17.53594468862, 0, 0
-10.90861886853, 98.61797941612, -22.66963145745, -29.09896373787, 86.07697437418, -17.53654643886, 0, 0
-10.90543319393, 98.61638789699, -22.66985318689, -29.10436956924, 86.07605554170, -17.53714825930, 0, 0
-10.90224773153, 98.61479621056, -22.67007480055, -29.10977539820, 86.07513682795, -17.53775014995, 0, 0
-10.89906248135, 98.61320435686, -22.67029629841, -29.11518122474, 86.07421823292, -17.53835211085, 0, 0
-10.89587744339, 98.61161233590, -22.67051768048, -29.12058704887, 86.07329975658, -17.53895414202, 0, 0
-10.89269261766, 98.61002014771, -22.67073894676, -29.12599287059, 86.07238139891, -17.53955624350, 0, 0
-10.88950800415, 98.60842779229, -22.67096009723, -29.13139868988, 86.07146315988, -17.54015841531, 0, 0
-10.88632360288, 98.60683526966, -22.67118113188, -29.13680450675, 86.07054503947, -17.54076065748, 0, 0
-10.88313941384, 98.60524257984, -22.67140205073, -29.14221032119, 86.06962703766, -17.54136297005, 0, 0
-10.87995543704, 98.60364972285, -22.67162285376, -29.14761613320, 86.06870915443, -17.54196535303, 0, 0
-10.87677167248, 98.60205669871, -22.67184354097, -29.15302194277, 86.06779138975, -17.54256780646, 0, 0
-10.87358812017, 98.60046350742, -22.67206411235, -29.15842774991, 86.06687374360, -17.54317033037, 0, 0
-10.87040478011, 98.59887014901, -22.67228456789, -29.16383355462, 86.06595621595, -17.54377292479, 0, 0
-10.86722165231, 98.59727662349, -22.67250490761, -29.16923935687, 86.06503880679, -17.54437558975, 0, 0
-10.86403873676, 98.59568293089, -22.67272513148, -29.17464515669, 86.06412151608, -17.54497832527, 0, 0
-10.86085603348, 98.59408907121, -22.67294523950, -29.18005095406, 86.06320434381, -17.54558113138, 0, 0
-10.85767354247, 98.59249504448, -22.67316523167, -29.18545674897, 86.06228728995, -17.54618400811, 0, 0
-10.85449126372, 98.59090085071, -22.67338510799, -29.19086254144, 86.06137035448, -17.54678695550, 0, 0
-10.85130919725, 98.58930648991, -22.67360486845, -29.19626833145, 86.06045353738, -17.54738997356, 0, 0
-10.84812734306, 98.58771196212, -22.67382451305, -29.20167411899, 86.05953683862, -17.54799306234, 0, 0
-10.84494570114, 98.58611726733, -22.67404404177, -29.20707990408, 86.05862025818, -17.54859622185, 0, 0
-10.84176427152, 98.58452240557, -22.67426345462, -29.21248568670, 86.05770379603, -17.54919945213, 0, 0
-10.83858305418, 98.58292737685, -22.67448275160, -29.21789146686, 86.05678745216, -17.54980275321, 0, 0
-10.83540204914, 98.58133218120, -22.67470193269, -29.22329724454, 86.05587122654, -17.55040612510, 0, 0
-10.83222125640, 98.57973681863, -22.67492099789, -29.22870301975, 86.05495511914, -17.55100956786, 0, 0
-10.82904067595, 98.57814128915, -22.67513994720, -29.23410879248, 86.05403912995, -17.55161308149, 0, 0
-10.82586030781, 98.57654559278, -22.67535878061, -29.23951456273, 86.05312325894, -17.55221666604, 0, 0
-10.82268015198, 98.57494972954, -22.67557749813, -29.24492033050, 86.05220750608, -17.55282032152, 0, 0
-10.81950020846, 98.57335369945, -22.67579609973, -29.25032609579, 86.05129187136, -17.55342404798, 0, 0
-10.81632047726, 98.57175750252, -22.67601458542, -29.25573185859, 86.05037635474, -17.55402784543, 0, 0
-10.81314095837, 98.57016113877, -22.67623295520, -29.26113761890, 86.04946095622, -17.55463171390, 0, 0
-10.80996165182, 98.56856460822, -22.67645120906, -29.26654337671, 86.04854567575, -17.55523565343, 0, 0
-10.80678255758, 98.56696791087, -22.67666934699, -29.27194913203, 86.04763051333, -17.55583966405, 0, 0
-10.80360367568, 98.56537104676, -22.67688736900, -29.27735488484, 86.04671546892, -17.55644374578, 0, 0
-10.80042500612, 98.56377401590, -22.67710527507, -29.28276063516, 86.04580054251, -17.55704789865, 0, 0
-10.79724654889, 98.56217681830, -22.67732306520, -29.28816638297, 86.04488573407, -17.55765212268, 0, 0
-10.79406830401, 98.56057945398, -22.67754073938, -29.29357212827, 86.04397104357, -17.55825641792, 0, 0
-10.79089027147, 98.55898192295, -22.67775829762, -29.29897787106, 86.04305647100, -17.55886078439, 0, 0
-10.78771245128, 98.55738422524, -22.67797573991, -29.30438361134, 86.04214201633, -17.55946522211, 0, 0
-10.78453484344, 98.55578636086, -22.67819306623, -29.30978934910, 86.04122767953, -17.56006973111, 0, 0
-10.78135744797, 98.55418832983, -22.67841027660, -29.31519508434, 86.04031346059, -17.56067431143, 0, 0
-10.77818026485, 98.55259013216, -22.67862737100, -29.32060081706, 86.03939935948, -17.56127896309, 0, 0
-10.77500329410, 98.55099176787, -22.67884434943, -29.32600654725, 86.03848537617, -17.56188368612, 0, 0
-10.77182653572, 98.54939323698, -22.67906121188, -29.33141227492, 86.03757151065, -17.56248848056, 0, 0
-10.76864998971, 98.54779453951, -22.67927795835, -29.33681800005, 86.03665776289, -17.56309334642, 0, 0
-10.76547365607, 98.54619567546, -22.67949458883, -29.34222372266, 86.03574413287, -17.56369828373, 0, 0
-10.76229753482, 98.54459664487, -22.67971110333, -29.34762944272, 86.03483062056, -17.56430329254, 0, 0
-10.75912162595, 98.54299744774, -22.67992750183, -29.35303516025, 86.03391722594, -17.56490837285, 0, 0
-10.75594592946, 98.54139808409, -22.68014378433, -29.35844087523, 86.03300394899, -17.56551352472, 0, 0
-10.75277044537, 98.53979855394, -22.68035995082, -29.36384658767, 86.03209078968, -17.56611874815, 0, 0
-10.74959517367, 98.53819885731, -22.68057600131, -29.36925229756, 86.03117774799, -17.56672404318, 0, 0
-10.74642011437, 98.53659899421, -22.68079193578, -29.37465800490, 86.03026482390, -17.56732940984, 0, 0
-10.74324526748, 98.53499896465, -22.68100775424, -29.38006370968, 86.02935201738, -17.56793484817, 0, 0
-10.74007063298, 98.53339876867, -22.68122345667, -29.38546941191, 86.02843932841, -17.56854035817, 0, 0
-10.73689621090, 98.53179840626, -22.68143904308, -29.39087511158, 86.02752675697, -17.56914593989, 0, 0
-10.73372200123, 98.53019787746, -22.68165451345, -29.39628080869, 86.02661430304, -17.56975159336, 0, 0
-10.73054800398, 98.52859718227, -22.68186986779, -29.40168650323, 86.02570196658, -17.57035731860, 0, 0
-10.72737421914, 98.52699632072, -22.68208510609, -29.40709219521, 86.02478974758, -17.57096311564, 0, 0
-10.72420064673, 98.52539529282, -22.68230022834, -29.41249788462, 86.02387764602, -17.57156898451, 0, 0
-10.72102728675, 98.52379409858, -22.68251523454, -29.41790357145, 86.02296566186, -17.57217492523, 0, 0
-10.71785413920, 98.52219273803, -22.68273012468, -29.42330925570, 86.02205379509, -17.57278093785, 0, 0
-10.71468120409, 98.52059121117, -22.68294489877, -29.42871493738, 86.02114204569, -17.57338702238, 0, 0
-10.71150848141, 98.51898951804, -22.68315955679, -29.43412061648, 86.02023041362, -17.57399317885, 0, 0
-10.70833597117, 98.51738765864, -22.68337409874, -29.43952629299, 86.01931889887, -17.57459940730, 0, 0
-10.70516367339, 98.51578563299, -22.68358852462, -29.44493196691, 86.01840750142, -17.57520570774, 0, 0
-10.70199158805, 98.51418344111, -22.68380283442, -29.45033763825, 86.01749622123, -17.57581208022, 0, 0
-10.69881971516, 98.51258108301, -22.68401702813, -29.45574330699, 86.01658505829, -17.57641852475, 0, 0
-10.69564805473, 98.51097855872, -22.68423110576, -29.46114897313, 86.01567401258, -17.57702504138, 0, 0
-10.69247660676, 98.50937586824, -22.68444506730, -29.46655463668, 86.01476308406, -17.57763163011, 0, 0
-10.68930537125, 98.50777301160, -22.68465891274, -29.47196029762, 86.01385227272, -17.57823829100, 0, 0
-10.68613434821, 98.50616998881, -22.68487264208, -29.47736595596, 86.01294157854, -17.57884502405, 0, 0
-10.68296353765, 98.50456679989, -22.68508625531, -29.48277161170, 86.01203100148, -17.57945182930, 0, 0
-10.67979293955, 98.50296344486, -22.68529975243, -29.48817726482, 86.01112054153, -17.58005870679, 0, 0
-10.67662255394, 98.50135992373, -22.68551313343, -29.49358291533, 86.01021019866, -17.58066565653, 0, 0
-10.67345238081, 98.49975623651, -22.68572639832, -29.49898856323, 86.00929997285, -17.58127267856, 0, 0
-10.67028242016, 98.49815238324, -22.68593954708, -29.50439420851, 86.00838986408, -17.58187977291, 0, 0
-10.66711267200, 98.49654836392, -22.68615257971, -29.50979985116, 86.00747987232, -17.58248693959, 0, 0
-10.66394313634, 98.49494417857, -22.68636549621, -29.51520549120, 86.00656999755, -17.58309417865, 0, 0
-10.66077381317, 98.49333982720, -22.68657829657, -29.52061112860, 86.00566023975, -17.58370149012, 0, 0
-10.65760470250, 98.49173530984, -22.68679098078, -29.52601676338, 86.00475059888, -17.58430887401, 0, 0
-10.65443580433, 98.49013062650, -22.68700354885, -29.53142239553, 86.00384107494, -17.58491633035, 0, 0
-10.65126711867, 98.48852577720, -22.68721600076, -29.53682802504, 86.00293166789, -17.58552385919, 0, 0
-10.64809864552, 98.48692076195, -22.68742833652, -29.54223365191, 86.00202237772, -17.58613146054, 0, 0
-10.64493038488, 98.48531558077, -22.68764055612, -29.54763927615, 86.00111320439, -17.58673913443, 0, 0
-10.64176233676, 98.48371023368, -22.68785265954, -29.55304489774, 86.00020414789, -17.58734688089, 0, 0
-10.63859450117, 98.48210472070, -22.68806464680, -29.55845051668, 85.99929520818, -17.58795469995, 0, 0
-10.63542687809, 98.48049904184, -22.68827651788, -29.56385613298, 85.99838638526, -17.58856259164, 0, 0
-10.63225946755, 98.47889319712, -22.68848827279, -29.56926174662, 85.99747767909, -17.58917055599, 0, 0
-10.62909226953, 98.47728718655, -22.68869991150, -29.57466735761, 85.99656908966, -17.58977859303, 0, 0
-10.62592528406, 98.47568101015, -22.68891143403, -29.58007296594, 85.99566061693, -17.59038670277, 0, 0
-10.62275851111, 98.47407466795, -22.68912284036, -29.58547857162, 85.99475226089, -17.59099488526, 0, 0
-10.61959195072, 98.47246815995, -22.68933413050, -29.59088417463, 85.99384402150, -17.59160314052, 0, 0
-10.61642560286, 98.47086148617, -22.68954530443, -29.59628977497, 85.99293589876, -17.59221146858, 0, 0
-10.61325946756, 98.46925464663, -22.68975636215, -29.60169537265, 85.99202789263, -17.59281986946, 0, 0
-10.61009354481, 98.46764764135, -22.68996730366, -29.60710096766, 85.99112000309, -17.59342834321, 0, 0
-10.60692783461, 98.46604047035, -22.69017812896, -29.61250655999, 85.99021223012, -17.59403688983, 0, 0
-10.60376233698, 98.46443313363, -22.69038883803, -29.61791214965, 85.98930457369, -17.59464550937, 0, 0
-10.60059705191, 98.46282563122, -22.69059943087, -29.62331773663, 85.98839703378, -17.59525420185, 0, 0
-10.59743197940, 98.46121796314, -22.69080990748, -29.62872332092, 85.98748961037, -17.59586296730, 0, 0
-10.59426711946, 98.45961012940, -22.69102026786, -29.63412890254, 85.98658230343, -17.59647180574, 0, 0
-10.59110247210, 98.45800213001, -22.69123051200, -29.63953448146, 85.98567511294, -17.59708071721, 0, 0
-10.58793803731, 98.45639396500, -22.69144063989, -29.64494005770, 85.98476803888, -17.59768970174, 0, 0
-10.58477381511, 98.45478563438, -22.69165065153, -29.65034563124, 85.98386108122, -17.59829875935, 0, 0
-10.58160980549, 98.45317713817, -22.69186054692, -29.65575120209, 85.98295423994, -17.59890789007, 0, 0
-10.57844600845, 98.45156847639, -22.69207032605, -29.66115677023, 85.98204751501, -17.59951709392, 0, 0
-10.57528242401, 98.44995964905, -22.69227998891, -29.66656233568, 85.98114090642, -17.60012637095, 0, 0
-10.57211905216, 98.44835065616, -22.69248953551, -29.67196789843, 85.98023441414, -17.60073572117, 0, 0
-10.56895589291, 98.44674149776, -22.69269896583, -29.67737345847, 85.97932803814, -17.60134514462, 0, 0
-10.56579294625, 98.44513217384, -22.69290827988, -29.68277901579, 85.97842177841, -17.60195464132, 0, 0
-10.56263021221, 98.44352268444, -22.69311747764, -29.68818457041, 85.97751563491, -17.60256421130, 0, 0
-10.55946769077, 98.44191302956, -22.69332655912, -29.69359012231, 85.97660960763, -17.60317385458, 0, 0
-10.55630538194, 98.44030320923, -22.69353552431, -29.69899567150, 85.97570369654, -17.60378357121, 0, 0
-10.55314328573, 98.43869322346, -22.69374437320, -29.70440121797, 85.97479790162, -17.60439336120, 0, 0
-10.54998140213, 98.43708307226, -22.69395310579, -29.70980676171, 85.97389222284, -17.60500322459, 0, 0
-10.54681973116, 98.43547275566, -22.69416172207, -29.71521230273, 85.97298666019, -17.60561316140, 0, 0
-10.54365827281, 98.43386227367, -22.69437022205, -29.72061784102, 85.97208121363, -17.60622317166, 0, 0
-10.54049702709, 98.43225162631, -22.69457860571, -29.72602337658, 85.97117588314, -17.60683325539, 0, 0
-10.53733599400, 98.43064081360, -22.69478687305, -29.73142890940, 85.97027066871, -17.60744341264, 0, 0
-10.53417517354, 98.42902983554, -22.69499502407, -29.73683443949, 85.96936557030, -17.60805364342, 0, 0
-10.53101456573, 98.42741869217, -22.69520305875, -29.74223996684, 85.96846058790, -17.60866394776, 0, 0
-10.52785417056, 98.42580738349, -22.69541097711, -29.74764549145, 85.96755572147, -17.60927432570, 0, 0
-10.52469398803, 98.42419590952, -22.69561877913, -29.75305101331, 85.96665097101, -17.60988477725, 0, 0
-10.52153401815, 98.42258427028, -22.69582646481, -29.75845653243, 85.96574633647, -17.61049530245, 0, 0
-10.51837426092, 98.42097246579, -22.69603403414, -29.76386204880, 85.96484181784, -17.61110590133, 0, 0
-10.51521471634, 98.41936049607, -22.69624148712, -29.76926756241, 85.96393741510, -17.61171657392, 0, 0
-10.51205538443, 98.41774836112, -22.69644882374, -29.77467307327, 85.96303312823, -17.61232732023, 0, 0
-10.50889626518, 98.41613606097, -22.69665604401, -29.78007858137, 85.96212895719, -17.61293814031, 0, 0
-10.50573735859, 98.41452359563, -22.69686314790, -29.78548408672, 85.96122490196, -17.61354903418, 0, 0
-10.50257866467, 98.41291096513, -22.69707013543, -29.79088958929, 85.96032096253, -17.61416000186, 0, 0
-10.49942018342, 98.41129816947, -22.69727700658, -29.79629508911, 85.95941713886, -17.61477104339, 0, 0
-10.49626191485, 98.40968520868, -22.69748376136, -29.80170058615, 85.95851343094, -17.61538215880, 0, 0
-10.49310385896, 98.40807208277, -22.69769039975, -29.80710608042, 85.95760983874, -17.61599334810, 0, 0
-10.48994601575, 98.40645879176, -22.69789692175, -29.81251157192, 85.95670636224, -17.61660461134, 0, 0
-10.48678838522, 98.40484533566, -22.69810332736, -29.81791706064, 85.95580300141, -17.61721594853, 0, 0
-10.48363096739, 98.40323171450, -22.69830961658, -29.82332254659, 85.95489975623, -17.61782735972, 0, 0
-10.48047376224, 98.40161792828, -22.69851578939, -29.82872802975, 85.95399662668, -17.61843884491, 0, 0
-10.47731676979, 98.40000397703, -22.69872184579, -29.83413351012, 85.95309361273, -17.61905040415, 0, 0
-10.47415999004, 98.39838986077, -22.69892778579, -29.83953898771, 85.95219071436, -17.61966203746, 0, 0
-10.47100342299, 98.39677557950, -22.69913360936, -29.84494446251, 85.95128793155, -17.62027374486, 0, 0
-10.46784706865, 98.39516113325, -22.69933931652, -29.85034993452, 85.95038526427, -17.62088552640, 0, 0
-10.46469092701, 98.39354652204, -22.69954490725, -29.85575540373, 85.94948271249, -17.62149738209, 0, 0
-10.46153499809, 98.39193174588, -22.69975038156, -29.86116087014, 85.94858027621, -17.62210931196, 0, 0
-10.45837928188, 98.39031680478, -22.69995573942, -29.86656633376, 85.94767795538, -17.62272131605, 0, 0
-10.45522377839, 98.38870169877, -22.70016098085, -29.87197179456, 85.94677574999, -17.62333339437, 0, 0
-10.45206848762, 98.38708642786, -22.70036610584, -29.87737725257, 85.94587366002, -17.62394554696, 0, 0
-10.44891340957, 98.38547099207, -22.70057111438, -29.88278270776, 85.94497168544, -17.62455777385, 0, 0
-10.44575854426, 98.38385539142, -22.70077600646, -29.88818816015, 85.94406982622, -17.62517007506, 0, 0
-10.44260389167, 98.38223962591, -22.70098078209, -29.89359360971, 85.94316808235, -17.62578245062, 0, 0
-10.43944945182, 98.38062369558, -22.70118544126, -29.89899905647, 85.94226645380, -17.62639490056, 0, 0
-10.43629522470, 98.37900760043, -22.70138998396, -29.90440450040, 85.94136494054, -17.62700742491, 0, 0
-10.43314121033, 98.37739134049, -22.70159441019, -29.90980994151, 85.94046354256, -17.62762002370, 0, 0
-10.42998740870, 98.37577491576, -22.70179871994, -29.91521537980, 85.93956225982, -17.62823269695, 0, 0
-10.42683381982, 98.37415832628, -22.70200291321, -29.92062081526, 85.93866109232, -17.62884544469, 0, 0
-10.42368044369, 98.37254157204, -22.70220699000, -29.92602624789, 85.93776004001, -17.62945826695, 0, 0
-10.42052728032, 98.37092465308, -22.70241095030, -29.93143167769, 85.93685910288, -17.63007116376, 0, 0
-10.41737432970, 98.36930756941, -22.70261479410, -29.93683710465, 85.93595828091, -17.63068413514, 0, 0
-10.41422159184, 98.36769032104, -22.70281852141, -29.94224252877, 85.93505757407, -17.63129718113, 0, 0
-10.41106906675, 98.36607290799, -22.70302213221, -29.94764795006, 85.93415698233, -17.63191030176, 0, 0
-10.40791675442, 98.36445533028, -22.70322562651, -29.95305336850, 85.93325650568, -17.63252349704, 0, 0
-10.40476465486, 98.36283758793, -22.70342900429, -29.95845878409, 85.93235614409, -17.63313676701, 0, 0
-10.40161276808, 98.36121968094, -22.70363226556, -29.96386419684, 85.93145589753, -17.63375011169, 0, 0
-10.39846109407, 98.35960160935, -22.70383541030, -29.96926960674, 85.93055576599, -17.63436353112, 0, 0
-10.39530963284, 98.35798337317, -22.70403843852, -29.97467501378, 85.92965574944, -17.63497702533, 0, 0
-10.39215838439, 98.35636497241, -22.70424135021, -29.98008041796, 85.92875584785, -17.63559059433, 0, 0
-10.38900734873, 98.35474640708, -22.70444414536, -29.98548581929, 85.92785606121, -17.63620423816, 0, 0
-10.38585652586, 98.35312767722, -22.70464682397, -29.99089121776, 85.92695638948, -17.63681795684, 0, 0
-10.38270591578, 98.35150878283, -22.70484938604, -29.99629661336, 85.92605683265, -17.63743175041, 0, 0
-10.37955551850, 98.34988972393, -22.70505183156, -30.00170200610, 85.92515739069, -17.63804561889, 0, 0
-10.37640533402, 98.34827050054, -22.70525416053, -30.00710739596, 85.92425806358, -17.63865956232, 0, 0
-10.37325536234, 98.34665111267, -22.70545637293, -30.01251278296, 85.92335885129, -17.63927358070, 0, 0
-10.37010560346, 98.34503156035, -22.70565846878, -30.01791816708, 85.92245975380, -17.63988767409, 0, 0
-10.36695605739, 98.34341184358, -22.70586044805, -30.02332354832, 85.92156077108, -17.64050184250, 0, 0
-10.36380672413, 98.34179196239, -22.70606231076, -30.02872892668, 85.92066190312, -17.64111608596, 0, 0
-10.36065760369, 98.34017191680, -22.70626405688, -30.03413430216, 85.91976314989, -17.64173040450, 0, 0
-10.35750869606, 98.33855170681, -22.70646568643, -30.03953967476, 85.91886451137, -17.64234479814, 0, 0
-10.35436000125, 98.33693133245, -22.70666719939, -30.04494504447, 85.91796598752, -17.64295926692, 0, 0
-10.35121151927, 98.33531079373, -22.70686859576, -30.05035041129, 85.91706757834, -17.64357381087, 0, 0
-10.34806325012, 98.33369009068, -22.70706987554, -30.05575577521, 85.91616928379, -17.64418843000, 0, 0
-10.34491519379, 98.33206922330, -22.70727103871, -30.06116113624, 85.91527110384, -17.64480312436, 0, 0
-10.34176735030, 98.33044819162, -22.70747208528, -30.06656649437, 85.91437303849, -17.64541789396, 0, 0
-10.33861971965, 98.32882699565, -22.70767301525, -30.07197184960, 85.91347508770, -17.64603273883, 0, 0
-10.33547230183, 98.32720563540, -22.70787382860, -30.07737720193, 85.91257725145, -17.64664765901, 0, 0
-10.33232509686, 98.32558411090, -22.70807452533, -30.08278255135, 85.91167952971, -17.64726265452, 0, 0
-10.32917810473, 98.32396242217, -22.70827510544, -30.08818789787, 85.91078192247, -17.64787772538, 0, 0
-10.32603132545, 98.32234056921, -22.70847556892, -30.09359324147, 85.90988442970, -17.64849287163, 0, 0
-10.32288475902, 98.32071855205, -22.70867591577, -30.09899858216, 85.90898705137, -17.64910809330, 0, 0
-10.31973840545, 98.31909637071, -22.70887614598, -30.10440391994, 85.90808978746, -17.64972339041, 0, 0
-10.31659226474, 98.31747402519, -22.70907625956, -30.10980925479, 85.90719263795, -17.65033876298, 0, 0
-10.31344633688, 98.31585151552, -22.70927625648, -30.11521458673, 85.90629560281, -17.65095421106, 0, 0
-10.31030062189, 98.31422884172, -22.70947613676, -30.12061991574, 85.90539868202, -17.65156973465, 0, 0
-10.30715511977, 98.31260600379, -22.70967590038, -30.12602524182, 85.90450187556, -17.65218533381, 0, 0
-10.30400983052, 98.31098300177, -22.70987554735, -30.13143056497, 85.90360518341, -17.65280100854, 0, 0
-10.30086475414, 98.30935983566, -22.71007507765, -30.13683588520, 85.90270860553, -17.65341675888, 0, 0
-10.29771989064, 98.30773650548, -22.71027449128, -30.14224120249, 85.90181214190, -17.65403258485, 0, 0
-10.29457524001, 98.30611301125, -22.71047378824, -30.14764651684, 85.90091579251, -17.65464848650, 0, 0
-10.29143080227, 98.30448935299, -22.71067296852, -30.15305182825, 85.90001955732, -17.65526446383, 0, 0
-10.28828657742, 98.30286553071, -22.71087203212, -30.15845713672, 85.89912343632, -17.65588051688, 0, 0
-10.28514256545, 98.30124154443, -22.71107097904, -30.16386244225, 85.89822742948, -17.65649664568, 0, 0
-10.28199876638, 98.29961739417, -22.71126980926, -30.16926774483, 85.89733153678, -17.65711285025, 0, 0
-10.27885518020, 98.29799307994, -22.71146852278, -30.17467304446, 85.89643575819, -17.65772913063, 0, 0
-10.27571180691, 98.29636860176, -22.71166711961, -30.18007834114, 85.89554009369, -17.65834548684, 0, 0
-10.27256864653, 98.29474395965, -22.71186559973, -30.18548363487, 85.89464454325, -17.65896191890, 0, 0
-10.26942569905, 98.29311915362, -22.71206396314, -30.19088892563, 85.89374910685, -17.65957842686, 0, 0
-10.26628296448, 98.29149418370, -22.71226220984, -30.19629421344, 85.89285378448, -17.66019501072, 0, 0
-10.26314044282, 98.28986904990, -22.71246033982, -30.20169949828, 85.89195857609, -17.66081167053, 0, 0
-10.25999813407, 98.28824375223, -22.71265835307, -30.20710478017, 85.89106348168, -17.66142840631, 0, 0
-10.25685603823, 98.28661829071, -22.71285624960, -30.21251005908, 85.89016850121, -17.66204521808, 0, 0
-10.25371415532, 98.28499266537, -22.71305402940, -30.21791533502, 85.88927363467, -17.66266210588, 0, 0
-10.25057248532, 98.28336687621, -22.71325169246, -30.22332060799, 85.88837888203, -17.66327906973, 0, 0
-10.24743102825, 98.28174092325, -22.71344923878, -30.22872587799, 85.88748424326, -17.66389610966, 0, 0
-10.24428978411, 98.28011480652, -22.71364666835, -30.23413114501, 85.88658971834, -17.66451322569, 0, 0
-10.24114875290, 98.27848852602, -22.71384398117, -30.23953640904, 85.88569530725, -17.66513041787, 0, 0
-10.23800793462, 98.27686208178, -22.71404117723, -30.24494167010, 85.88480100997, -17.66574768620, 0, 0
-10.23486732928, 98.27523547381, -22.71423825654, -30.25034692817, 85.88390682646, -17.66636503073, 0, 0
-10.23172693688, 98.27360870213, -22.71443521908, -30.25575218325, 85.88301275671, -17.66698245148, 0, 0
-10.22858675742, 98.27198176675, -22.71463206485, -30.26115743534, 85.88211880069, -17.66759994847, 0, 0
-10.22544679090, 98.27035466770, -22.71482879385, -30.26656268444, 85.88122495839, -17.66821752173, 0, 0
-10.22230703734, 98.26872740499, -22.71502540607, -30.27196793055, 85.88033122977, -17.66883517130, 0, 0
-10.21916749672, 98.26709997863, -22.71522190151, -30.27737317365, 85.87943761480, -17.66945289719, 0, 0
-10.21602816906, 98.26547238865, -22.71541828016, -30.28277841376, 85.87854411348, -17.67007069944, 0, 0
-10.21288905436, 98.26384463506, -22.71561454202, -30.28818365086, 85.87765072577, -17.67068857808, 0, 0
-10.20975015262, 98.26221671788, -22.71581068709, -30.29358888496, 85.87675745165, -17.67130653313, 0, 0
-10.20661146384, 98.26058863712, -22.71600671535, -30.29899411605, 85.87586429110, -17.67192456461, 0, 0
-10.20347298802, 98.25896039280, -22.71620262681, -30.30439934413, 85.87497124409, -17.67254267257, 0, 0
-10.20033472518, 98.25733198494, -22.71639842146, -30.30980456920, 85.87407831060, -17.67316085701, 0, 0
-10.19719667530, 98.25570341356, -22.71659409929, -30.31520979125, 85.87318549060, -17.67377911798, 0, 0
-10.19405883840, 98.25407467867, -22.71678966030, -30.32061501028, 85.87229278407, -17.67439745550, 0, 0
-10.19092121448, 98.25244578029, -22.71698510449, -30.32602022630, 85.87140019100, -17.67501586960, 0, 0
-10.18778380354, 98.25081671844, -22.71718043185, -30.33142543929, 85.87050771134, -17.67563436030, 0, 0
-10.18464660558, 98.24918749313, -22.71737564238, -30.33683064925, 85.86961534508, -17.67625292764, 0, 0
-10.18150962061, 98.24755810438, -22.71757073608, -30.34223585619, 85.86872309220, -17.67687157163, 0, 0
-10.17837284863, 98.24592855221, -22.71776571293, -30.34764106010, 85.86783095268, -17.67749029231, 0, 0
-10.17523628964, 98.24429883664, -22.71796057293, -30.35304626097, 85.86693892648, -17.67810908971, 0, 0
-10.17209994364, 98.24266895768, -22.71815531608, -30.35845145881, 85.86604701358, -17.67872796385, 0, 0
-10.16896381065, 98.24103891534, -22.71834994238, -30.36385665361, 85.86515521396, -17.67934691476, 0, 0
-10.16582789065, 98.23940870965, -22.71854445182, -30.36926184537, 85.86426352761, -17.67996594247, 0, 0
-10.16269218366, 98.23777834063, -22.71873884439, -30.37466703408, 85.86337195448, -17.68058504700, 0, 0
-10.15955668967, 98.23614780828, -22.71893312009, -30.38007221976, 85.86248049456, -17.68120422839, 0, 0
-10.15642140869, 98.23451711263, -22.71912727892, -30.38547740238, 85.86158914783, -17.68182348665, 0, 0
-10.15328634073, 98.23288625370, -22.71932132087, -30.39088258195, 85.86069791426, -17.68244282183, 0, 0
-10.15015148577, 98.23125523150, -22.71951524594, -30.39628775847, 85.85980679383, -17.68306223394, 0, 0
-10.14701684384, 98.22962404604, -22.71970905412, -30.40169293194, 85.85891578651, -17.68368172301, 0, 0
-10.14388241493, 98.22799269735, -22.71990274541, -30.40709810234, 85.85802489228, -17.68430128907, 0, 0
-10.14074819904, 98.22636118544, -22.72009631980, -30.41250326969, 85.85713411112, -17.68492093215, 0, 0
-10.13761419618, 98.22472951033, -22.72028977729, -30.41790843398, 85.85624344300, -17.68554065227, 0, 0
-10.13448040634, 98.22309767204, -22.72048311788, -30.42331359519, 85.85535288789, -17.68616044947, 0, 0
-10.13134682954, 98.22146567058, -22.72067634156, -30.42871875334, 85.85446244579, -17.68678032377, 0, 0
-10.12821346578, 98.21983350597, -22.72086944832, -30.43412390843, 85.85357211665, -17.68740027520, 0, 0
-10.12508031505, 98.21820117823, -22.72106243816, -30.43952906043, 85.85268190046, -17.68802030378, 0, 0
-10.12194737736, 98.21656868737, -22.72125531107, -30.44493420937, 85.85179179719, -17.68864040954, 0, 0
-10.11881465271, 98.21493603341, -22.72144806706, -30.45033935522, 85.85090180682, -17.68926059251, 0, 0
-10.11568214111, 98.21330321638, -22.72164070612, -30.45574449800, 85.85001192932, -17.68988085272, 0, 0
-10.11254984256, 98.21167023627, -22.72183322824, -30.46114963769, 85.84912216468, -17.69050119020, 0, 0
-10.10941775706, 98.21003709312, -22.72202563342, -30.46655477430, 85.84823251287, -17.69112160497, 0, 0
-10.10628588462, 98.20840378694, -22.72221792165, -30.47195990782, 85.84734297385, -17.69174209705, 0, 0
-10.10315422523, 98.20677031775, -22.72241009292, -30.47736503825, 85.84645354762, -17.69236266649, 0, 0
-10.10002277890, 98.20513668556, -22.72260214725, -30.48277016558, 85.84556423415, -17.69298331330, 0, 0
-10.09689154563, 98.20350289038, -22.72279408461, -30.48817528983, 85.84467503340, -17.69360403751, 0, 0
-10.09376052544, 98.20186893225, -22.72298590501, -30.49358041097, 85.84378594536, -17.69422483915, 0, 0
-10.09062971830, 98.20023481117, -22.72317760844, -30.49898552902, 85.84289697001, -17.69484571824, 0, 0
-10.08749912424, 98.19860052717, -22.72336919489, -30.50439064396, 85.84200810732, -17.69546667482, 0, 0
-10.08436874326, 98.19696608025, -22.72356066437, -30.50979575580, 85.84111935726, -17.69608770891, 0, 0
-10.08123857535, 98.19533147044, -22.72375201686, -30.51520086453, 85.84023071982, -17.69670882054, 0, 0
-10.07810862051, 98.19369669775, -22.72394325237, -30.52060597015, 85.83934219496, -17.69733000974, 0, 0
-10.07497887877, 98.19206176220, -22.72413437088, -30.52601107266, 85.83845378267, -17.69795127653, 0, 0
-10.07184935010, 98.19042666380, -22.72432537240, -30.53141617206, 85.83756548292, -17.69857262094, 0, 0
-10.06872003452, 98.18879140259, -22.72451625692, -30.53682126834, 85.83667729569, -17.69919404300, 0, 0
-10.06559093204, 98.18715597856, -22.72470702443, -30.54222636150, 85.83578922095, -17.69981554274, 0, 0
-10.06246204264, 98.18552039174, -22.72489767493, -30.54763145153, 85.83490125868, -17.70043712017, 0, 0
-10.05933336635, 98.18388464214, -22.72508820841, -30.55303653845, 85.83401340885, -17.70105877534, 0, 0
-10.05620490315, 98.18224872979, -22.72527862488, -30.55844162224, 85.83312567145, -17.70168050826, 0, 0
-10.05307665305, 98.18061265470, -22.72546892432, -30.56384670289, 85.83223804644, -17.70230231897, 0, 0
-10.04994861605, 98.17897641688, -22.72565910674, -30.56925178042, 85.83135053381, -17.70292420750, 0, 0
-10.04682079217, 98.17734001636, -22.72584917212, -30.57465685481, 85.83046313352, -17.70354617386, 0, 0
-10.04369318139, 98.17570345314, -22.72603912046, -30.58006192607, 85.82957584556, -17.70416821809, 0, 0
-10.04056578372, 98.17406672726, -22.72622895177, -30.58546699419, 85.82868866991, -17.70479034021, 0, 0
-10.03743859917, 98.17242983872, -22.72641866602, -30.59087205916, 85.82780160653, -17.70541254025, 0, 0
-10.03431162773, 98.17079278754, -22.72660826323, -30.59627712100, 85.82691465540, -17.70603481824, 0, 0
-10.03118486942, 98.16915557373, -22.72679774338, -30.60168217968, 85.82602781650, -17.70665717421, 0, 0
-10.02805832422, 98.16751819733, -22.72698710646, -30.60708723522, 85.82514108981, -17.70727960818, 0, 0
-10.02493199216, 98.16588065834, -22.72717635249, -30.61249228761, 85.82425447530, -17.70790212018, 0, 0
-10.02180587322, 98.16424295677, -22.72736548144, -30.61789733684, 85.82336797295, -17.70852471024, 0, 0
-10.01867996741, 98.16260509266, -22.72755449333, -30.62330238292, 85.82248158274, -17.70914737838, 0, 0
-10.01555427473, 98.16096706600, -22.72774338813, -30.62870742584, 85.82159530463, -17.70977012464, 0, 0
-10.01242879520, 98.15932887683, -22.72793216585, -30.63411246560, 85.82070913861, -17.71039294903, 0, 0
-10.00930352880, 98.15769052516, -22.72812082648, -30.63951750220, 85.81982308465, -17.71101585159, 0, 0
-10.00617847554, 98.15605201100, -22.72830937002, -30.64492253563, 85.81893714273, -17.71163883234, 0, 0
-10.00305363542, 98.15441333437, -22.72849779647, -30.65032756590, 85.81805131282, -17.71226189132, 0, 0
-9.99992900845, 98.15277449530, -22.72868610581, -30.65573259299, 85.81716559491, -17.71288502854, 0, 0
-9.99680459463, 98.15113549379, -22.72887429805, -30.66113761691, 85.81627998896, -17.71350824404, 0, 0
-9.99368039397, 98.14949632986, -22.72906237318, -30.66654263766, 85.81539449495, -17.71413153784, 0, 0
-9.99055640645, 98.14785700353, -22.72925033119, -30.67194765523, 85.81450911286, -17.71475490998, 0, 0
-9.98743263210, 98.14621751482, -22.72943817209, -30.67735266962, 85.81362384267, -17.71537836046, 0, 0
-9.98430907090, 98.14457786375, -22.72962589586, -30.68275768083, 85.81273868435, -17.71600188934, 0, 0
-9.98118572287, 98.14293805032, -22.72981350250, -30.68816268885, 85.81185363787, -17.71662549662, 0, 0
-9.97806258800, 98.14129807457, -22.73000099201, -30.69356769369, 85.81096870322, -17.71724918234, 0, 0
-9.97493966630, 98.13965793650, -22.73018836439, -30.69897269534, 85.81008388036, -17.71787294653, 0, 0
-9.97181695777, 98.13801763613, -22.73037561962, -30.70437769379, 85.80919916928, -17.71849678921, 0, 0
-9.96869446241, 98.13637717349, -22.73056275770, -30.70978268905, 85.80831456995, -17.71912071041, 0, 0
-9.96557218022, 98.13473654858, -22.73074977864, -30.71518768112, 85.80743008234, -17.71974471016, 0, 0
-9.96245011122, 98.13309576142, -22.73093668242, -30.72059266999, 85.80654570644, -17.72036878848, 0, 0
-9.95932825539, 98.13145481204, -22.73112346904, -30.72599765565, 85.80566144222, -17.72099294540, 0, 0
-9.95620661275, 98.12981370045, -22.73131013849, -30.73140263812, 85.80477728965, -17.72161718095, 0, 0
-9.95308518330, 98.12817242666, -22.73149669078, -30.73680761737, 85.80389324871, -17.72224149516, 0, 0
-9.94996396703, 98.12653099069, -22.73168312590, -30.74221259342, 85.80300931938, -17.72286588805, 0, 0
-9.94684296395, 98.12488939256, -22.73186944383, -30.74761756626, 85.80212550163, -17.72349035965, 0, 0
-9.94372217407, 98.12324763229, -22.73205564458, -30.75302253588, 85.80124179545, -17.72411490998, 0, 0
-9.94060159738, 98.12160570989, -22.73224172815, -30.75842750229, 85.80035820079, -17.72473953908, 0, 0
-9.93748123390, 98.11996362538, -22.73242769453, -30.76383246549, 85.79947471765, -17.72536424697, 0, 0
-9.93436108361, 98.11832137879, -22.73261354371, -30.76923742546, 85.79859134599, -17.72598903368, 0, 0
-9.93124114652, 98.11667897011, -22.73279927568, -30.77464238221, 85.79770808579, -17.72661389924, 0, 0
-9.92812142265, 98.11503639938, -22.73298489046, -30.78004733573, 85.79682493704, -17.72723884367, 0, 0
-9.92500191198, 98.11339366661, -22.73317038802, -30.78545228603, 85.79594189969, -17.72786386699, 0, 0
-9.92188261452, 98.11175077181, -22.73335576837, -30.79085723310, 85.79505897374, -17.72848896924, 0, 0
-9.91876353027, 98.11010771501, -22.73354103150, -30.79626217694, 85.79417615916, -17.72911415045, 0, 0
-9.91564465925, 98.10846449621, -22.73372617741, -30.80166711754, 85.79329345592, -17.72973941064, 0, 0
-9.91252600144, 98.10682111545, -22.73391120609, -30.80707205490, 85.79241086399, -17.73036474983, 0, 0
-9.90940755685, 98.10517757273, -22.73409611754, -30.81247698903, 85.79152838336, -17.73099016806, 0, 0
-9.90628932549, 98.10353386807, -22.73428091175, -30.81788191992, 85.79064601400, -17.73161566535, 0, 0
-9.90317130735, 98.10189000149, -22.73446558873, -30.82328684756, 85.78976375589, -17.73224124173, 0, 0
-9.90005350244, 98.10024597301, -22.73465014845, -30.82869177196, 85.78888160900, -17.73286689722, 0, 0
-9.89693591076, 98.09860178264, -22.73483459093, -30.83409669310, 85.78799957331, -17.73349263186, 0, 0
-9.89381853232, 98.09695743040, -22.73501891615, -30.83950161100, 85.78711764879, -17.73411844567, 0, 0
-9.89070136711, 98.09531291630, -22.73520312411, -30.84490652565, 85.78623583542, -17.73474433867, 0, 0
-9.88758441514, 98.09366824037, -22.73538721481, -30.85031143704, 85.78535413318, -17.73537031090, 0, 0
-9.88446767642, 98.09202340262, -22.73557118824, -30.85571634517, 85.78447254204, -17.73599636238, 0, 0
-9.88135115093, 98.09037840308, -22.73575504439, -30.86112125004, 85.78359106198, -17.73662249313, 0, 0
-9.87823483870, 98.08873324174, -22.73593878327, -30.86652615165, 85.78270969298, -17.73724870319, 0, 0
-9.87511873971, 98.08708791864, -22.73612240487, -30.87193105000, 85.78182843500, -17.73787499258, 0, 0
-9.87200285397, 98.08544243379, -22.73630590918, -30.87733594507, 85.78094728803, -17.73850136133, 0, 0
-9.86888718149, 98.08379678721, -22.73648929620, -30.88274083688, 85.78006625204, -17.73912780947, 0, 0
-9.86577172226, 98.08215097891, -22.73667256593, -30.88814572542, 85.77918532701, -17.73975433702, 0, 0
-9.86265647629, 98.08050500891, -22.73685571836, -30.89355061069, 85.77830451291, -17.74038094400, 0, 0
-9.85954144359, 98.07885887723, -22.73703875348, -30.89895549267, 85.77742380972, -17.74100763046, 0, 0
-9.85642662414, 98.07721258388, -22.73722167129, -30.90436037138, 85.77654321742, -17.74163439641, 0, 0
-9.85331201796, 98.07556612889, -22.73740447179, -30.90976524681, 85.77566273598, -17.74226124187, 0, 0
-9.85019762505, 98.07391951227, -22.73758715497, -30.91517011896, 85.77478236537, -17.74288816689, 0, 0
-9.84708344542, 98.07227273403, -22.73776972083, -30.92057498782, 85.77390210558, -17.74351517148, 0, 0
-9.84396947905, 98.07062579420, -22.73795216937, -30.92597985339, 85.77302195658, -17.74414225566, 0, 0
-9.84085572596, 98.06897869279, -22.73813450057, -30.93138471567, 85.77214191835, -17.74476941948, 0, 0
-9.83774218615, 98.06733142981, -22.73831671443, -30.93678957466, 85.77126199085, -17.74539666295, 0, 0
-9.83462885962, 98.06568400530, -22.73849881096, -30.94219443036, 85.77038217407, -17.74602398611, 0, 0
-9.83151574637, 98.06403641925, -22.73868079014, -30.94759928275, 85.76950246799, -17.74665138897, 0, 0
-9.82840284640, 98.06238867170, -22.73886265197, -30.95300413185, 85.76862287257, -17.74727887157, 0, 0
-9.82529015973, 98.06074076265, -22.73904439645, -30.95840897765, 85.76774338780, -17.74790643393, 0, 0
-9.82217768634, 98.05909269212, -22.73922602357, -30.96381382014, 85.76686401365, -17.74853407607, 0, 0
-9.81906542625, 98.05744446014, -22.73940753332, -30.96921865933, 85.76598475010, -17.74916179804, 0, 0
-9.81595337945, 98.05579606671, -22.73958892571, -30.97462349521, 85.76510559711, -17.74978959985, 0, 0
-9.81284154595, 98.05414751186, -22.73977020073, -30.98002832778, 85.76422655468, -17.75041748152, 0, 0
-9.80972992575, 98.05249879560, -22.73995135837, -30.98543315703, 85.76334762277, -17.75104544310, 0, 0
-9.80661851885, 98.05084991795, -22.74013239863, -30.99083798297, 85.76246880136, -17.75167348459, 0, 0
-9.80350732525, 98.04920087892, -22.74031332150, -30.99624280560, 85.76159009043, -17.75230160604, 0, 0
-9.80039634496, 98.04755167854, -22.74049412699, -31.00164762490, 85.76071148995, -17.75292980747, 0, 0
-9.79728557798, 98.04590231682, -22.74067481508, -31.00705244088, 85.75983299990, -17.75355808889, 0, 0
-9.79417502432, 98.04425279378, -22.74085538577, -31.01245725354, 85.75895462025, -17.75418645035, 0, 0
-9.79106468396, 98.04260310944, -22.74103583906, -31.01786206286, 85.75807635098, -17.75481489187, 0, 0
-9.78795455693, 98.04095326380, -22.74121617494, -31.02326686887, 85.75719819206, -17.75544341347, 0, 0
-9.78484464321, 98.03930325690, -22.74139639340, -31.02867167153, 85.75632014348, -17.75607201518, 0, 0
-9.78173494281, 98.03765308874, -22.74157649445, -31.03407647087, 85.75544220520, -17.75670069703, 0, 0
-9.77862545573, 98.03600275934, -22.74175647808, -31.03948126687, 85.75456437721, -17.75732945904, 0, 0
-9.77551618198, 98.03435226873, -22.74193634429, -31.04488605953, 85.75368665947, -17.75795830125, 0, 0
-9.77240712156, 98.03270161691, -22.74211609306, -31.05029084885, 85.75280905197, -17.75858722367, 0, 0
-9.76929827447, 98.03105080391, -22.74229572440, -31.05569563483, 85.75193155468, -17.75921622634, 0, 0
-9.76618964071, 98.02939982974, -22.74247523830, -31.06110041746, 85.75105416758, -17.75984530928, 0, 0
-9.76308122029, 98.02774869442, -22.74265463476, -31.06650519675, 85.75017689064, -17.76047447252, 0, 0
-9.75997301320, 98.02609739796, -22.74283391376, -31.07190997269, 85.74929972384, -17.76110371608, 0, 0
-9.75686501945, 98.02444594039, -22.74301307532, -31.07731474527, 85.74842266715, -17.76173304000, 0, 0
-9.75375723905, 98.02279432172, -22.74319211941, -31.08271951451, 85.74754572055, -17.76236244429, 0, 0
-9.75064967198, 98.02114254197, -22.74337104605, -31.08812428038, 85.74666888402, -17.76299192899, 0, 0
-9.74754231827, 98.01949060116, -22.74354985522, -31.09352904290, 85.74579215753, -17.76362149412, 0, 0
-9.74443517790, 98.01783849929, -22.74372854692, -31.09893380205, 85.74491554106, -17.76425113971, 0, 0
-9.74132825089, 98.01618623639, -22.74390712114, -31.10433855785, 85.74403903458, -17.76488086579, 0, 0
-9.73822153722, 98.01453381248, -22.74408557788, -31.10974331028, 85.74316263806, -17.76551067238, 0, 0
-9.73511503692, 98.01288122758, -22.74426391714, -31.11514805934, 85.74228635150, -17.76614055950, 0, 0
-9.73200874997, 98.01122848169, -22.74444213891, -31.12055280503, 85.74141017485, -17.76677052720, 0, 0
-9.72890267638, 98.00957557485, -22.74462024319, -31.12595754735, 85.74053410810, -17.76740057548, 0, 0
-9.72579681615, 98.00792250705, -22.74479822997, -31.13136228629, 85.73965815123, -17.76803070438, 0, 0
-9.72269116929, 98.00626927833, -22.74497609925, -31.13676702186, 85.73878230420, -17.76866091393, 0, 0
-9.71958573579, 98.00461588870, -22.74515385102, -31.14217175405, 85.73790656700, -17.76929120416, 0, 0
-9.71648051567, 98.00296233818, -22.74533148528, -31.14757648286, 85.73703093959, -17.76992157508, 0, 0
-9.71337550891, 98.00130862678, -22.74550900202, -31.15298120829, 85.73615542196, -17.77055202672, 0, 0
-9.71027071553, 97.99965475452, -22.74568640125, -31.15838593033, 85.73528001409, -17.77118255912, 0, 0
-9.70716613552, 97.99800072142, -22.74586368295, -31.16379064898, 85.73440471594, -17.77181317230, 0, 0
-9.70406176890, 97.99634652749, -22.74604084712, -31.16919536424, 85.73352952749, -17.77244386628, 0, 0
-9.70095761565, 97.99469217275, -22.74621789376, -31.17460007611, 85.73265444872, -17.77307464110, 0, 0
-9.69785367579, 97.99303765723, -22.74639482285, -31.18000478459, 85.73177947961, -17.77370549677, 0, 0
-9.69474994931, 97.99138298093, -22.74657163441, -31.18540948967, 85.73090462013, -17.77433643333, 0, 0
-9.69164643621, 97.98972814387, -22.74674832842, -31.19081419135, 85.73002987025, -17.77496745081, 0, 0
-9.68854313651, 97.98807314608, -22.74692490488, -31.19621888964, 85.72915522996, -17.77559854922, 0, 0
-9.68544005020, 97.98641798756, -22.74710136378, -31.20162358451, 85.72828069922, -17.77622972859, 0, 0
-9.68233717728, 97.98476266834, -22.74727770512, -31.20702827599, 85.72740627802, -17.77686098896, 0, 0
-9.67923451775, 97.98310718843, -22.74745392890, -31.21243296405, 85.72653196633, -17.77749233035, 0, 0
-9.67613207163, 97.98145154785, -22.74763003510, -31.21783764871, 85.72565776412, -17.77812375278, 0, 0
-9.67302983891, 97.97979574662, -22.74780602374, -31.22324232995, 85.72478367137, -17.77875525628, 0, 0
-9.66992781958, 97.97813978475, -22.74798189479, -31.22864700778, 85.72390968807, -17.77938684088, 0, 0
-9.66682601367, 97.97648366226, -22.74815764826, -31.23405168219, 85.72303581417, -17.78001850661, 0, 0
-9.66372442115, 97.97482737918, -22.74833328415, -31.23945635318, 85.72216204966, -17.78065025349, 0, 0
-9.66062304205, 97.97317093550, -22.74850880244, -31.24486102076, 85.72128839452, -17.78128208154, 0, 0
-9.65752187636, 97.97151433126, -22.74868420314, -31.25026568491, 85.72041484871, -17.78191399080, 0, 0
-9.65442092408, 97.96985756647, -22.74885948623, -31.25567034563, 85.71954141223, -17.78254598129, 0, 0
-9.65132018522, 97.96820064114, -22.74903465173, -31.26107500293, 85.71866808503, -17.78317805304, 0, 0
-9.64821965978, 97.96654355530, -22.74920969961, -31.26647965680, 85.71779486710, -17.78381020607, 0, 0
-9.64511934775, 97.96488630896, -22.74938462987, -31.27188430723, 85.71692175842, -17.78444244041, 0, 0
-9.64201924915, 97.96322890214, -22.74955944252, -31.27728895423, 85.71604875895, -17.78507475609, 0, 0
-9.63891936397, 97.96157133486, -22.74973413755, -31.28269359780, 85.71517586868, -17.78570715314, 0, 0
-9.63581969222, 97.95991360712, -22.74990871494, -31.28809823793, 85.71430308758, -17.78633963157, 0, 0
-9.63272023389, 97.95825571896, -22.75008317471, -31.29350287461, 85.71343041562, -17.78697219142, 0, 0
-9.62962098900, 97.95659767038, -22.75025751684, -31.29890750786, 85.71255785279, -17.78760483272, 0, 0
-9.62652195754, 97.95493946141, -22.75043174133, -31.30431213766, 85.71168539905, -17.78823755548, 0, 0
-9.62342313951, 97.95328109206, -22.75060584817, -31.30971676401, 85.71081305439, -17.78887035974, 0, 0
-9.62032453493, 97.95162256235, -22.75077983736, -31.31512138691, 85.70994081878, -17.78950324552, 0, 0
-9.61722614378, 97.94996387230, -22.75095370890, -31.32052600636, 85.70906869219, -17.79013621285, 0, 0
-9.61412796607, 97.94830502192, -22.75112746278, -31.32593062236, 85.70819667460, -17.79076926176, 0, 0
-9.61103000180, 97.94664601122, -22.75130109899, -31.33133523490, 85.70732476599, -17.79140239226, 0, 0
-9.60793225098, 97.94498684024, -22.75147461754, -31.33673984398, 85.70645296633, -17.79203560440, 0, 0
-9.60483471361, 97.94332750898, -22.75164801842, -31.34214444961, 85.70558127560, -17.79266889819, 0, 0
-9.60173738968, 97.94166801746, -22.75182130162, -31.34754905177, 85.70470969377, -17.79330227367, 0, 0
-9.59864027921, 97.94000836570, -22.75199446713, -31.35295365046, 85.70383822082, -17.79393573085, 0, 0
-9.59554338219, 97.93834855372, -22.75216751497, -31.35835824569, 85.70296685673, -17.79456926976, 0, 0
-9.59244669863, 97.93668858153, -22.75234044511, -31.36376283745, 85.70209560146, -17.79520289044, 0, 0
-9.58935022853, 97.93502844915, -22.75251325755, -31.36916742574, 85.70122445501, -17.79583659290, 0, 0
-9.58625397188, 97.93336815660, -22.75268595230, -31.37457201056, 85.70035341734, -17.79647037717, 0, 0
-9.58315792870, 97.93170770389, -22.75285852935, -31.37997659190, 85.69948248842, -17.79710424329, 0, 0
-9.58006209898, 97.93004709105, -22.75303098868, -31.38538116976, 85.69861166824, -17.79773819127, 0, 0
-9.57696648273, 97.92838631808, -22.75320333031, -31.39078574415, 85.69774095676, -17.79837222115, 0, 0
-9.57387107995, 97.92672538501, -22.75337555421, -31.39619031505, 85.69687035398, -17.79900633294, 0, 0
-9.57077589063, 97.92506429186, -22.75354766040, -31.40159488247, 85.69599985985, -17.79964052668, 0, 0
-9.56768091479, 97.92340303863, -22.75371964886, -31.40699944640, 85.69512947436, -17.80027480239, 0, 0
-9.56458615243, 97.92174162536, -22.75389151959, -31.41240400684, 85.69425919748, -17.80090916010, 0, 0
-9.56149160353, 97.92008005205, -22.75406327258, -31.41780856380, 85.69338902919, -17.80154359983, 0, 0
-9.55839726812, 97.91841831872, -22.75423490784, -31.42321311726, 85.69251896946, -17.80217812162, 0, 0
-9.55530314619, 97.91675642539, -22.75440642535, -31.42861766722, 85.69164901828, -17.80281272548, 0, 0
-9.55220923774, 97.91509437208, -22.75457782512, -31.43402221369, 85.69077917560, -17.80344741144, 0, 0
-9.54911554278, 97.91343215880, -22.75474910713, -31.43942675666, 85.68990944142, -17.80408217954, 0, 0
-9.54602206130, 97.91176978558, -22.75492027138, -31.44483129613, 85.68903981571, -17.80471702979, 0, 0
-9.54292879331, 97.91010725242, -22.75509131787, -31.45023583209, 85.68817029844, -17.80535196222, 0, 0
-9.53983573882, 97.90844455935, -22.75526224660, -31.45564036455, 85.68730088958, -17.80598697687, 0, 0
-9.53674289781, 97.90678170638, -22.75543305755, -31.46104489351, 85.68643158912, -17.80662207374, 0, 0
-9.53365027030, 97.90511869353, -22.75560375074, -31.46644941895, 85.68556239703, -17.80725725288, 0, 0
-9.53055785629, 97.90345552082, -22.75577432614, -31.47185394088, 85.68469331328, -17.80789251431, 0, 0
-9.52746565577, 97.90179218826, -22.75594478375, -31.47725845930, 85.68382433785, -17.80852785805, 0, 0
-9.52437366876, 97.90012869588, -22.75611512358, -31.48266297420, 85.68295547072, -17.80916328413, 0, 0
-9.52128189524, 97.89846504368, -22.75628534562, -31.48806748558, 85.68208671186, -17.80979879258, 0, 0
-9.51819033524, 97.89680123169, -22.75645544986, -31.49347199344, 85.68121806125, -17.81043438342, 0, 0
-9.51509898874, 97.89513725993, -22.75662543630, -31.49887649778, 85.68034951886, -17.81107005668, 0, 0
-9.51200785574, 97.89347312840, -22.75679530493, -31.50428099860, 85.67948108467, -17.81170581239, 0, 0
-9.50891693626, 97.89180883713, -22.75696505575, -31.50968549589, 85.67861275866, -17.81234165057, 0, 0
-9.50582623029, 97.89014438614, -22.75713468876, -31.51508998965, 85.67774454079, -17.81297757125, 0, 0
-9.50273573784, 97.88847977544, -22.75730420394, -31.52049447988, 85.67687643105, -17.81361357445, 0, 0
-9.49964545890, 97.88681500505, -22.75747360131, -31.52589896657, 85.67600842941, -17.81424966020, 0, 0
-9.49655539348, 97.88515007499, -22.75764288084, -31.53130344973, 85.67514053585, -17.81488582852, 0, 0
-9.49346554158, 97.88348498526, -22.75781204254, -31.53670792936, 85.67427275035, -17.81552207946, 0, 0
-9.49037590321, 97.88181973591, -22.75798108641, -31.54211240544, 85.67340507287, -17.81615841302, 0, 0
-9.48728647835, 97.88015432692, -22.75815001243, -31.54751687798, 85.67253750339, -17.81679482923, 0, 0
-9.48419726703, 97.87848875834, -22.75831882061, -31.55292134698, 85.67167004190, -17.81743132813, 0, 0
-9.48110826923, 97.87682303017, -22.75848751093, -31.55832581243, 85.67080268836, -17.81806790973, 0, 0
-9.47801948496, 97.87515714242, -22.75865608340, -31.56373027434, 85.66993544275, -17.81870457407, 0, 0
-9.47493091422, 97.87349109513, -22.75882453801, -31.56913473270, 85.66906830505, -17.81934132117, 0, 0
-9.47184255702, 97.87182488830, -22.75899287476, -31.57453918750, 85.66820127523, -17.81997815106, 0, 0
-9.46875441336, 97.87015852195, -22.75916109364, -31.57994363875, 85.66733435326, -17.82061506376, 0, 0
-9.46566648323, 97.86849199610, -22.75932919465, -31.58534808644, 85.66646753914, -17.82125205930, 0, 0
-9.46257876664, 97.86682531076, -22.75949717778, -31.59075253058, 85.66560083282, -17.82188913770, 0, 0
-9.45949126359, 97.86515846596, -22.75966504302, -31.59615697115, 85.66473423428, -17.82252629899, 0, 0
-9.45640397409, 97.86349146171, -22.75983279038, -31.60156140817, 85.66386774351, -17.82316354321, 0, 0
-9.45331689813, 97.86182429803, -22.76000041985, -31.60696584161, 85.66300136047, -17.82380087036, 0, 0
-9.45023003572, 97.86015697493, -22.76016793143, -31.61237027149, 85.66213508515, -17.82443828049, 0, 0
-9.44714338686, 97.85848949244, -22.76033532511, -31.61777469781, 85.66126891751, -17.82507577361, 0, 0
-9.44405695155, 97.85682185056, -22.76050260088, -31.62317912055, 85.66040285753, -17.82571334975, 0, 0
-9.44097072979, 97.85515404933, -22.76066975874, -31.62858353972, 85.65953690519, -17.82635100894, 0, 0
-9.43788472159, 97.85348608874, -22.76083679869, -31.63398795531, 85.65867106047, -17.82698875120, 0, 0
-9.43479892694, 97.85181796883, -22.76100372073, -31.63939236733, 85.65780532334, -17.82762657657, 0, 0
-9.43171334585, 97.85014968960, -22.76117052484, -31.64479677577, 85.65693969377, -17.82826448506, 0, 0
-9.42862797833, 97.84848125108, -22.76133721102, -31.65020118062, 85.65607417174, -17.82890247671, 0, 0
-9.42554282436, 97.84681265329, -22.76150377928, -31.65560558190, 85.65520875723, -17.82954055153, 0, 0
-9.42245788396, 97.84514389623, -22.76167022960, -31.66100997959, 85.65434345021, -17.83017870956, 0, 0
-9.41937315713, 97.84347497993, -22.76183656198, -31.66641437369, 85.65347825066, -17.83081695082, 0, 0
-9.41628864386, 97.84180590441, -22.76200277641, -31.67181876420, 85.65261315856, -17.83145527533, 0, 0
-9.41320434417, 97.84013666968, -22.76216887290, -31.67722315112, 85.65174817387, -17.83209368313, 0, 0
-9.41012025804, 97.83846727575, -22.76233485144, -31.68262753445, 85.65088329658, -17.83273217424, 0, 0
-9.40703638549, 97.83679772266, -22.76250071202, -31.68803191418, 85.65001852665, -17.83337074868, 0, 0
-9.40395272651, 97.83512801040, -22.76266645463, -31.69343629031, 85.64915386408, -17.83400940649, 0, 0
-9.40086928111, 97.83345813901, -22.76283207928, -31.69884066284, 85.64828930882, -17.83464814768, 0, 0
-9.39778604929, 97.83178810850, -22.76299758596, -31.70424503178, 85.64742486086, -17.83528697228, 0, 0
-9.39470303105, 97.83011791888, -22.76316297467, -31.70964939710, 85.64656052017, -17.83592588033, 0, 0
-9.39162022640, 97.82844757017, -22.76332824539, -31.71505375883, 85.64569628673, -17.83656487184, 0, 0
-9.38853763532, 97.82677706240, -22.76349339814, -31.72045811694, 85.64483216052, -17.83720394684, 0, 0
-9.38545525784, 97.82510639557, -22.76365843289, -31.72586247144, 85.64396814150, -17.83784310536, 0, 0
-9.38237309394, 97.82343556970, -22.76382334965, -31.73126682234, 85.64310422966, -17.83848234742, 0, 0
-9.37929114363, 97.82176458482, -22.76398814842, -31.73667116961, 85.64224042497, -17.83912167305, 0, 0
-9.37620940691, 97.82009344094, -22.76415282918, -31.74207551328, 85.64137672741, -17.83976108228, 0, 0
-9.37312788379, 97.81842213807, -22.76431739193, -31.74747985332, 85.64051313694, -17.84040057513, 0, 0
-9.37004657426, 97.81675067623, -22.76448183668, -31.75288418974, 85.63964965355, -17.84104015162, 0, 0
-9.36696547833, 97.81507905545, -22.76464616341, -31.75828852255, 85.63878627722, -17.84167981179, 0, 0
-9.36388459599, 97.81340727573, -22.76481037212, -31.76369285172, 85.63792300792, -17.84231955566, 0, 0
-9.36080392726, 97.81173533710, -22.76497446281, -31.76909717727, 85.63705984561, -17.84295938326, 0, 0
-9.35772347213, 97.81006323957, -22.76513843547, -31.77450149920, 85.63619679029, -17.84359929461, 0, 0
-9.35464323060, 97.80839098317, -22.76530229010, -31.77990581749, 85.63533384192, -17.84423928973, 0, 0
-9.35156320268, 97.80671856789, -22.76546602669, -31.78531013215, 85.63447100048, -17.84487936866, 0, 0
-9.34848338837, 97.80504599378, -22.76562964524, -31.79071444317, 85.63360826595, -17.84551953141, 0, 0
-9.34540378767, 97.80337326083, -22.76579314574, -31.79611875056, 85.63274563830, -17.84615977803, 0, 0
-9.34232440057, 97.80170036907, -22.76595652819, -31.80152305431, 85.63188311751, -17.84680010852, 0, 0
-9.33924522709, 97.80002731852, -22.76611979259, -31.80692735442, 85.63102070355, -17.84744052292, 0, 0
-9.33616626723, 97.79835410919, -22.76628293893, -31.81233165089, 85.63015839639, -17.84808102126, 0, 0
-9.33308752098, 97.79668074110, -22.76644596721, -31.81773594371, 85.62929619602, -17.84872160355, 0, 0
-9.33000898835, 97.79500721427, -22.76660887741, -31.82314023289, 85.62843410241, -17.84936226983, 0, 0
-9.32693066934, 97.79333352872, -22.76677166955, -31.82854451842, 85.62757211554, -17.85000302011, 0, 0
-9.32385256395, 97.79165968445, -22.76693434361, -31.83394880029, 85.62671023537, -17.85064385444, 0, 0
-9.32077467218, 97.78998568150, -22.76709689959, -31.83935307852, 85.62584846189, -17.85128477283, 0, 0
-9.31769699404, 97.78831151987, -22.76725933748, -31.84475735309, 85.62498679507, -17.85192577531, 0, 0
-9.31461952952, 97.78663719959, -22.76742165728, -31.85016162400, 85.62412523489, -17.85256686190, 0, 0
-9.31154227864, 97.78496272067, -22.76758385899, -31.85556589125, 85.62326378132, -17.85320803263, 0, 0
-9.30846524138, 97.78328808312, -22.76774594259, -31.86097015485, 85.62240243434, -17.85384928753, 0, 0
-9.30538841776, 97.78161328698, -22.76790790810, -31.86637441478, 85.62154119392, -17.85449062662, 0, 0
-9.30231180776, 97.77993833224, -22.76806975550, -31.87177867105, 85.62068006004, -17.85513204993, 0, 0
-9.29923541141, 97.77826321894, -22.76823148478, -31.87718292365, 85.61981903268, -17.85577355748, 0, 0
-9.29615922869, 97.77658794708, -22.76839309595, -31.88258717258, 85.61895811180, -17.85641514930, 0, 0
-9.29308325961, 97.77491251669, -22.76855458900, -31.88799141784, 85.61809729739, -17.85705682542, 0, 0
-9.29000750417, 97.77323692778, -22.76871596392, -31.89339565943, 85.61723658942, -17.85769858586, 0, 0
-9.28693196237, 97.77156118037, -22.76887722071, -31.89879989734, 85.61637598787, -17.85834043064, 0, 0
-9.28385663421, 97.76988527448, -22.76903835937, -31.90420413158, 85.61551549271, -17.85898235980, 0, 0
-9.28078151970, 97.76820921012, -22.76919937989, -31.90960836214, 85.61465510391, -17.85962437336, 0, 0
-9.27770661884, 97.76653298731, -22.76936028226, -31.91501258901, 85.61379482146, -17.86026647134, 0, 0
-9.27463193163, 97.76485660608, -22.76952106649, -31.92041681221, 85.61293464533, -17.86090865378, 0, 0
-9.27155745806, 97.76318006642, -22.76968173257, -31.92582103172, 85.61207457549, -17.86155092069, 0, 0
-9.26848319815, 97.76150336837, -22.76984228049, -31.93122524754, 85.61121461192, -17.86219327210, 0, 0
-9.26540915189, 97.75982651194, -22.77000271025, -31.93662945968, 85.61035475459, -17.86283570804, 0, 0
-9.26233531929, 97.75814949715, -22.77016302184, -31.94203366813, 85.60949500349, -17.86347822853, 0, 0
-9.25926170034, 97.75647232402, -22.77032321527, -31.94743787288, 85.60863535858, -17.86412083361, 0, 0
-9.25618829505, 97.75479499255, -22.77048329052, -31.95284207394, 85.60777581984, -17.86476352329, 0, 0
-9.25311510342, 97.75311750278, -22.77064324759, -31.95824627130, 85.60691638725, -17.86540629760, 0, 0
-9.25004212546, 97.75143985471, -22.77080308648, -31.96365046496, 85.60605706078, -17.86604915656, 0, 0
-9.24696936115, 97.74976204837, -22.77096280719, -31.96905465492, 85.60519784040, -17.86669210021, 0, 0
-9.24389681052, 97.74808408377, -22.77112240970, -31.97445884119, 85.60433872611, -17.86733512857, 0, 0
-9.24082447354, 97.74640596092, -22.77128189401, -31.97986302374, 85.60347971785, -17.86797824166, 0, 0
-9.23775235024, 97.74472767986, -22.77144126013, -31.98526720259, 85.60262081563, -17.86862143951, 0, 0
-9.23468044061, 97.74304924058, -22.77160050803, -31.99067137773, 85.60176201940, -17.86926472215, 0, 0
-9.23160874464, 97.74137064312, -22.77175963774, -31.99607554917, 85.60090332915, -17.86990808960, 0, 0
-9.22853726235, 97.73969188748, -22.77191864922, -32.00147971689, 85.60004474485, -17.87055154189, 0, 0
-9.22546599374, 97.73801297369, -22.77207754249, -32.00688388089, 85.59918626647, -17.87119507903, 0, 0
-9.22239493880, 97.73633390177, -22.77223631754, -32.01228804118, 85.59832789400, -17.87183870107, 0, 0
-9.21932409754, 97.73465467172, -22.77239497436, -32.01769219775, 85.59746962740, -17.87248240802, 0, 0
-9.21625346996, 97.73297528357, -22.77255351294, -32.02309635060, 85.59661146665, -17.87312619992, 0, 0
-9.21318305606, 97.73129573733, -22.77271193330, -32.02850049973, 85.59575341173, -17.87377007677, 0, 0
-9.21011285584, 97.72961603303, -22.77287023541, -32.03390464514, 85.59489546262, -17.87441403862, 0, 0
-9.20704286931, 97.72793617067, -22.77302841928, -32.03930878682, 85.59403761928, -17.87505808549, 0, 0
-9.20397309646, 97.72625615028, -22.77318648489, -32.04471292477, 85.59317988170, -17.87570221739, 0, 0
-9.20090353730, 97.72457597187, -22.77334443226, -32.05011705899, 85.59232224985, -17.87634643437, 0, 0
-9.19783419182, 97.72289563547, -22.77350226137, -32.05552118949, 85.59146472370, -17.87699073644, 0, 0
-9.19476506004, 97.72121514108, -22.77365997221, -32.06092531624, 85.59060730323, -17.87763512363, 0, 0
-9.19169614195, 97.71953448873, -22.77381756479, -32.06632943926, 85.58974998842, -17.87827959597, 0, 0
-9.18862743756, 97.71785367843, -22.77397503910, -32.07173355855, 85.58889277924, -17.87892415347, 0, 0
-9.18555894685, 97.71617271020, -22.77413239513, -32.07713767409, 85.58803567566, -17.87956879618, 0, 0
-9.18249066985, 97.71449158406, -22.77428963289, -32.08254178590, 85.58717867767, -17.88021352410, 0, 0
-9.17942260654, 97.71281030003, -22.77444675236, -32.08794589396, 85.58632178523, -17.88085833728, 0, 0
-9.17635475693, 97.71112885811, -22.77460375354, -32.09334999827, 85.58546499833, -17.88150323572, 0, 0
-9.17328712103, 97.70944725834, -22.77476063642, -32.09875409884, 85.58460831694, -17.88214821947, 0, 0
-9.17021969882, 97.70776550072, -22.77491740101, -32.10415819566, 85.58375174103, -17.88279328854, 0, 0
-9.16715249033, 97.70608358527, -22.77507404730, -32.10956228873, 85.58289527057, -17.88343844296, 0, 0
-9.16408549553, 97.70440151202, -22.77523057528, -32.11496637804, 85.58203890556, -17.88408368276, 0, 0
-9.16101871444, 97.70271928097, -22.77538698496, -32.12037046360, 85.58118264595, -17.88472900796, 0, 0
-9.15795214707, 97.70103689215, -22.77554327631, -32.12577454541, 85.58032649173, -17.88537441859, 0, 0
-9.15488579340, 97.69935434558, -22.77569944935, -32.13117862345, 85.57947044287, -17.88601991467, 0, 0
-9.15181965344, 97.69767164126, -22.77585550407, -32.13658269773, 85.57861449934, -17.88666549622, 0, 0
-9.14875372720, 97.69598877922, -22.77601144045, -32.14198676826, 85.57775866113, -17.88731116329, 0, 0
-9.14568801467, 97.69430575948, -22.77616725850, -32.14739083501, 85.57690292820, -17.88795691588, 0, 0
-9.14262251586, 97.69262258205, -22.77632295822, -32.15279489800, 85.57604730053, -17.88860275402, 0, 0
-9.13955723077, 97.69093924695, -22.77647853960, -32.15819895723, 85.57519177811, -17.88924867775, 0, 0
-9.13649215939, 97.68925575419, -22.77663400263, -32.16360301268, 85.57433636089, -17.88989468708, 0, 0
-9.13342730174, 97.68757210380, -22.77678934731, -32.16900706436, 85.57348104887, -17.89054078205, 0, 0
-9.13036265780, 97.68588829580, -22.77694457363, -32.17441111227, 85.57262584200, -17.89118696267, 0, 0
-9.12729822759, 97.68420433019, -22.77709968160, -32.17981515640, 85.57177074028, -17.89183322897, 0, 0
-9.12423401111, 97.68252020699, -22.77725467120, -32.18521919675, 85.57091574367, -17.89247958099, 0, 0
-9.12117000835, 97.68083592623, -22.77740954244, -32.19062323332, 85.57006085216, -17.89312601873, 0, 0
-9.11810621932, 97.67915148793, -22.77756429530, -32.19602726612, 85.56920606570, -17.89377254224, 0, 0
-9.11504264402, 97.67746689209, -22.77771892979, -32.20143129512, 85.56835138429, -17.89441915153, 0, 0
-9.11197928245, 97.67578213873, -22.77787344589, -32.20683532035, 85.56749680789, -17.89506584663, 0, 0
-9.10891613462, 97.67409722788, -22.77802784361, -32.21223934178, 85.56664233649, -17.89571262757, 0, 0
-9.10585320051, 97.67241215955, -22.77818212295, -32.21764335943, 85.56578797005, -17.89635949437, 0, 0
-9.10279048014, 97.67072693375, -22.77833628388, -32.22304737329, 85.56493370856, -17.89700644706, 0, 0
-9.09972797351, 97.66904155051, -22.77849032642, -32.22845138335, 85.56407955198, -17.89765348565, 0, 0
-9.09666568062, 97.66735600985, -22.77864425056, -32.23385538962, 85.56322550029, -17.89830061019, 0, 0
-9.09360360146, 97.66567031177, -22.77879805629, -32.23925939209, 85.56237155348, -17.89894782069, 0, 0
-9.09054173605, 97.66398445630, -22.77895174361, -32.24466339076, 85.56151771150, -17.89959511718, 0, 0
-9.08748008438, 97.66229844345, -22.77910531251, -32.25006738563, 85.56066397435, -17.90024249968, 0, 0
-9.08441864645, 97.66061227325, -22.77925876299, -32.25547137670, 85.55981034199, -17.90088996822, 0, 0
-9.08135742227, 97.65892594570, -22.77941209505, -32.26087536397, 85.55895681440, -17.90153752283, 0, 0
-9.07829641183, 97.65723946083, -22.77956530868, -32.26627934743, 85.55810339156, -17.90218516353, 0, 0
-9.07523561515, 97.65555281866, -22.77971840387, -32.27168332708, 85.55725007343, -17.90283289034, 0, 0
-9.07217503221, 97.65386601919, -22.77987138063, -32.27708730292, 85.55639686000, -17.90348070330, 0, 0
-9.06911466302, 97.65217906245, -22.78002423894, -32.28249127495, 85.55554375125, -17.90412860242, 0, 0
-9.06605450758, 97.65049194846, -22.78017697881, -32.28789524317, 85.55469074713, -17.90477658773, 0, 0
-9.06299456590, 97.64880467723, -22.78032960023, -32.29329920757, 85.55383784764, -17.90542465926, 0, 0
-9.05993483797, 97.64711724878, -22.78048210319, -32.29870316815, 85.55298505275, -17.90607281704, 0, 0
-9.05687532380, 97.64542966313, -22.78063448769, -32.30410712492, 85.55213236243, -17.90672106108, 0, 0
-9.05381602339, 97.64374192029, -22.78078675373, -32.30951107786, 85.55127977666, -17.90736939142, 0, 0
-9.05075693673, 97.64205402029, -22.78093890130, -32.31491502698, 85.55042729541, -17.90801780808, 0, 0
-9.04769806384, 97.64036596313, -22.78109093040, -32.32031897228, 85.54957491866, -17.90866631108, 0, 0
-9.04463940470, 97.63867774885, -22.78124284102, -32.32572291375, 85.54872264638, -17.90931490045, 0, 0
-9.04158095933, 97.63698937744, -22.78139463316, -32.33112685139, 85.54787047856, -17.90996357622, 0, 0
-9.03852272773, 97.63530084894, -22.78154630681, -32.33653078520, 85.54701841515, -17.91061233840, 0, 0
-9.03546470989, 97.63361216336, -22.78169786197, -32.34193471518, 85.54616645615, -17.91126118704, 0, 0
-9.03240690581, 97.63192332071, -22.78184929864, -32.34733864133, 85.54531460152, -17.91191012214, 0, 0
-9.02934931551, 97.63023432101, -22.78200061680, -32.35274256363, 85.54446285124, -17.91255914374, 0, 0
-9.02629193897, 97.62854516429, -22.78215181647, -32.35814648211, 85.54361120529, -17.91320825187, 0, 0
-9.02323477621, 97.62685585056, -22.78230289763, -32.36355039674, 85.54275966364, -17.91385744654, 0, 0
-9.02017782722, 97.62516637983, -22.78245386027, -32.36895430753, 85.54190822626, -17.91450672779, 0, 0
-9.01712109200, 97.62347675212, -22.78260470440, -32.37435821447, 85.54105689314, -17.91515609563, 0, 0
-9.01406457056, 97.62178696745, -22.78275543001, -32.37976211758, 85.54020566424, -17.91580555009, 0, 0
-9.01100826289, 97.62009702585, -22.78290603709, -32.38516601683, 85.53935453955, -17.91645509121, 0, 0
-9.00795216900, 97.61840692731, -22.78305652564, -32.39056991224, 85.53850351903, -17.91710471900, 0, 0
-9.00489628889, 97.61671667187, -22.78320689566, -32.39597380379, 85.53765260266, -17.91775443349, 0, 0
-9.00184062256, 97.61502625954, -22.78335714714, -32.40137769150, 85.53680179043, -17.91840423470, 0, 0
-8.99878517001, 97.61333569034, -22.78350728007, -32.40678157535, 85.53595108229, -17.91905412266, 0, 0
-8.99572993125, 97.61164496428, -22.78365729446, -32.41218545534, 85.53510047824, -17.91970409740, 0, 0
-8.99267490627, 97.60995408138, -22.78380719030, -32.41758933147, 85.53424997824, -17.92035415894, 0, 0
-8.98962009507, 97.60826304166, -22.78395696758, -32.42299320375, 85.53339958227, -17.92100430731, 0, 0
-8.98656549766, 97.60657184513, -22.78410662630, -32.42839707216, 85.53254929030, -17.92165454252, 0, 0
-8.98351111404, 97.60488049183, -22.78425616646, -32.43380093671, 85.53169910231, -17.92230486461, 0, 0
-8.98045694421, 97.60318898175, -22.78440558805, -32.43920479740, 85.53084901828, -17.92295527361, 0, 0
-8.97740298817, 97.60149731492, -22.78455489106, -32.44460865422, 85.52999903818, -17.92360576953, 0, 0
-8.97434924592, 97.59980549135, -22.78470407550, -32.45001250717, 85.52914916199, -17.92425635240, 0, 0
-8.97129571746, 97.59811351107, -22.78485314135, -32.45541635625, 85.52829938967, -17.92490702225, 0, 0
-8.96824240280, 97.59642137409, -22.78500208862, -32.46082020145, 85.52744972121, -17.92555777911, 0, 0
-8.96518930193, 97.59472908043, -22.78515091730, -32.46622404279, 85.52660015658, -17.92620862299, 0, 0
-8.96213641486, 97.59303663011, -22.78529962738, -32.47162788024, 85.52575069576, -17.92685955392, 0, 0
-8.95908374159, 97.59134402313, -22.78544821886, -32.47703171382, 85.52490133872, -17.92751057193, 0, 0
-8.95603128212, 97.58965125953, -22.78559669174, -32.48243554352, 85.52405208544, -17.92816167705, 0, 0
-8.95297903644, 97.58795833931, -22.78574504601, -32.48783936934, 85.52320293589, -17.92881286929, 0, 0
-8.94992700457, 97.58626526250, -22.78589328167, -32.49324319127, 85.52235389005, -17.92946414869, 0, 0
-8.94687518651, 97.58457202911, -22.78604139871, -32.49864700932, 85.52150494789, -17.93011551527, 0, 0
-8.94382358224, 97.58287863916, -22.78618939713, -32.50405082348, 85.52065610939, -17.93076696905, 0, 0
-8.94077219179, 97.58118509267, -22.78633727692, -32.50945463375, 85.51980737453, -17.93141851006, 0, 0
-8.93772101513, 97.57949138965, -22.78648503809, -32.51485844013, 85.51895874327, -17.93207013832, 0, 0
-8.93467005229, 97.57779753012, -22.78663268062, -32.52026224262, 85.51811021560, -17.93272185387, 0, 0
-8.93161930326, 97.57610351410, -22.78678020451, -32.52566604122, 85.51726179148, -17.93337365672, 0, 0
-8.92856876803, 97.57440934161, -22.78692760975, -32.53106983592, 85.51641347090, -17.93402554690, 0, 0
-8.92551844662, 97.57271501266, -22.78707489635, -32.53647362672, 85.51556525383, -17.93467752443, 0, 0
-8.92246833902, 97.57102052727, -22.78722206430, -32.54187741363, 85.51471714025, -17.93532958935, 0, 0
-8.91941844524, 97.56932588546, -22.78736911359, -32.54728119663, 85.51386913012, -17.93598174167, 0, 0
-8.91636876527, 97.56763108725, -22.78751604422, -32.55268497573, 85.51302122343, -17.93663398142, 0, 0
-8.91331929911, 97.56593613265, -22.78766285619, -32.55808875092, 85.51217342015, -17.93728630863, 0, 0
-8.91027004678, 97.56424102168, -22.78780954948, -32.56349252221, 85.51132572026, -17.93793872331, 0, 0
-8.90722100826, 97.56254575436, -22.78795612410, -32.56889628959, 85.51047812373, -17.93859122551, 0, 0
-8.90417218356, 97.56085033070, -22.78810258005, -32.57430005306, 85.50963063053, -17.93924381523, 0, 0
-8.90112357268, 97.55915475073, -22.78824891731, -32.57970381261, 85.50878324065, -17.93989649251, 0, 0
-8.89807517563, 97.55745901445, -22.78839513588, -32.58510756826, 85.50793595405, -17.94054925738, 0, 0
-8.89502699240, 97.55576312189, -22.78854123577, -32.59051131998, 85.50708877072, -17.94120210985, 0, 0
-8.89197902299, 97.55406707307, -22.78868721696, -32.59591506779, 85.50624169062, -17.94185504995, 0, 0
-8.88893126741, 97.55237086800, -22.78883307945, -32.60131881168, 85.50539471373, -17.94250807770, 0, 0
-8.88588372565, 97.55067450670, -22.78897882323, -32.60672255166, 85.50454784004, -17.94316119314, 0, 0
-8.88283639773, 97.54897798919, -22.78912444831, -32.61212628770, 85.50370106950, -17.94381439629, 0, 0
-8.87978928363, 97.54728131548, -22.78926995467, -32.61753001983, 85.50285440211, -17.94446768716, 0, 0
-8.87674238336, 97.54558448559, -22.78941534231, -32.62293374802, 85.50200783782, -17.94512106580, 0, 0
-8.87369569693, 97.54388749955, -22.78956061124, -32.62833747229, 85.50116137663, -17.94577453221, 0, 0
-8.87064922432, 97.54219035735, -22.78970576144, -32.63374119263, 85.50031501850, -17.94642808644, 0, 0
-8.86760296555, 97.54049305904, -22.78985079291, -32.63914490904, 85.49946876340, -17.94708172849, 0, 0
-8.86455692062, 97.53879560461, -22.78999570564, -32.64454862152, 85.49862261133, -17.94773545840, 0, 0
-8.86151108952, 97.53709799409, -22.79014049963, -32.64995233006, 85.49777656224, -17.94838927620, 0, 0
-8.85846547226, 97.53540022750, -22.79028517488, -32.65535603466, 85.49693061611, -17.94904318190, 0, 0
-8.85542006883, 97.53370230485, -22.79042973139, -32.66075973533, 85.49608477293, -17.94969717553, 0, 0
-8.85237487925, 97.53200422616, -22.79057416914, -32.66616343205, 85.49523903266, -17.95035125712, 0, 0
-8.84932990350, 97.53030599145, -22.79071848813, -32.67156712484, 85.49439339528, -17.95100542669, 0, 0
-8.84628514160, 97.52860760074, -22.79086268837, -32.67697081368, 85.49354786076, -17.95165968427, 0, 0
-8.84324059354, 97.52690905404, -22.79100676984, -32.68237449857, 85.49270242909, -17.95231402988, 0, 0
-8.84019625932, 97.52521035137, -22.79115073254, -32.68777817952, 85.49185710023, -17.95296846355, 0, 0
-8.83715213895, 97.52351149274, -22.79129457646, -32.69318185652, 85.49101187416, -17.95362298530, 0, 0
-8.83410823242, 97.52181247818, -22.79143830161, -32.69858552957, 85.49016675086, -17.95427759516, 0, 0
-8.83106453974, 97.52011330771, -22.79158190798, -32.70398919866, 85.48932173030, -17.95493229315, 0, 0
-8.82802106091, 97.51841398133, -22.79172539556, -32.70939286380, 85.48847681246, -17.95558707929, 0, 0
-8.82497779593, 97.51671449907, -22.79186876434, -32.71479652499, 85.48763199731, -17.95624195362, 0, 0
-8.82193474479, 97.51501486095, -22.79201201434, -32.72020018222, 85.48678728482, -17.95689691616, 0, 0
-8.81889190751, 97.51331506698, -22.79215514553, -32.72560383548, 85.48594267498, -17.95755196693, 0, 0
-8.81584928408, 97.51161511718, -22.79229815792, -32.73100748479, 85.48509816775, -17.95820710595, 0, 0
-8.81280687451, 97.50991501156, -22.79244105150, -32.73641113014, 85.48425376311, -17.95886233325, 0, 0
-8.80976467878, 97.50821475015, -22.79258382627, -32.74181477152, 85.48340946105, -17.95951764887, 0, 0
-8.80672269692, 97.50651433296, -22.79272648222, -32.74721840893, 85.48256526152, -17.96017305281, 0, 0
-8.80368092891, 97.50481376001, -22.79286901934, -32.75262204238, 85.48172116451, -17.96082854511, 0, 0
-8.80063937476, 97.50311303131, -22.79301143765, -32.75802567186, 85.48087717000, -17.96148412579, 0, 0
-8.79759803446, 97.50141214689, -22.79315373712, -32.76342929736, 85.48003327795, -17.96213979488, 0, 0
-8.79455690803, 97.49971110677, -22.79329591776, -32.76883291889, 85.47918948835, -17.96279555240, 0, 0
-8.79151599545, 97.49800991094, -22.79343797956, -32.77423653645, 85.47834580116, -17.96345139837, 0, 0
-8.78847529674, 97.49630855945, -22.79357992251, -32.77964015003, 85.47750221637, -17.96410733283, 0, 0
-8.78543481189, 97.49460705230, -22.79372174662, -32.78504375963, 85.47665873395, -17.96476335579, 0, 0
-8.78239454090, 97.49290538951, -22.79386345188, -32.79044736526, 85.47581535387, -17.96541946729, 0, 0
-8.77935448378, 97.49120357110, -22.79400503828, -32.79585096690, 85.47497207610, -17.96607566733, 0, 0
-8.77631464053, 97.48950159708, -22.79414650582, -32.80125456456, 85.47412890064, -17.96673195596, 0, 0
-8.77327501114, 97.48779946748, -22.79428785449, -32.80665815823, 85.47328582744, -17.96738833320, 0, 0
-8.77023559561, 97.48609718231, -22.79442908430, -32.81206174792, 85.47244285649, -17.96804479906, 0, 0
-8.76719639396, 97.48439474158, -22.79457019523, -32.81746533361, 85.47159998775, -17.96870135358, 0, 0
-8.76415740618, 97.48269214532, -22.79471118728, -32.82286891532, 85.47075722121, -17.96935799678, 0, 0
-8.76111863226, 97.48098939355, -22.79485206046, -32.82827249304, 85.46991455684, -17.97001472869, 0, 0
-8.75808007222, 97.47928648627, -22.79499281474, -32.83367606676, 85.46907199461, -17.97067154932, 0, 0
-8.75504172605, 97.47758342351, -22.79513345014, -32.83907963648, 85.46822953451, -17.97132845871, 0, 0
-8.75200359376, 97.47588020529, -22.79527396664, -32.84448320221, 85.46738717650, -17.97198545688, 0, 0
-8.74896567534, 97.47417683162, -22.79541436424, -32.84988676395, 85.46654492056, -17.97264254385, 0, 0
-8.74592797079, 97.47247330251, -22.79555464293, -32.85529032168, 85.46570276666, -17.97329971965, 0, 0
-8.74289048012, 97.47076961800, -22.79569480272, -32.86069387540, 85.46486071479, -17.97395698430, 0, 0
-8.73985320333, 97.46906577809, -22.79583484360, -32.86609742513, 85.46401876490, -17.97461433784, 0, 0
-8.73681614042, 97.46736178280, -22.79597476556, -32.87150097085, 85.46317691700, -17.97527178027, 0, 0
-8.73377929139, 97.46565763215, -22.79611456859, -32.87690451256, 85.46233517103, -17.97592931163, 0, 0
-8.73074265623, 97.46395332616, -22.79625425271, -32.88230805027, 85.46149352699, -17.97658693195, 0, 0
-8.72770623496, 97.46224886485, -22.79639381789, -32.88771158396, 85.46065198484, -17.97724464125, 0, 0
-8.72467002757, 97.46054424822, -22.79653326414, -32.89311511364, 85.45981054456, -17.97790243954, 0, 0
-8.72163403407, 97.45883947630, -22.79667259145, -32.89851863931, 85.45896920613, -17.97856032687, 0, 0
-8.71859825444, 97.45713454911, -22.79681179981, -32.90392216096, 85.45812796953, -17.97921830324, 0, 0
-8.71556268871, 97.45542946667, -22.79695088923, -32.90932567859, 85.45728683471, -17.97987636870, 0, 0
-8.71252733685, 97.45372422898, -22.79708985970, -32.91472919221, 85.45644580167, -17.98053452325, 0, 0
-8.70949219889, 97.45201883608, -22.79722871121, -32.92013270181, 85.45560487038, -17.98119276693, 0, 0
-8.70645727481, 97.45031328797, -22.79736744377, -32.92553620738, 85.45476404080, -17.98185109976, 0, 0
-8.70342256462, 97.44860758467, -22.79750605736, -32.93093970893, 85.45392331293, -17.98250952177, 0, 0
-8.70038806833, 97.44690172621, -22.79764455198, -32.93634320645, 85.45308268672, -17.98316803297, 0, 0
-8.69735378592, 97.44519571259, -22.79778292762, -32.94174669995, 85.45224216216, -17.98382663341, 0, 0
-8.69431971740, 97.44348954384, -22.79792118429, -32.94715018942, 85.45140173922, -17.98448532309, 0, 0
-8.69128586278, 97.44178321997, -22.79805932198, -32.95255367485, 85.45056141788, -17.98514410204, 0, 0
-8.68825222205, 97.44007674101, -22.79819734068, -32.95795715626, 85.44972119812, -17.98580297030, 0, 0
-8.68521879521, 97.43837010696, -22.79833524039, -32.96336063363, 85.44888107990, -17.98646192788, 0, 0
-8.68218558227, 97.43666331785, -22.79847302111, -32.96876410697, 85.44804106320, -17.98712097481, 0, 0
-8.67915258322, 97.43495637369, -22.79861068283, -32.97416757626, 85.44720114800, -17.98778011111, 0, 0
-8.67611979807, 97.43324927450, -22.79874822554, -32.97957104152, 85.44636133427, -17.98843933681, 0, 0
-8.67308722682, 97.43154202030, -22.79888564925, -32.98497450274, 85.44552162199, -17.98909865193, 0, 0
-8.67005486947, 97.42983461110, -22.79902295394, -32.99037795992, 85.44468201113, -17.98975805650, 0, 0
-8.66702272601, 97.42812704693, -22.79916013962, -32.99578141305, 85.44384250166, -17.99041755054, 0, 0
-8.66399079646, 97.42641932779, -22.79929720628, -33.00118486214, 85.44300309358, -17.99107713407, 0, 0
-8.66095908081, 97.42471145372, -22.79943415391, -33.00658830718, 85.44216378683, -17.99173680713, 0, 0
-8.65792757906, 97.42300342472, -22.79957098252, -33.01199174818, 85.44132458141, -17.99239656974, 0, 0
-8.65489629121, 97.42129524081, -22.79970769209, -33.01739518512, 85.44048547729, -17.99305642191, 0, 0
-8.65186521727, 97.41958690201, -22.79984428262, -33.02279861801, 85.43964647444, -17.99371636368, 0, 0
-8.64883435723, 97.41787840834, -22.79998075411, -33.02820204685, 85.43880757284, -17.99437639507, 0, 0
-8.64580371109, 97.41616975982, -22.80011710655, -33.03360547163, 85.43796877247, -17.99503651610, 0, 0
-8.64277327886, 97.41446095645, -22.80025333995, -33.03900889235, 85.43713007329, -17.99569672681, 0, 0
-8.63974306054, 97.41275199827, -22.80038945428, -33.04441230902, 85.43629147528, -17.99635702720, 0, 0
-8.63671305613, 97.41104288528, -22.80052544956, -33.04981572162, 85.43545297842, -17.99701741732, 0, 0
-8.63368326563, 97.40933361751, -22.80066132578, -33.05521913017, 85.43461458268, -17.99767789718, 0, 0
-8.63065368903, 97.40762419497, -22.80079708293, -33.06062253465, 85.43377628805, -17.99833846680, 0, 0
-8.62762432635, 97.40591461768, -22.80093272100, -33.06602593507, 85.43293809448, -17.99899912622, 0, 0
-8.62459517757, 97.40420488566, -22.80106824000, -33.07142933142, 85.43210000196, -17.99965987545, 0, 0
-8.62156624271, 97.40249499892, -22.80120363992, -33.07683272370, 85.43126201047, -18.00032071453, 0, 0
-8.61853752176, 97.40078495748, -22.80133892075, -33.08223611191, 85.43042411998, -18.00098164347, 0, 0
-8.61550901473, 97.39907476136, -22.80147408249, -33.08763949605, 85.42958633045, -18.00164266230, 0, 0
-8.61248072161, 97.39736441058, -22.80160912514, -33.09304287611, 85.42874864188, -18.00230377104, 0, 0
-8.60945264240, 97.39565390516, -22.80174404869, -33.09844625211, 85.42791105423, -18.00296496973, 0, 0
-8.60642477711, 97.39394324510, -22.80187885314, -33.10384962402, 85.42707356748, -18.00362625838, 0, 0
-8.60339712574, 97.39223243043, -22.80201353848, -33.10925299186, 85.42623618160, -18.00428763702, 0, 0
-8.60036968829, 97.39052146117, -22.80214810471, -33.11465635562, 85.42539889657, -18.00494910567, 0, 0
-8.59734246475, 97.38881033734, -22.80228255183, -33.12005971529, 85.42456171236, -18.00561066435, 0, 0
-8.59431545513, 97.38709905894, -22.80241687982, -33.12546307089, 85.42372462895, -18.00627231310, 0, 0
-8.59128865943, 97.38538762601, -22.80255108869, -33.13086642240, 85.42288764632, -18.00693405194, 0, 0
-8.58826207766, 97.38367603855, -22.80268517844, -33.13626976982, 85.42205076443, -18.00759588089, 0, 0
-8.58523570980, 97.38196429658, -22.80281914905, -33.14167311316, 85.42121398326, -18.00825779997, 0, 0
-8.58220955587, 97.38025240012, -22.80295300052, -33.14707645240, 85.42037730280, -18.00891980921, 0, 0
-8.57918361586, 97.37854034920, -22.80308673285, -33.15247978756, 85.41954072301, -18.00958190864, 0, 0
-8.57615788977, 97.37682814382, -22.80322034604, -33.15788311862, 85.41870424386, -18.01024409828, 0, 0
-8.57313237761, 97.37511578400, -22.80335384008, -33.16328644559, 85.41786786534, -18.01090637815, 0, 0
-8.57010707937, 97.37340326976, -22.80348721496, -33.16868976847, 85.41703158742, -18.01156874828, 0, 0
-8.56708199506, 97.37169060113, -22.80362047069, -33.17409308724, 85.41619541007, -18.01223120869, 0, 0
-8.56405712467, 97.36997777810, -22.80375360725, -33.17949640192, 85.41535933327, -18.01289375941, 0, 0
-8.56103246821, 97.36826480072, -22.80388662464, -33.18489971250, 85.41452335700, -18.01355640046, 0, 0
-8.55800802569, 97.36655166898, -22.80401952287, -33.19030301898, 85.41368748122, -18.01421913186, 0, 0
-8.55498379708, 97.36483838291, -22.80415230191, -33.19570632135, 85.41285170591, -18.01488195365, 0, 0
-8.55195978241, 97.36312494252, -22.80428496178, -33.20110961962, 85.41201603106, -18.01554486584, 0, 0
-8.54893598167, 97.36141134784, -22.80441750247, -33.20651291378, 85.41118045662, -18.01620786846, 0, 0
-8.54591239486, 97.35969759888, -22.80454992396, -33.21191620383, 85.41034498259, -18.01687096153, 0, 0
-8.54288902198, 97.35798369566, -22.80468222627, -33.21731948977, 85.40950960892, -18.01753414508, 0, 0
-8.53986586304, 97.35626963820, -22.80481440937, -33.22272277160, 85.40867433561, -18.01819741914, 0, 0
-8.53684291803, 97.35455542650, -22.80494647328, -33.22812604932, 85.40783916262, -18.01886078372, 0, 0
-8.53382018695, 97.35284106060, -22.80507841797, -33.23352932292, 85.40700408993, -18.01952423885, 0, 0
-8.53079766980, 97.35112654050, -22.80521024346, -33.23893259241, 85.40616911751, -18.02018778456, 0, 0
-8.52777536659, 97.34941186624, -22.80534194974, -33.24433585778, 85.40533424534, -18.02085142087, 0, 0
-8.52475327732, 97.34769703781, -22.80547353679, -33.24973911903, 85.40449947339, -18.02151514780, 0, 0
-8.52173140198, 97.34598205524, -22.80560500463, -33.25514237616, 85.40366480164, -18.02217896538, 0, 0
-8.51870974058, 97.34426691855, -22.80573635323, -33.26054562916, 85.40283023006, -18.02284287364, 0, 0
-8.51568829312, 97.34255162776, -22.80586758261, -33.26594887805, 85.40199575863, -18.02350687259, 0, 0
-8.51266705960, 97.34083618288, -22.80599869275, -33.27135212280, 85.40116138733, -18.02417096227, 0, 0
-8.50964604002, 97.33912058393, -22.80612968364, -33.27675536343, 85.40032711612, -18.02483514269, 0, 0
-8.50662523437, 97.33740483093, -22.80626055530, -33.28215859993, 85.39949294498, -18.02549941388, 0, 0
-8.50360464267, 97.33568892389, -22.80639130770, -33.28756183230, 85.39865887390, -18.02616377587, 0, 0
-8.50058426491, 97.33397286283, -22.80652194086, -33.29296506054, 85.39782490283, -18.02682822867, 0, 0
-8.49756410109, 97.33225664778, -22.80665245475, -33.29836828465, 85.39699103176, -18.02749277232, 0, 0
-8.49454415121, 97.33054027874, -22.80678284939, -33.30377150462, 85.39615726067, -18.02815740684, 0, 0
-8.49152441528, 97.32882375574, -22.80691312476, -33.30917472045, 85.39532358952, -18.02882213225, 0, 0
-8.48850489328, 97.32710707879, -22.80704328085, -33.31457793215, 85.39449001830, -18.02948694858, 0, 0
-8.48548558524, 97.32539024791, -22.80717331768, -33.31998113971, 85.39365654697, -18.03015185585, 0, 0
-8.48246649114, 97.32367326312, -22.80730323522, -33.32538434312, 85.39282317552, -18.03081685408, 0, 0
-8.47944761098, 97.32195612443, -22.80743303349, -33.33078754240, 85.39198990391, -18.03148194331, 0, 0
-8.47642894477, 97.32023883186, -22.80756271246, -33.33619073752, 85.39115673212, -18.03214712355, 0, 0
-8.47341049251, 97.31852138544, -22.80769227215, -33.34159392851, 85.39032366014, -18.03281239482, 0, 0
-8.47039225420, 97.31680378517, -22.80782171253, -33.34699711534, 85.38949068792, -18.03347775716, 0, 0
-8.46737422983, 97.31508603108, -22.80795103362, -33.35240029803, 85.38865781545, -18.03414321059, 0, 0
-8.46435641941, 97.31336812318, -22.80808023541, -33.35780347657, 85.38782504271, -18.03480875513, 0, 0
-8.46133882295, 97.31165006149, -22.80820931788, -33.36320665095, 85.38699236966, -18.03547439080, 0, 0
-8.45832144043, 97.30993184602, -22.80833828104, -33.36860982118, 85.38615979628, -18.03614011763, 0, 0
-8.45530427186, 97.30821347680, -22.80846712489, -33.37401298726, 85.38532732255, -18.03680593565, 0, 0
-8.45228731725, 97.30649495385, -22.80859584941, -33.37941614918, 85.38449494844, -18.03747184487, 0, 0
-8.44927057658, 97.30477627717, -22.80872445461, -33.38481930694, 85.38366267392, -18.03813784533, 0, 0
-8.44625404987, 97.30305744679, -22.80885294048, -33.39022246054, 85.38283049898, -18.03880393704, 0, 0
-8.44323773711, 97.30133846272, -22.80898130701, -33.39562560998, 85.38199842359, -18.03947012004, 0, 0
-8.44022163831, 97.29961932499, -22.80910955421, -33.40102875526, 85.38116644771, -18.04013639434, 0, 0
-8.43720575346, 97.29790003361, -22.80923768206, -33.40643189637, 85.38033457134, -18.04080275997, 0, 0
-8.43419008256, 97.29618058859, -22.80936569057, -33.41183503332, 85.37950279443, -18.04146921695, 0, 0
-8.43117462562, 97.29446098996, -22.80949357972, -33.41723816610, 85.37867111697, -18.04213576531, 0, 0
-8.42815938263, 97.29274123773, -22.80962134952, -33.42264129471, 85.37783953893, -18.04280240507, 0, 0
-8.42514435361, 97.29102133192, -22.80974899996, -33.42804441916, 85.37700806029, -18.04346913626, 0, 0
-8.42212953853, 97.28930127254, -22.80987653103, -33.43344753943, 85.37617668101, -18.04413595890, 0, 0
-8.41911493742, 97.28758105962, -22.81000394274, -33.43885065552, 85.37534540109, -18.04480287302, 0, 0
-8.41610055026, 97.28586069318, -22.81013123507, -33.44425376745, 85.37451422048, -18.04546987863, 0, 0
-8.41308637707, 97.28414017322, -22.81025840803, -33.44965687519, 85.37368313917, -18.04613697577, 0, 0
-8.41007241783, 97.28241949977, -22.81038546160, -33.45505997876, 85.37285215713, -18.04680416445, 0, 0
-8.40705867255, 97.28069867284, -22.81051239579, -33.46046307815, 85.37202127433, -18.04747144471, 0, 0
-8.40404514123, 97.27897769246, -22.81063921059, -33.46586617336, 85.37119049076, -18.04813881656, 0, 0
-8.40103182388, 97.27725655864, -22.81076590599, -33.47126926438, 85.37035980637, -18.04880628003, 0, 0
-8.39801872048, 97.27553527139, -22.81089248200, -33.47667235123, 85.36952922116, -18.04947383514, 0, 0
-8.39500583104, 97.27381383074, -22.81101893860, -33.48207543388, 85.36869873510, -18.05014148193, 0, 0
-8.39199315557, 97.27209223670, -22.81114527580, -33.48747851235, 85.36786834815, -18.05080922040, 0, 0
-8.38898069406, 97.27037048928, -22.81127149358, -33.49288158663, 85.36703806030, -18.05147705059, 0, 0
-8.38596844652, 97.26864858852, -22.81139759195, -33.49828465673, 85.36620787151, -18.05214497252, 0, 0
-8.38295641294, 97.26692653442, -22.81152357090, -33.50368772263, 85.36537778178, -18.05281298622, 0, 0
-8.37994459332, 97.26520432700, -22.81164943043, -33.50909078433, 85.36454779106, -18.05348109170, 0, 0
-8.37693298767, 97.26348196628, -22.81177517053, -33.51449384185, 85.36371789933, -18.05414928900, 0, 0
-8.37392159598, 97.26175945228, -22.81190079119, -33.51989689517, 85.36288810657, -18.05481757814, 0, 0
-8.37091041826, 97.26003678501, -22.81202629242, -33.52529994429, 85.36205841276, -18.05548595913, 0, 0
-8.36789945450, 97.25831396450, -22.81215167421, -33.53070298921, 85.36122881787, -18.05615443201, 0, 0
-8.36488870472, 97.25659099075, -22.81227693655, -33.53610602993, 85.36039932186, -18.05682299680, 0, 0
-8.36187816889, 97.25486786379, -22.81240207944, -33.54150906645, 85.35956992473, -18.05749165352, 0, 0
-8.35886784704, 97.25314458364, -22.81252710288, -33.54691209877, 85.35874062644, -18.05816040221, 0, 0
-8.35585773916, 97.25142115031, -22.81265200686, -33.55231512688, 85.35791142697, -18.05882924287, 0, 0
-8.35284784524, 97.24969756381, -22.81277679138, -33.55771815079, 85.35708232629, -18.05949817553, 0, 0
-8.34983816529, 97.24797382418, -22.81290145643, -33.56312117049, 85.35625332438, -18.06016720023, 0, 0
-8.34682869932, 97.24624993142, -22.81302600201, -33.56852418598, 85.35542442121, -18.06083631698, 0, 0
-8.34381944731, 97.24452588555, -22.81315042811, -33.57392719725, 85.35459561676, -18.06150552581, 0, 0
-8.34081040927, 97.24280168659, -22.81327473474, -33.57933020432, 85.35376691100, -18.06217482674, 0, 0
-8.33780158521, 97.24107733455, -22.81339892188, -33.58473320717, 85.35293830390, -18.06284421980, 0, 0
-8.33479297512, 97.23935282946, -22.81352298953, -33.59013620581, 85.35210979545, -18.06351370500, 0, 0
-8.33178457899, 97.23762817134, -22.81364693769, -33.59553920024, 85.35128138562, -18.06418328238, 0, 0
-8.32877639685, 97.23590336019, -22.81377076636, -33.60094219044, 85.35045307438, -18.06485295196, 0, 0
-8.32576842867, 97.23417839604, -22.81389447552, -33.60634517642, 85.34962486170, -18.06552271376, 0, 0
-8.32276067447, 97.23245327890, -22.81401806518, -33.61174815819, 85.34879674757, -18.06619256780, 0, 0
-8.31975313424, 97.23072800880, -22.81414153533, -33.61715113573, 85.34796873195, -18.06686251412, 0, 0
-8.31674580798, 97.22900258574, -22.81426488596, -33.62255410905, 85.34714081482, -18.06753255273, 0, 0
-8.31373869570, 97.22727700976, -22.81438811708, -33.62795707814, 85.34631299616, -18.06820268365, 0, 0
-8.31073179739, 97.22555128085, -22.81451122868, -33.63336004301, 85.34548527594, -18.06887290692, 0, 0
-8.30772511306, 97.22382539905, -22.81463422075, -33.63876300365, 85.34465765413, -18.06954322256, 0, 0
-8.30471864271, 97.22209936437, -22.81475709328, -33.64416596006, 85.34383013071, -18.07021363058, 0, 0
-8.30171238633, 97.22037317683, -22.81487984629, -33.64956891223, 85.34300270566, -18.07088413102, 0, 0
-8.29870634393, 97.21864683644, -22.81500247975, -33.65497186018, 85.34217537895, -18.07155472390, 0, 0
-8.29570051550, 97.21692034322, -22.81512499367, -33.66037480389, 85.34134815055, -18.07222540923, 0, 0
-8.29269490105, 97.21519369719, -22.81524738805, -33.66577774337, 85.34052102045, -18.07289618706, 0, 0
-8.28968950058, 97.21346689837, -22.81536966287, -33.67118067860, 85.33969398860, -18.07356705739, 0, 0
-8.28668431409, 97.21173994678, -22.81549181813, -33.67658360961, 85.33886705500, -18.07423802026, 0, 0
-8.28367934158, 97.21001284242, -22.81561385384, -33.68198653637, 85.33804021961, -18.07490907568, 0, 0
-8.28067458304, 97.20828558533, -22.81573576998, -33.68738945889, 85.33721348241, -18.07558022369, 0, 0
-8.27767003849, 97.20655817551, -22.81585756655, -33.69279237717, 85.33638684337, -18.07625146430, 0, 0
-8.27466570791, 97.20483061299, -22.81597924355, -33.69819529120, 85.33556030247, -18.07692279754, 0, 0
-8.27166159132, 97.20310289778, -22.81610080097, -33.70359820099, 85.33473385968, -18.07759422343, 0, 0
-8.26865768870, 97.20137502990, -22.81622223881, -33.70900110653, 85.33390751498, -18.07826574201, 0, 0
-8.26565400007, 97.19964700937, -22.81634355706, -33.71440400782, 85.33308126835, -18.07893735328, 0, 0
-8.26265052542, 97.19791883620, -22.81646475572, -33.71980690487, 85.33225511975, -18.07960905728, 0, 0
-8.25964726474, 97.19619051041, -22.81658583479, -33.72520979766, 85.33142906916, -18.08028085402, 0, 0
-8.25664421805, 97.19446203203, -22.81670679426, -33.73061268620, 85.33060311656, -18.08095274354, 0, 0
-8.25364138535, 97.19273340106, -22.81682763413, -33.73601557049, 85.32977726192, -18.08162472586, 0, 0
-8.25063876662, 97.19100461753, -22.81694835439, -33.74141845052, 85.32895150522, -18.08229680099, 0, 0
-8.24763636188, 97.18927568145, -22.81706895503, -33.74682132629, 85.32812584643, -18.08296896897, 0, 0
-8.24463417112, 97.18754659283, -22.81718943607, -33.75222419781, 85.32730028553, -18.08364122982, 0, 0
-8.24163219434, 97.18581735171, -22.81730979748, -33.75762706506, 85.32647482249, -18.08431358356, 0, 0
-8.23863043155, 97.18408795809, -22.81743003927, -33.76302992806, 85.32564945728, -18.08498603022, 0, 0
-8.23562888274, 97.18235841200, -22.81755016143, -33.76843278679, 85.32482418988, -18.08565856981, 0, 0
-8.23262754792, 97.18062871344, -22.81767016395, -33.77383564126, 85.32399902027, -18.08633120237, 0, 0
-8.22962642708, 97.17889886244, -22.81779004684, -33.77923849146, 85.32317394842, -18.08700392792, 0, 0
-8.22662552023, 97.17716885902, -22.81790981009, -33.78464133740, 85.32234897430, -18.08767674648, 0, 0
-8.22362482736, 97.17543870319, -22.81802945370, -33.79004417907, 85.32152409789, -18.08834965807, 0, 0
-8.22062434848, 97.17370839497, -22.81814897765, -33.79544701647, 85.32069931917, -18.08902266273, 0, 0
-8.21762408358, 97.17197793437, -22.81826838195, -33.80084984959, 85.31987463811, -18.08969576046, 0, 0
-8.21462403267, 97.17024732143, -22.81838766659, -33.80625267845, 85.31905005468, -18.09036895131, 0, 0
-8.21162419575, 97.16851655614, -22.81850683157, -33.81165550303, 85.31822556886, -18.09104223528, 0, 0
-8.20862457281, 97.16678563854, -22.81862587688, -33.81705832334, 85.31740118062, -18.09171561241, 0, 0
-8.20562516386, 97.16505456863, -22.81874480253, -33.82246113937, 85.31657688994, -18.09238908271, 0, 0
-8.20262596890, 97.16332334644, -22.81886360849, -33.82786395112, 85.31575269679, -18.09306264622, 0, 0
-8.19962698793, 97.16159197198, -22.81898229478, -33.83326675859, 85.31492860115, -18.09373630295, 0, 0
-8.19662822094, 97.15986044527, -22.81910086138, -33.83866956179, 85.31410460300, -18.09441005293, 0, 0
-8.19362966794, 97.15812876633, -22.81921930830, -33.84407236070, 85.31328070230, -18.09508389619, 0, 0
-8.19063132893, 97.15639693518, -22.81933763552, -33.84947515532, 85.31245689903, -18.09575783274, 0, 0
-8.18763320391, 97.15466495183, -22.81945584305, -33.85487794567, 85.31163319317, -18.09643186261, 0, 0
-8.18463529288, 97.15293281630, -22.81957393088, -33.86028073172, 85.31080958469, -18.09710598583, 0, 0
-8.18163759584, 97.15120052861, -22.81969189900, -33.86568351349, 85.30998607356, -18.09778020241, 0, 0
-8.17864011279, 97.14946808877, -22.81980974741, -33.87108629097, 85.30916265977, -18.09845451239, 0, 0
-8.17564284372, 97.14773549681, -22.81992747612, -33.87648906416, 85.30833934328, -18.09912891578, 0, 0
-8.17264578865, 97.14600275273, -22.82004508510, -33.88189183305, 85.30751612408, -18.09980341261, 0, 0
-8.16964894757, 97.14426985657, -22.82016257436, -33.88729459766, 85.30669300212, -18.10047800291, 0, 0
-8.16665232048, 97.14253680833, -22.82027994389, -33.89269735797, 85.30586997740, -18.10115268669, 0, 0
-8.16365590737, 97.14080360803, -22.82039719370, -33.89810011398, 85.30504704988, -18.10182746398, 0, 0
-8.16065970826, 97.13907025570, -22.82051432377, -33.90350286570, 85.30422421955, -18.10250233481, 0, 0
-8.15766372315, 97.13733675134, -22.82063133410, -33.90890561311, 85.30340148636, -18.10317729919, 0, 0
-8.15466795202, 97.13560309498, -22.82074822469, -33.91430835623, 85.30257885031, -18.10385235716, 0, 0
-8.15167239488, 97.13386928664, -22.82086499553, -33.91971109505, 85.30175631135, -18.10452750873, 0, 0
-8.14867705174, 97.13213532632, -22.82098164662, -33.92511382956, 85.30093386948, -18.10520275393, 0, 0
-8.14568192259, 97.13040121406, -22.82109817796, -33.93051655977, 85.30011152466, -18.10587809278, 0, 0
-8.14268700743, 97.12866694985, -22.82121458953, -33.93591928567, 85.29928927686, -18.10655352531, 0, 0
-8.13969230626, 97.12693253374, -22.82133088134, -33.94132200727, 85.29846712607, -18.10722905154, 0, 0
-8.13669781909, 97.12519796572, -22.82144705338, -33.94672472456, 85.29764507226, -18.10790467150, 0, 0
-8.13370354591, 97.12346324583, -22.82156310565, -33.95212743753, 85.29682311539, -18.10858038520, 0, 0
-8.13070948672, 97.12172837407, -22.82167903815, -33.95753014620, 85.29600125546, -18.10925619267, 0, 0
-8.12771564152, 97.11999335046, -22.82179485086, -33.96293285056, 85.29517949242, -18.10993209393, 0, 0
-8.12472201032, 97.11825817503, -22.82191054379, -33.96833555060, 85.29435782626, -18.11060808902, 0, 0
-8.12172859311, 97.11652284778, -22.82202611693, -33.97373824632, 85.29353625695, -18.11128417794, 0, 0
-8.11873538990, 97.11478736874, -22.82214157027, -33.97914093774, 85.29271478447, -18.11196036074, 0, 0
-8.11574240068, 97.11305173793, -22.82225690382, -33.98454362483, 85.29189340878, -18.11263663742, 0, 0
-8.11274962545, 97.11131595535, -22.82237211756, -33.98994630760, 85.29107212987, -18.11331300801, 0, 0
-8.10975706422, 97.10958002104, -22.82248721150, -33.99534898605, 85.29025094771, -18.11398947254, 0, 0
-8.10676471699, 97.10784393500, -22.82260218562, -34.00075166019, 85.28942986227, -18.11466603103, 0, 0
-8.10377258374, 97.10610769726, -22.82271703994, -34.00615432999, 85.28860887354, -18.11534268351, 0, 0
-8.10078066450, 97.10437130783, -22.82283177443, -34.01155699548, 85.28778798147, -18.11601942999, 0, 0
-8.09778895924, 97.10263476673, -22.82294638910, -34.01695965663, 85.28696718605, -18.11669627050, 0, 0
-8.09479746799, 97.10089807397, -22.82306088394, -34.02236231347, 85.28614648726, -18.11737320506, 0, 0
-8.09180619072, 97.09916122958, -22.82317525895, -34.02776496597, 85.28532588506, -18.11805023371, 0, 0
-8.08881512746, 97.09742423357, -22.82328951413, -34.03316761414, 85.28450537944, -18.11872735646, 0, 0
-8.08582427819, 97.09568708597, -22.82340364947, -34.03857025798, 85.28368497036, -18.11940457333, 0, 0
-8.08283364291, 97.09394978677, -22.82351766496, -34.04397289749, 85.28286465781, -18.12008188435, 0, 0
-8.07984322163, 97.09221233602, -22.82363156060, -34.04937553266, 85.28204444174, -18.12075928954, 0, 0
-8.07685301435, 97.09047473371, -22.82374533639, -34.05477816350, 85.28122432216, -18.12143678893, 0, 0
-8.07386302106, 97.08873697988, -22.82385899232, -34.06018079001, 85.28040429901, -18.12211438253, 0, 0
-8.07087324177, 97.08699907453, -22.82397252839, -34.06558341217, 85.27958437229, -18.12279207038, 0, 0
-8.06788367647, 97.08526101769, -22.82408594460, -34.07098603000, 85.27876454196, -18.12346985250, 0, 0
-8.06489432517, 97.08352280938, -22.82419924093, -34.07638864349, 85.27794480800, -18.12414772891, 0, 0
-8.06190518787, 97.08178444960, -22.82431241740, -34.08179125263, 85.27712517038, -18.12482569962, 0, 0
-8.05891626457, 97.08004593838, -22.82442547398, -34.08719385743, 85.27630562909, -18.12550376468, 0, 0
-8.05592755526, 97.07830727573, -22.82453841068, -34.09259645789, 85.27548618408, -18.12618192410, 0, 0
-8.05293905994, 97.07656846168, -22.82465122750, -34.09799905400, 85.27466683535, -18.12686017790, 0, 0
-8.04995077863, 97.07482949624, -22.82476392442, -34.10340164576, 85.27384758285, -18.12753852611, 0, 0
-8.04696271131, 97.07309037942, -22.82487650145, -34.10880423318, 85.27302842658, -18.12821696875, 0, 0
-8.04397485799, 97.07135111125, -22.82498895858, -34.11420681625, 85.27220936650, -18.12889550584, 0, 0
-8.04098721867, 97.06961169175, -22.82510129581, -34.11960939496, 85.27139040258, -18.12957413742, 0, 0
-8.03799979334, 97.06787212092, -22.82521351313, -34.12501196932, 85.27057153480, -18.13025286349, 0, 0
-8.03501258201, 97.06613239880, -22.82532561053, -34.13041453933, 85.26975276315, -18.13093168409, 0, 0
-8.03202558468, 97.06439252539, -22.82543758803, -34.13581710499, 85.26893408758, -18.13161059924, 0, 0
-8.02903880134, 97.06265250071, -22.82554944560, -34.14121966628, 85.26811550807, -18.13228960895, 0, 0
-8.02605223200, 97.06091232478, -22.82566118324, -34.14662222323, 85.26729702461, -18.13296871327, 0, 0
-8.02306587666, 97.05917199763, -22.82577280096, -34.15202477581, 85.26647863716, -18.13364791220, 0, 0
-8.02007973532, 97.05743151925, -22.82588429875, -34.15742732403, 85.26566034570, -18.13432720578, 0, 0
-8.01709380798, 97.05569088969, -22.82599567660, -34.16282986789, 85.26484215021, -18.13500659402, 0, 0
-8.01410809463, 97.05395010894, -22.82610693450, -34.16823240739, 85.26402405065, -18.13568607695, 0, 0
-8.01112259528, 97.05220917703, -22.82621807247, -34.17363494252, 85.26320604700, -18.13636565459, 0, 0
-8.00813730993, 97.05046809398, -22.82632909048, -34.17903747329, 85.26238813925, -18.13704532697, 0, 0
-8.00515223858, 97.04872685980, -22.82643998853, -34.18443999969, 85.26157032735, -18.13772509411, 0, 0
-8.00216738122, 97.04698547452, -22.82655076663, -34.18984252172, 85.26075261130, -18.13840495603, 0, 0
-7.99918273786, 97.04524393814, -22.82666142477, -34.19524503939, 85.25993499105, -18.13908491276, 0, 0
-7.99619830850, 97.04350225069, -22.82677196294, -34.20064755268, 85.25911746659, -18.13976496431, 0, 0
-7.99321409314, 97.04176041219, -22.82688238114, -34.20605006161, 85.25830003789, -18.14044511072, 0, 0
-7.99023009178, 97.04001842264, -22.82699267937, -34.21145256616, 85.25748270493, -18.14112535201, 0, 0
-7.98724630441, 97.03827628208, -22.82710285761, -34.21685506633, 85.25666546768, -18.14180568819, 0, 0
-7.98426273105, 97.03653399051, -22.82721291588, -34.22225756213, 85.25584832611, -18.14248611930, 0, 0
-7.98127937168, 97.03479154796, -22.82732285415, -34.22766005355, 85.25503128020, -18.14316664536, 0, 0
-7.97829622630, 97.03304895444, -22.82743267243, -34.23306254060, 85.25421432992, -18.14384726638, 0, 0
-7.97531329493, 97.03130620997, -22.82754237072, -34.23846502326, 85.25339747526, -18.14452798240, 0, 0
-7.97233057755, 97.02956331456, -22.82765194901, -34.24386750155, 85.25258071617, -18.14520879344, 0, 0
-7.96934807418, 97.02782026824, -22.82776140729, -34.24926997545, 85.25176405265, -18.14588969951, 0, 0
-7.96636578480, 97.02607707103, -22.82787074557, -34.25467244497, 85.25094748465, -18.14657070065, 0, 0
-7.96338370941, 97.02433372293, -22.82797996383, -34.26007491011, 85.25013101217, -18.14725179688, 0, 0
-7.96040184803, 97.02259022397, -22.82808906207, -34.26547737086, 85.24931463516, -18.14793298821, 0, 0
-7.95742020064, 97.02084657417, -22.82819804029, -34.27087982722, 85.24849835361, -18.14861427468, 0, 0
-7.95443876726, 97.01910277354, -22.82830689849, -34.27628227919, 85.24768216749, -18.14929565631, 0, 0
-7.95145754787, 97.01735882210, -22.82841563666, -34.28168472678, 85.24686607678, -18.14997713311, 0, 0
-7.94847654247, 97.01561471987, -22.82852425479, -34.28708716997, 85.24605008145, -18.15065870512, 0, 0
-7.94549575108, 97.01387046686, -22.82863275289, -34.29248960877, 85.24523418147, -18.15134037235, 0, 0
-7.94251517368, 97.01212606310, -22.82874113094, -34.29789204318, 85.24441837682, -18.15202213484, 0, 0
-7.93953481028, 97.01038150860, -22.82884938895, -34.30329447319, 85.24360266747, -18.15270399260, 0, 0
-7.93655466088, 97.00863680337, -22.82895752691, -34.30869689881, 85.24278705340, -18.15338594565, 0, 0
-7.93357472548, 97.00689194745, -22.82906554481, -34.31409932003, 85.24197153459, -18.15406799403, 0, 0
-7.93059500407, 97.00514694083, -22.82917344265, -34.31950173685, 85.24115611100, -18.15475013774, 0, 0
-7.92761549666, 97.00340178355, -22.82928122043, -34.32490414928, 85.24034078261, -18.15543237683, 0, 0
-7.92463620325, 97.00165647561, -22.82938887815, -34.33030655730, 85.23952554941, -18.15611471130, 0, 0
-7.92165712384, 96.99991101704, -22.82949641579, -34.33570896092, 85.23871041135, -18.15679714119, 0, 0
-7.91867825842, 96.99816540786, -22.82960383335, -34.34111136013, 85.23789536842, -18.15747966651, 0, 0
-7.91569960700, 96.99641964808, -22.82971113084, -34.34651375495, 85.23708042058, -18.15816228729, 0, 0
-7.91272116958, 96.99467373771, -22.82981830824, -34.35191614535, 85.23626556783, -18.15884500355, 0, 0
-7.90974294615, 96.99292767679, -22.82992536555, -34.35731853135, 85.23545081012, -18.15952781532, 0, 0
-7.90676493672, 96.99118146531, -22.83003230277, -34.36272091294, 85.23463614743, -18.16021072262, 0, 0
-7.90378714129, 96.98943510331, -22.83013911990, -34.36812329012, 85.23382157975, -18.16089372547, 0, 0
-7.90080955986, 96.98768859080, -22.83024581692, -34.37352566289, 85.23300710704, -18.16157682390, 0, 0
-7.89783219242, 96.98594192779, -22.83035239384, -34.37892803125, 85.23219272927, -18.16226001793, 0, 0
-7.89485503898, 96.98419511431, -22.83045885065, -34.38433039520, 85.23137844643, -18.16294330757, 0, 0
-7.89187809953, 96.98244815038, -22.83056518734, -34.38973275473, 85.23056425848, -18.16362669287, 0, 0
-7.88890137409, 96.98070103600, -22.83067140392, -34.39513510984, 85.22975016541, -18.16431017383, 0, 0
-7.88592486263, 96.97895377120, -22.83077750038, -34.40053746054, 85.22893616718, -18.16499375048, 0, 0
-7.88294856518, 96.97720635599, -22.83088347670, -34.40593980682, 85.22812226377, -18.16567742285, 0, 0
-7.87997248172, 96.97545879040, -22.83098933290, -34.41134214868, 85.22730845516, -18.16636119095, 0, 0
-7.87699661225, 96.97371107443, -22.83109506897, -34.41674448612, 85.22649474132, -18.16704505482, 0, 0
-7.87402095679, 96.97196320812, -22.83120068489, -34.42214681914, 85.22568112222, -18.16772901447, 0, 0
-7.87104551531, 96.97021519147, -22.83130618068, -34.42754914773, 85.22486759784, -18.16841306993, 0, 0
-7.86807028784, 96.96846702450, -22.83141155631, -34.43295147190, 85.22405416815, -18.16909722122, 0, 0
-7.86509527436, 96.96671870724, -22.83151681180, -34.43835379164, 85.22324083313, -18.16978146836, 0, 0
-7.86212047487, 96.96497023969, -22.83162194713, -34.44375610696, 85.22242759275, -18.17046581138, 0, 0
-7.85914588938, 96.96322162188, -22.83172696230, -34.44915841785, 85.22161444699, -18.17115025030, 0, 0
-7.85617151788, 96.96147285382, -22.83183185730, -34.45456072431, 85.22080139582, -18.17183478514, 0, 0
-7.85319736038, 96.95972393553, -22.83193663214, -34.45996302634, 85.21998843921, -18.17251941593, 0, 0
-7.85022341688, 96.95797486703, -22.83204128681, -34.46536532394, 85.21917557715, -18.17320414269, 0, 0
-7.84724968736, 96.95622564834, -22.83214582130, -34.47076761711, 85.21836280960, -18.17388896544, 0, 0
-7.84427617185, 96.95447627947, -22.83225023561, -34.47616990584, 85.21755013654, -18.17457388420, 0, 0
-7.84130287032, 96.95272676044, -22.83235452973, -34.48157219014, 85.21673755795, -18.17525889901, 0, 0
-7.83832978280, 96.95097709127, -22.83245870367, -34.48697447000, 85.21592507379, -18.17594400988, 0, 0
-7.83535690926, 96.94922727198, -22.83256275741, -34.49237674542, 85.21511268405, -18.17662921683, 0, 0
-7.83238424972, 96.94747730258, -22.83266669096, -34.49777901641, 85.21430038869, -18.17731451989, 0, 0
-7.82941180417, 96.94572718310, -22.83277050430, -34.50318128295, 85.21348818769, -18.17799991908, 0, 0
-7.82643957262, 96.94397691354, -22.83287419744, -34.50858354505, 85.21267608104, -18.17868541443, 0, 0
-7.82346755505, 96.94222649393, -22.83297777037, -34.51398580271, 85.21186406869, -18.17937100595, 0, 0
-7.82049575149, 96.94047592429, -22.83308122309, -34.51938805593, 85.21105215063, -18.18005669368, 0, 0
-7.81752416191, 96.93872520462, -22.83318455559, -34.52479030470, 85.21024032683, -18.18074247763, 0, 0
-7.81455278633, 96.93697433496, -22.83328776786, -34.53019254903, 85.20942859726, -18.18142835782, 0, 0
-7.81158162474, 96.93522331532, -22.83339085991, -34.53559478891, 85.20861696190, -18.18211433428, 0, 0
-7.80861067714, 96.93347214571, -22.83349383173, -34.54099702434, 85.20780542073, -18.18280040704, 0, 0
-7.80563994353, 96.93172082615, -22.83359668331, -34.54639925532, 85.20699397371, -18.18348657611, 0, 0
-7.80266942392, 96.92996935666, -22.83369941465, -34.55180148185, 85.20618262083, -18.18417284152, 0, 0
-7.79969911829, 96.92821773726, -22.83380202576, -34.55720370393, 85.20537136205, -18.18485920330, 0, 0
-7.79672902666, 96.92646596797, -22.83390451661, -34.56260592155, 85.20456019735, -18.18554566146, 0, 0
-7.79375914902, 96.92471404880, -22.83400688721, -34.56800813473, 85.20374912671, -18.18623221602, 0, 0
-7.79078948537, 96.92296197977, -22.83410913756, -34.57341034344, 85.20293815011, -18.18691886702, 0, 0
-7.78782003571, 96.92120976090, -22.83421126764, -34.57881254770, 85.20212726750, -18.18760561447, 0, 0
-7.78485080004, 96.91945739220, -22.83431327747, -34.58421474750, 85.20131647888, -18.18829245840, 0, 0
-7.78188177836, 96.91770487370, -22.83441516702, -34.58961694284, 85.20050578421, -18.18897939883, 0, 0
-7.77891297067, 96.91595220541, -22.83451693630, -34.59501913373, 85.19969518347, -18.18966643578, 0, 0
-7.77594437698, 96.91419938735, -22.83461858531, -34.60042132015, 85.19888467663, -18.19035356927, 0, 0
-7.77297599727, 96.91244641954, -22.83472011403, -34.60582350210, 85.19807426367, -18.19104079934, 0, 0
-7.77000783155, 96.91069330199, -22.83482152247, -34.61122567960, 85.19726394456, -18.19172812600, 0, 0
-7.76703987981, 96.90894003472, -22.83492281063, -34.61662785263, 85.19645371927, -18.19241554927, 0, 0
-7.76407214207, 96.90718661775, -22.83502397848, -34.62203002119, 85.19564358779, -18.19310306918, 0, 0
-7.76110461832, 96.90543305109, -22.83512502604, -34.62743218529, 85.19483355008, -18.19379068575, 0, 0
-7.75813730855, 96.90367933478, -22.83522595330, -34.63283434492, 85.19402360613, -18.19447839900, 0, 0
-7.75517021277, 96.90192546881, -22.83532676026, -34.63823650007, 85.19321375590, -18.19516620897, 0, 0
-7.75220333098, 96.90017145321, -22.83542744690, -34.64363865076, 85.19240399936, -18.19585411566, 0, 0
-7.74923666318, 96.89841728801, -22.83552801323, -34.64904079698, 85.19159433650, -18.19654211910, 0, 0
-7.74627020936, 96.89666297320, -22.83562845924, -34.65444293872, 85.19078476729, -18.19723021932, 0, 0
-7.74330396953, 96.89490850882, -22.83572878493, -34.65984507599, 85.18997529170, -18.19791841634, 0, 0
-7.74033794369, 96.89315389488, -22.83582899029, -34.66524720878, 85.18916590970, -18.19860671018, 0, 0
-7.73737213183, 96.89139913140, -22.83592907532, -34.67064933710, 85.18835662128, -18.19929510086, 0, 0
-7.73440653396, 96.88964421839, -22.83602904002, -34.67605146094, 85.18754742640, -18.19998358841, 0, 0
-7.73144115008, 96.88788915588, -22.83612888438, -34.68145358030, 85.18673832505, -18.20067217285, 0, 0
-7.72847598018, 96.88613394388, -22.83622860839, -34.68685569518, 85.18592931718, -18.20136085421, 0, 0
-7.72551102426, 96.88437858240, -22.83632821206, -34.69225780558, 85.18512040279, -18.20204963250, 0, 0
-7.72254628233, 96.88262307147, -22.83642769537, -34.69765991150, 85.18431158184, -18.20273850774, 0, 0
-7.71958175438, 96.88086741111, -22.83652705833, -34.70306201294, 85.18350285431, -18.20342747997, 0, 0
-7.71661744042, 96.87911160133, -22.83662630093, -34.70846410989, 85.18269422016, -18.20411654921, 0, 0
-7.71365334044, 96.87735564214, -22.83672542317, -34.71386620235, 85.18188567939, -18.20480571547, 0, 0
-7.71068945445, 96.87559953357, -22.83682442503, -34.71926829033, 85.18107723196, -18.20549497879, 0, 0
-7.70772578244, 96.87384327564, -22.83692330653, -34.72467037382, 85.18026887784, -18.20618433917, 0, 0
-7.70476232441, 96.87208686836, -22.83702206765, -34.73007245282, 85.17946061701, -18.20687379665, 0, 0
-7.70179908036, 96.87033031175, -22.83712070839, -34.73547452733, 85.17865244945, -18.20756335126, 0, 0
-7.69883605030, 96.86857360582, -22.83721922874, -34.74087659735, 85.17784437513, -18.20825300300, 0, 0
-7.69587323421, 96.86681675060, -22.83731762870, -34.74627866288, 85.17703639402, -18.20894275191, 0, 0
-7.69291063211, 96.86505974610, -22.83741590828, -34.75168072391, 85.17622850609, -18.20963259800, 0, 0
-7.68994824399, 96.86330259234, -22.83751406745, -34.75708278045, 85.17542071133, -18.21032254131, 0, 0
-7.68698606985, 96.86154528934, -22.83761210622, -34.76248483249, 85.17461300971, -18.21101258185, 0, 0
-7.68402410969, 96.85978783712, -22.83771002459, -34.76788688004, 85.17380540120, -18.21170271964, 0, 0
-7.68106236352, 96.85803023569, -22.83780782255, -34.77328892309, 85.17299788577, -18.21239295471, 0, 0
-7.67810083132, 96.85627248507, -22.83790550009, -34.77869096164, 85.17219046340, -18.21308328709, 0, 0
-7.67513951310, 96.85451458527, -22.83800305721, -34.78409299569, 85.17138313407, -18.21377371679, 0, 0
-7.67217840885, 96.85275653632, -22.83810049392, -34.78949502524, 85.17057589774, -18.21446424383, 0, 0
-7.66921751859, 96.85099833824, -22.83819781019, -34.79489705028, 85.16976875440, -18.21515486825, 0, 0
-7.66625684231, 96.84923999104, -22.83829500604, -34.80029907082, 85.16896170402, -18.21584559006, 0, 0
-7.66329638000, 96.84748149473, -22.83839208145, -34.80570108686, 85.16815474657, -18.21653640928, 0, 0
-7.66033613167, 96.84572284934, -22.83848903642, -34.81110309839, 85.16734788202, -18.21722732595, 0, 0
-7.65737609732, 96.84396405489, -22.83858587095, -34.81650510541, 85.16654111036, -18.21791834007, 0, 0
-7.65441627694, 96.84220511139, -22.83868258504, -34.82190710793, 85.16573443155, -18.21860945168, 0, 0
-7.65145667054, 96.84044601885, -22.83877917867, -34.82730910594, 85.16492784557, -18.21930066079, 0, 0
-7.64849727812, 96.83868677731, -22.83887565184, -34.83271109943, 85.16412135239, -18.21999196744, 0, 0
-7.64553809967, 96.83692738677, -22.83897200456, -34.83811308842, 85.16331495199, -18.22068337163, 0, 0
-7.64257913520, 96.83516784725, -22.83906823681, -34.84351507289, 85.16250864435, -18.22137487341, 0, 0
-7.63962038470, 96.83340815877, -22.83916434860, -34.84891705285, 85.16170242943, -18.22206647277, 0, 0
-7.63666184817, 96.83164832134, -22.83926033991, -34.85431902829, 85.16089630722, -18.22275816976, 0, 0
-7.63370352562, 96.82988833500, -22.83935621075, -34.85972099922, 85.16009027768, -18.22344996440, 0, 0
-7.63074541704, 96.82812819974, -22.83945196110, -34.86512296564, 85.15928434079, -18.22414185669, 0, 0
-7.62778752244, 96.82636791560, -22.83954759097, -34.87052492753, 85.15847849652, -18.22483384668, 0, 0
-7.62482984181, 96.82460748258, -22.83964310036, -34.87592688490, 85.15767274486, -18.22552593438, 0, 0
-7.62187237515, 96.82284690071, -22.83973848925, -34.88132883776, 85.15686708576, -18.22621811981, 0, 0
-7.61891512246, 96.82108617001, -22.83983375764, -34.88673078609, 85.15606151922, -18.22691040300, 0, 0
-7.61595808374, 96.81932529048, -22.83992890553, -34.89213272990, 85.15525604520, -18.22760278397, 0, 0
-7.61300125899, 96.81756426215, -22.84002393292, -34.89753466919, 85.15445066368, -18.22829526273, 0, 0
-7.61004464822, 96.81580308504, -22.84011883980, -34.90293660395, 85.15364537462, -18.22898783933, 0, 0
-7.60708825141, 96.81404175916, -22.84021362616, -34.90833853419, 85.15284017801, -18.22968051377, 0, 0
-7.60413206858, 96.81228028454, -22.84030829201, -34.91374045990, 85.15203507383, -18.23037328608, 0, 0
-7.60117609971, 96.81051866118, -22.84040283733, -34.91914238109, 85.15123006203, -18.23106615629, 0, 0
-7.59822034481, 96.80875688911, -22.84049726213, -34.92454429774, 85.15042514261, -18.23175912441, 0, 0
-7.59526480388, 96.80699496835, -22.84059156640, -34.92994620986, 85.14962031552, -18.23245219047, 0, 0
-7.59230947691, 96.80523289890, -22.84068575013, -34.93534811746, 85.14881558076, -18.23314535448, 0, 0
-7.58935436392, 96.80347068080, -22.84077981333, -34.94075002052, 85.14801093829, -18.23383861649, 0, 0
-7.58639946489, 96.80170831406, -22.84087375598, -34.94615191905, 85.14720638808, -18.23453197649, 0, 0
-7.58344477982, 96.79994579869, -22.84096757809, -34.95155381304, 85.14640193011, -18.23522543453, 0, 0
-7.58049030872, 96.79818313471, -22.84106127965, -34.95695570250, 85.14559756436, -18.23591899062, 0, 0
-7.57753605159, 96.79642032214, -22.84115486065, -34.96235758742, 85.14479329080, -18.23661264478, 0, 0
-7.57458200842, 96.79465736100, -22.84124832109, -34.96775946781, 85.14398910940, -18.23730639704, 0, 0
-7.57162817922, 96.79289425131, -22.84134166097, -34.97316134365, 85.14318502014, -18.23800024742, 0, 0
-7.56867456398, 96.79113099308, -22.84143488028, -34.97856321496, 85.14238102299, -18.23869419593, 0, 0
-7.56572116270, 96.78936758633, -22.84152797902, -34.98396508173, 85.14157711793, -18.23938824262, 0, 0
-7.56276797539, 96.78760403108, -22.84162095719, -34.98936694395, 85.14077330493, -18.24008238749, 0, 0
-7.55981500203, 96.78584032734, -22.84171381477, -34.99476880163, 85.13996958396, -18.24077663057, 0, 0
-7.55686224264, 96.78407647514, -22.84180655177, -35.00017065477, 85.13916595500, -18.24147097188, 0, 0
-7.55390969721, 96.78231247449, -22.84189916819, -35.00557250337, 85.13836241803, -18.24216541145, 0, 0
-7.55095736575, 96.78054832542, -22.84199166401, -35.01097434741, 85.13755897302, -18.24285994929, 0, 0
-7.54800524824, 96.77878402792, -22.84208403923, -35.01637618691, 85.13675561994, -18.24355458543, 0, 0
-7.54505334469, 96.77701958204, -22.84217629386, -35.02177802187, 85.13595235876, -18.24424931990, 0, 0
-7.54210165510, 96.77525498777, -22.84226842788, -35.02717985227, 85.13514918947, -18.24494415271, 0, 0
-7.53915017947, 96.77349024514, -22.84236044129, -35.03258167812, 85.13434611203, -18.24563908389, 0, 0
-7.53619891779, 96.77172535418, -22.84245233409, -35.03798349942, 85.13354312643, -18.24633411346, 0, 0
-7.53324787008, 96.76996031488, -22.84254410627, -35.04338531617, 85.13274023262, -18.24702924144, 0, 0
-7.53029703632, 96.76819512728, -22.84263575783, -35.04878712837, 85.13193743060, -18.24772446786, 0, 0
-7.52734641652, 96.76642979140, -22.84272728876, -35.05418893601, 85.13113472033, -18.24841979273, 0, 0
-7.52439601067, 96.76466430723, -22.84281869907, -35.05959073910, 85.13033210179, -18.24911521608, 0, 0
-7.52144581878, 96.76289867482, -22.84290998874, -35.06499253763, 85.12952957494, -18.24981073794, 0, 0
-7.51849584084, 96.76113289417, -22.84300115778, -35.07039433160, 85.12872713978, -18.25050635832, 0, 0
-7.51554607686, 96.75936696530, -22.84309220617, -35.07579612102, 85.12792479626, -18.25120207725, 0, 0
-7.51259652683, 96.75760088823, -22.84318313392, -35.08119790587, 85.12712254437, -18.25189789475, 0, 0
-7.50964719076, 96.75583466297, -22.84327394101, -35.08659968617, 85.12632038408, -18.25259381085, 0, 0
-7.50669806864, 96.75406828955, -22.84336462746, -35.09200146190, 85.12551831536, -18.25328982555, 0, 0
-7.50374916046, 96.75230176798, -22.84345519324, -35.09740323307, 85.12471633819, -18.25398593890, 0, 0
-7.50080046625, 96.75053509828, -22.84354563837, -35.10280499968, 85.12391445254, -18.25468215090, 0, 0
-7.49785198598, 96.74876828047, -22.84363596282, -35.10820676172, 85.12311265839, -18.25537846159, 0, 0
-7.49490371966, 96.74700131456, -22.84372616661, -35.11360851920, 85.12231095571, -18.25607487099, 0, 0
-7.49195566729, 96.74523420058, -22.84381624972, -35.11901027211, 85.12150934447, -18.25677137911, 0, 0
-7.48900782887, 96.74346693853, -22.84390621215, -35.12441202045, 85.12070782466, -18.25746798598, 0, 0
-7.48606020440, 96.74169952845, -22.84399605390, -35.12981376422, 85.11990639623, -18.25816469162, 0, 0
-7.48311279388, 96.73993197034, -22.84408577496, -35.13521550343, 85.11910505918, -18.25886149606, 0, 0
-7.48016559730, 96.73816426422, -22.84417537533, -35.14061723806, 85.11830381346, -18.25955839932, 0, 0
-7.47721861467, 96.73639641011, -22.84426485501, -35.14601896812, 85.11750265907, -18.26025540141, 0, 0
-7.47427184599, 96.73462840803, -22.84435421398, -35.15142069361, 85.11670159596, -18.26095250237, 0, 0
-7.47132529125, 96.73286025800, -22.84444345226, -35.15682241453, 85.11590062412, -18.26164970222, 0, 0
-7.46837895046, 96.73109196003, -22.84453256982, -35.16222413086, 85.11509974352, -18.26234700097, 0, 0
-7.46543282361, 96.72932351415, -22.84462156667, -35.16762584263, 85.11429895413, -18.26304439865, 0, 0
-7.46248691070, 96.72755492036, -22.84471044281, -35.17302754982, 85.11349825593, -18.26374189528, 0, 0
-7.45954121174, 96.72578617869, -22.84479919823, -35.17842925242, 85.11269764889, -18.26443949088, 0, 0
-7.45659572672, 96.72401728915, -22.84488783292, -35.18383095045, 85.11189713298, -18.26513718549, 0, 0
-7.45365045564, 96.72224825177, -22.84497634689, -35.18923264390, 85.11109670819, -18.26583497911, 0, 0
-7.45070539850, 96.72047906655, -22.84506474012, -35.19463433277, 85.11029637449, -18.26653287177, 0, 0
-7.44776055531, 96.71870973353, -22.84515301261, -35.20003601706, 85.10949613184, -18.26723086350, 0, 0
-7.44481592605, 96.71694025270, -22.84524116437, -35.20543769677, 85.10869598023, -18.26792895431, 0, 0
-7.44187151073, 96.71517062411, -22.84532919538, -35.21083937189, 85.10789591962, -18.26862714424, 0, 0
-7.43892730935, 96.71340084775, -22.84541710564, -35.21624104242, 85.10709595000, -18.26932543329, 0, 0
-7.43598332191, 96.71163092365, -22.84550489515, -35.22164270837, 85.10629607133, -18.27002382150, 0, 0
-7.43303954840, 96.70986085183, -22.84559256390, -35.22704436973, 85.10549628360, -18.27072230888, 0, 0
-7.43009598884, 96.70809063230, -22.84568011189, -35.23244602651, 85.10469658676, -18.27142089546, 0, 0
-7.42715264320, 96.70632026508, -22.84576753911, -35.23784767870, 85.10389698081, -18.27211958126, 0, 0
-7.42420951151, 96.70454975019, -22.84585484557, -35.24324932629, 85.10309746572, -18.27281836631, 0, 0
-7.42126659374, 96.70277908764, -22.84594203125, -35.24865096930, 85.10229804144, -18.27351725062, 0, 0
-7.41832388992, 96.70100827747, -22.84602909615, -35.25405260771, 85.10149870798, -18.27421623421, 0, 0
-7.41538140002, 96.69923731967, -22.84611604027, -35.25945424153, 85.10069946528, -18.27491531712, 0, 0
-7.41243912406, 96.69746621427, -22.84620286361, -35.26485587076, 85.09990031334, -18.27561449936, 0, 0
-7.40949706203, 96.69569496129, -22.84628956616, -35.27025749539, 85.09910125213, -18.27631378095, 0, 0
-7.40655521393, 96.69392356075, -22.84637614791, -35.27565911543, 85.09830228161, -18.27701316192, 0, 0
-7.40361357976, 96.69215201266, -22.84646260886, -35.28106073087, 85.09750340177, -18.27771264229, 0, 0
-7.40067215952, 96.69038031704, -22.84654894901, -35.28646234171, 85.09670461257, -18.27841222209, 0, 0
-7.39773095321, 96.68860847390, -22.84663516836, -35.29186394795, 85.09590591400, -18.27911190132, 0, 0
-7.39478996082, 96.68683648327, -22.84672126689, -35.29726554959, 85.09510730602, -18.27981168002, 0, 0
-7.39184918237, 96.68506434517, -22.84680724461, -35.30266714664, 85.09430878861, -18.28051155821, 0, 0
-7.38890861784, 96.68329205961, -22.84689310151, -35.30806873908, 85.09351036175, -18.28121153591, 0, 0
-7.38596826724, 96.68151962660, -22.84697883759, -35.31347032691, 85.09271202540, -18.28191161314, 0, 0
-7.38302813056, 96.67974704618, -22.84706445284, -35.31887191015, 85.09191377955, -18.28261178993, 0, 0
-7.38008820781, 96.67797431834, -22.84714994726, -35.32427348878, 85.09111562417, -18.28331206629, 0, 0
-7.37714849898, 96.67620144312, -22.84723532084, -35.32967506280, 85.09031755923, -18.28401244225, 0, 0
-7.37420900408, 96.67442842053, -22.84732057359, -35.33507663222, 85.08951958470, -18.28471291784, 0, 0
-7.37126972310, 96.67265525058, -22.84740570549, -35.34047819703, 85.08872170056, -18.28541349307, 0, 0
-7.36833065604, 96.67088193330, -22.84749071655, -35.34587975723, 85.08792390679, -18.28611416797, 0, 0
-7.36539180290, 96.66910846871, -22.84757560675, -35.35128131283, 85.08712620336, -18.28681494255, 0, 0
-7.36245316368, 96.66733485681, -22.84766037610, -35.35668286381, 85.08632859024, -18.28751581685, 0, 0
-7.35951473838, 96.66556109763, -22.84774502458, -35.36208441018, 85.08553106740, -18.28821679087, 0, 0
-7.35657652700, 96.66378719119, -22.84782955221, -35.36748595194, 85.08473363483, -18.28891786466, 0, 0
-7.35363852954, 96.66201313750, -22.84791395896, -35.37288748909, 85.08393629250, -18.28961903822, 0, 0
-7.35070074600, 96.66023893658, -22.84799824484, -35.37828902162, 85.08313904037, -18.29032031158, 0, 0
-7.34776317637, 96.65846458845, -22.84808240985, -35.38369054953, 85.08234187843, -18.29102168476, 0, 0
-7.34482582066, 96.65669009313, -22.84816645398, -35.38909207283, 85.08154480664, -18.29172315779, 0, 0
-7.34188867886, 96.65491545063, -22.84825037722, -35.39449359152, 85.08074782499, -18.29242473068, 0, 0
-7.33895175098, 96.65314066097, -22.84833417957, -35.39989510558, 85.07995093344, -18.29312640346, 0, 0
-7.33601503701, 96.65136572417, -22.84841786103, -35.40529661503, 85.07915413198, -18.29382817615, 0, 0
-7.33307853695, 96.64959064025, -22.84850142159, -35.41069811985, 85.07835742057, -18.29453004878, 0, 0
-7.33014225081, 96.64781540922, -22.84858486126, -35.41609962006, 85.07756079919, -18.29523202135, 0, 0
-7.32720617858, 96.64604003111, -22.84866818002, -35.42150111564, 85.07676426781, -18.29593409391, 0, 0
-7.32427032026, 96.64426450593, -22.84875137786, -35.42690260660, 85.07596782641, -18.29663626647, 0, 0
-7.32133467584, 96.64248883369, -22.84883445480, -35.43230409294, 85.07517147497, -18.29733853904, 0, 0
-7.31839924534, 96.64071301442, -22.84891741082, -35.43770557465, 85.07437521344, -18.29804091166, 0, 0
-7.31546402874, 96.63893704814, -22.84900024592, -35.44310705174, 85.07357904182, -18.29874338435, 0, 0
-7.31252902606, 96.63716093485, -22.84908296009, -35.44850852420, 85.07278296008, -18.29944595712, 0, 0
-7.30959423727, 96.63538467458, -22.84916555333, -35.45390999204, 85.07198696818, -18.30014863001, 0, 0
-7.30665966240, 96.63360826735, -22.84924802564, -35.45931145524, 85.07119106610, -18.30085140302, 0, 0
-7.30372530143, 96.63183171318, -22.84933037701, -35.46471291382, 85.07039525383, -18.30155427619, 0, 0
-7.30079115436, 96.63005501207, -22.84941260744, -35.47011436776, 85.06959953132, -18.30225724954, 0, 0
-7.29785722119, 96.62827816406, -22.84949471692, -35.47551581708, 85.06880389856, -18.30296032308, 0, 0
-7.29492350193, 96.62650116915, -22.84957670545, -35.48091726176, 85.06800835552, -18.30366349685, 0, 0
-7.29198999657, 96.62472402737, -22.84965857303, -35.48631870181, 85.06721290217, -18.30436677085, 0, 0
-7.28905670511, 96.62294673873, -22.84974031965, -35.49172013723, 85.06641753849, -18.30507014513, 0, 0
-7.28612362755, 96.62116930325, -22.84982194531, -35.49712156801, 85.06562226445, -18.30577361968, 0, 0
-7.28319076389, 96.61939172095, -22.84990345000, -35.50252299415, 85.06482708003, -18.30647719455, 0, 0
-7.28025811413, 96.61761399184, -22.84998483373, -35.50792441566, 85.06403198520, -18.30718086975, 0, 0
-7.27732567827, 96.61583611595, -22.85006609647, -35.51332583253, 85.06323697994, -18.30788464530, 0, 0
-7.27439345630, 96.61405809329, -22.85014723824, -35.51872724477, 85.06244206421, -18.30858852123, 0, 0
-7.27146144823, 96.61227992388, -22.85022825903, -35.52412865236, 85.06164723800, -18.30929249755, 0, 0
-7.26852965405, 96.61050160773, -22.85030915883, -35.52953005531, 85.06085250127, -18.30999657430, 0, 0
-7.26559807377, 96.60872314487, -22.85038993763, -35.53493145362, 85.06005785401, -18.31070075148, 0, 0
-7.26266670738, 96.60694453531, -22.85047059545, -35.54033284729, 85.05926329618, -18.31140502913, 0, 0
-7.25973555488, 96.60516577907, -22.85055113226, -35.54573423632, 85.05846882776, -18.31210940726, 0, 0
-7.25680461627, 96.60338687617, -22.85063154807, -35.55113562070, 85.05767444873, -18.31281388590, 0, 0
-7.25387389156, 96.60160782662, -22.85071184288, -35.55653700044, 85.05688015905, -18.31351846507, 0, 0
-7.25094338073, 96.59982863045, -22.85079201667, -35.56193837553, 85.05608595870, -18.31422314479, 0, 0
-7.24801308379, 96.59804928766, -22.85087206944, -35.56733974598, 85.05529184767, -18.31492792509, 0, 0
-7.24508300074, 96.59626979828, -22.85095200120, -35.57274111178, 85.05449782591, -18.31563280598, 0, 0
-7.24215313158, 96.59449016233, -22.85103181194, -35.57814247293, 85.05370389341, -18.31633778748, 0, 0
-7.23922347630, 96.59271037983, -22.85111150164, -35.58354382943, 85.05291005014, -18.31704286963, 0, 0
-7.23629403491, 96.59093045078, -22.85119107032, -35.58894518128, 85.05211629607, -18.31774805244, 0, 0
-7.23336480741, 96.58915037521, -22.85127051795, -35.59434652847, 85.05132263117, -18.31845333593, 0, 0
-7.23043579378, 96.58737015314, -22.85134984455, -35.59974787102, 85.05052905543, -18.31915872013, 0, 0
-7.22750699404, 96.58558978459, -22.85142905011, -35.60514920892, 85.04973556882, -18.31986420505, 0, 0
-7.22457840818, 96.58380926957, -22.85150813461, -35.61055054216, 85.04894217130, -18.32056979073, 0, 0
-7.22165003620, 96.58202860809, -22.85158709807, -35.61595187074, 85.04814886286, -18.32127547717, 0, 0
-7.21872187811, 96.58024780018, -22.85166594047, -35.62135319467, 85.04735564347, -18.32198126441, 0, 0
-7.21579393389, 96.57846684586, -22.85174466180, -35.62675451394, 85.04656251310, -18.32268715246, 0, 0
-7.21286620355, 96.57668574515, -22.85182326208, -35.63215582856, 85.04576947172, -18.32339314135, 0, 0
-7.20993868708, 96.57490449805, -22.85190174128, -35.63755713852, 85.04497651932, -18.32409923110, 0, 0
-7.20701138449, 96.57312310459, -22.85198009941, -35.64295844382, 85.04418365586, -18.32480542174, 0, 0
-7.20408429578, 96.57134156479, -22.85205833647, -35.64835974445, 85.04339088132, -18.32551171327, 0, 0
-7.20115742094, 96.56955987866, -22.85213645244, -35.65376104043, 85.04259819567, -18.32621810573, 0, 0
-7.19823075998, 96.56777804622, -22.85221444733, -35.65916233175, 85.04180559889, -18.32692459913, 0, 0
-7.19530431289, 96.56599606749, -22.85229232113, -35.66456361840, 85.04101309095, -18.32763119351, 0, 0
-7.19237807967, 96.56421394249, -22.85237007384, -35.66996490039, 85.04022067182, -18.32833788887, 0, 0
-7.18945206032, 96.56243167123, -22.85244770545, -35.67536617772, 85.03942834149, -18.32904468525, 0, 0
-7.18652625484, 96.56064925374, -22.85252521596, -35.68076745038, 85.03863609992, -18.32975158267, 0, 0
-7.18360066322, 96.55886669002, -22.85260260537, -35.68616871837, 85.03784394709, -18.33045858113, 0, 0
-7.18067528548, 96.55708398010, -22.85267987366, -35.69156998170, 85.03705188297, -18.33116568068, 0, 0
-7.17775012160, 96.55530112400, -22.85275702085, -35.69697124036, 85.03625990753, -18.33187288133, 0, 0
-7.17482517159, 96.55351812173, -22.85283404691, -35.70237249435, 85.03546802075, -18.33258018310, 0, 0
-7.17190043544, 96.55173497332, -22.85291095185, -35.70777374367, 85.03467622261, -18.33328758601, 0, 0
-7.16897591316, 96.54995167877, -22.85298773567, -35.71317498832, 85.03388451308, -18.33399509009, 0, 0
-7.16605160474, 96.54816823810, -22.85306439836, -35.71857622829, 85.03309289213, -18.33470269536, 0, 0
-7.16312751018, 96.54638465135, -22.85314093991, -35.72397746360, 85.03230135974, -18.33541040184, 0, 0
-7.16020362949, 96.54460091851, -22.85321736033, -35.72937869424, 85.03150991587, -18.33611820955, 0, 0
-7.15727996265, 96.54281703961, -22.85329365961, -35.73477992019, 85.03071856052, -18.33682611851, 0, 0
-7.15435650967, 96.54103301467, -22.85336983773, -35.74018114148, 85.02992729364, -18.33753412874, 0, 0
-7.15143327055, 96.53924884371, -22.85344589471, -35.74558235809, 85.02913611521, -18.33824224028, 0, 0
-7.14851024529, 96.53746452673, -22.85352183054, -35.75098357002, 85.02834502521, -18.33895045313, 0, 0
-7.14558743388, 96.53568006377, -22.85359764521, -35.75638477728, 85.02755402362, -18.33965876732, 0, 0
-7.14266483633, 96.53389545484, -22.85367333871, -35.76178597985, 85.02676311039, -18.34036718288, 0, 0
-7.13974245264, 96.53211069995, -22.85374891105, -35.76718717775, 85.02597228552, -18.34107569982, 0, 0
-7.13682028279, 96.53032579912, -22.85382436222, -35.77258837097, 85.02518154897, -18.34178431816, 0, 0
-7.13389832680, 96.52854075238, -22.85389969221, -35.77798955951, 85.02439090072, -18.34249303794, 0, 0
-7.13097658466, 96.52675555974, -22.85397490102, -35.78339074336, 85.02360034074, -18.34320185916, 0, 0
-7.12805505637, 96.52497022121, -22.85404998866, -35.78879192254, 85.02280986901, -18.34391078186, 0, 0
-7.12513374192, 96.52318473681, -22.85412495510, -35.79419309703, 85.02201948549, -18.34461980605, 0, 0
-7.12221264133, 96.52139910657, -22.85419980036, -35.79959426684, 85.02122919017, -18.34532893175, 0, 0
-7.11929175458, 96.51961333050, -22.85427452442, -35.80499543196, 85.02043898302, -18.34603815899, 0, 0
-7.11637108168, 96.51782740862, -22.85434912728, -35.81039659239, 85.01964886401, -18.34674748779, 0, 0
-7.11345062262, 96.51604134094, -22.85442360894, -35.81579774814, 85.01885883312, -18.34745691817, 0, 0
-7.11053037741, 96.51425512748, -22.85449796939, -35.82119889920, 85.01806889032, -18.34816645015, 0, 0
-7.10761034604, 96.51246876827, -22.85457220863, -35.82660004558, 85.01727903558, -18.34887608375, 0, 0
-7.10469052851, 96.51068226331, -22.85464632666, -35.83200118726, 85.01648926888, -18.34958581901, 0, 0
-7.10177092482, 96.50889561263, -22.85472032347, -35.83740232426, 85.01569959019, -18.35029565592, 0, 0
-7.09885153497, 96.50710881624, -22.85479419905, -35.84280345656, 85.01490999949, -18.35100559453, 0, 0
-7.09593235896, 96.50532187417, -22.85486795341, -35.84820458417, 85.01412049675, -18.35171563485, 0, 0
-7.09301339679, 96.50353478642, -22.85494158653, -35.85360570709, 85.01333108195, -18.35242577690, 0, 0
-7.09009464846, 96.50174755303, -22.85501509842, -35.85900682532, 85.01254175505, -18.35313602071, 0, 0
-7.08717611396, 96.49996017399, -22.85508848908, -35.86440793885, 85.01175251604, -18.35384636629, 0, 0
-7.08425779329, 96.49817264934, -22.85516175848, -35.86980904769, 85.01096336488, -18.35455681367, 0, 0
-7.08133968646, 96.49638497909, -22.85523490664, -35.87521015183, 85.01017430156, -18.35526736287, 0, 0
-7.07842179346, 96.49459716326, -22.85530793355, -35.88061125127, 85.00938532604, -18.35597801391, 0, 0
-7.07550411429, 96.49280920186, -22.85538083920, -35.88601234602, 85.00859643830, -18.35668876681, 0, 0
-7.07258664895, 96.49102109492, -22.85545362360, -35.89141343607, 85.00780763831, -18.35739962160, 0, 0
-7.06966939744, 96.48923284244, -22.85552628673, -35.89681452142, 85.00701892605, -18.35811057829, 0, 0
-7.06675235976, 96.48744444446, -22.85559882859, -35.90221560207, 85.00623030149, -18.35882163692, 0, 0
-7.06383553590, 96.48565590098, -22.85567124918, -35.90761667802, 85.00544176461, -18.35953279749, 0, 0
-7.06091892587, 96.48386721203, -22.85574354849, -35.91301774927, 85.00465331538, -18.36024406003, 0, 0
-7.05800252967, 96.48207837762, -22.85581572653, -35.91841881582, 85.00386495377, -18.36095542457, 0, 0
-7.05508634729, 96.48028939777, -22.85588778328, -35.92381987766, 85.00307667976, -18.36166689112, 0, 0
-7.05217037873, 96.47850027250, -22.85595971874, -35.92922093480, 85.00228849332, -18.36237845971, 0, 0
-7.04925462399, 96.47671100182, -22.85603153291, -35.93462198724, 85.00150039443, -18.36309013035, 0, 0
-7.04633908307, 96.47492158576, -22.85610322578, -35.94002303497, 85.00071238305, -18.36380190308, 0, 0
-7.04342375597, 96.47313202432, -22.85617479735, -35.94542407799, 84.99992445917, -18.36451377790, 0, 0
-7.04050864269, 96.47134231754, -22.85624624762, -35.95082511631, 84.99913662276, -18.36522575485, 0, 0
-7.03759374323, 96.46955246542, -22.85631757658, -35.95622614992, 84.99834887379, -18.36593783395, 0, 0
-7.03467905758, 96.46776246799, -22.85638878423, -35.96162717882, 84.99756121224, -18.36665001521, 0, 0
-7.03176458575, 96.46597232525, -22.85645987056, -35.96702820301, 84.99677363807, -18.36736229866, 0, 0
-7.02885032773, 96.46418203724, -22.85653083557, -35.97242922249, 84.99598615127, -18.36807468431, 0, 0
-7.02593628352, 96.46239160396, -22.85660167926, -35.97783023726, 84.99519875181, -18.36878717220, 0, 0
-7.02302245312, 96.46060102544, -22.85667240162, -35.98323124732, 84.99441143966, -18.36949976234, 0, 0
-7.02010883654, 96.45881030169, -22.85674300265, -35.98863225266, 84.99362421480, -18.37021245476, 0, 0
-7.01719543376, 96.45701943273, -22.85681348233, -35.99403325329, 84.99283707720, -18.37092524947, 0, 0
-7.01428224479, 96.45522841858, -22.85688384068, -35.99943424921, 84.99205002683, -18.37163814650, 0, 0
-7.01136926963, 96.45343725926, -22.85695407769, -36.00483524041, 84.99126306367, -18.37235114587, 0, 0
-7.00845650827, 96.45164595478, -22.85702419334, -36.01023622690, 84.99047618769, -18.37306424759, 0, 0
-7.00554396071, 96.44985450516, -22.85709418764, -36.01563720867, 84.98968939887, -18.37377745170, 0, 0
-7.00263162696, 96.44806291042, -22.85716406059, -36.02103818572, 84.98890269718, -18.37449075822, 0, 0
-6.99971950702, 96.44627117057, -22.85723381217, -36.02643915806, 84.98811608259, -18.37520416716, 0, 0
-6.99680760087, 96.44447928564, -22.85730344239, -36.03184012567, 84.98732955508, -18.37591767854, 0, 0
-6.99389590852, 96.44268725565, -22.85737295124, -36.03724108857, 84.98654311462, -18.37663129240, 0, 0
-6.99098442997, 96.44089508060, -22.85744233872, -36.04264204675, 84.98575676119, -18.37734500874, 0, 0
-6.98807316522, 96.43910276052, -22.85751160482, -36.04804300020, 84.98497049477, -18.37805882760, 0, 0
-6.98516211426, 96.43731029543, -22.85758074954, -36.05344394893, 84.98418431531, -18.37877274899, 0, 0
-6.98225127710, 96.43551768534, -22.85764977287, -36.05884489294, 84.98339822280, -18.37948677293, 0, 0
-6.97934065373, 96.43372493027, -22.85771867481, -36.06424583223, 84.98261221722, -18.38020089945, 0, 0
-6.97643024416, 96.43193203024, -22.85778745536, -36.06964676679, 84.98182629853, -18.38091512857, 0, 0
-6.97352004837, 96.43013898527, -22.85785611452, -36.07504769663, 84.98104046672, -18.38162946030, 0, 0
-6.97061006638, 96.42834579537, -22.85792465227, -36.08044862174, 84.98025472175, -18.38234389468, 0, 0
-6.96770029818, 96.42655246056, -22.85799306862, -36.08584954213, 84.97946906359, -18.38305843172, 0, 0
-6.96479074376, 96.42475898086, -22.85806136355, -36.09125045778, 84.97868349223, -18.38377307144, 0, 0
-6.96188140313, 96.42296535629, -22.85812953708, -36.09665136871, 84.97789800764, -18.38448781387, 0, 0
-6.95897227628, 96.42117158687, -22.85819758918, -36.10205227491, 84.97711260978, -18.38520265903, 0, 0
-6.95606336322, 96.41937767260, -22.85826551987, -36.10745317638, 84.97632729864, -18.38591760693, 0, 0
-6.95315466394, 96.41758361352, -22.85833332913, -36.11285407312, 84.97554207419, -18.38663265760, 0, 0
-6.95024617845, 96.41578940964, -22.85840101696, -36.11825496513, 84.97475693641, -18.38734781106, 0, 0
-6.94733790673, 96.41399506097, -22.85846858335, -36.12365585241, 84.97397188525, -18.38806306734, 0, 0
-6.94442984880, 96.41220056754, -22.85853602831, -36.12905673496, 84.97318692071, -18.38877842645, 0, 0
-6.94152200464, 96.41040592936, -22.85860335183, -36.13445761277, 84.97240204276, -18.38949388842, 0, 0
-6.93861437425, 96.40861114645, -22.85867055390, -36.13985848585, 84.97161725136, -18.39020945326, 0, 0
-6.93570695765, 96.40681621882, -22.85873763452, -36.14525935419, 84.97083254649, -18.39092512100, 0, 0
-6.93279975482, 96.40502114650, -22.85880459369, -36.15066021779, 84.97004792813, -18.39164089166, 0, 0
-6.92989276576, 96.40322592951, -22.85887143140, -36.15606107666, 84.96926339625, -18.39235676526, 0, 0
-6.92698599047, 96.40143056785, -22.85893814764, -36.16146193080, 84.96847895083, -18.39307274182, 0, 0
-6.92407942895, 96.39963506155, -22.85900474242, -36.16686278019, 84.96769459183, -18.39378882137, 0, 0
-6.92117308120, 96.39783941063, -22.85907121574, -36.17226362485, 84.96691031924, -18.39450500393, 0, 0
-6.91826694722, 96.39604361510, -22.85913756757, -36.17766446477, 84.96612613302, -18.39522128951, 0, 0
-6.91536102701, 96.39424767498, -22.85920379793, -36.18306529995, 84.96534203316, -18.39593767814, 0, 0
-6.91245532056, 96.39245159029, -22.85926990681, -36.18846613038, 84.96455801961, -18.39665416983, 0, 0
-6.90954982788, 96.39065536105, -22.85933589420, -36.19386695608, 84.96377409237, -18.39737076462, 0, 0
-6.90664454896, 96.38885898728, -22.85940176010, -36.19926777703, 84.96299025140, -18.39808746253, 0, 0
-6.90373948380, 96.38706246898, -22.85946750451, -36.20466859324, 84.96220649667, -18.39880426356, 0, 0
-6.90083463240, 96.38526580619, -22.85953312742, -36.21006940470, 84.96142282816, -18.39952116775, 0, 0
-6.89792999476, 96.38346899891, -22.85959862882, -36.21547021143, 84.96063924585, -18.40023817512, 0, 0
-6.89502557088, 96.38167204717, -22.85966400872, -36.22087101340, 84.95985574971, -18.40095528569, 0, 0
-6.89212136076, 96.37987495099, -22.85972926711, -36.22627181063, 84.95907233971, -18.40167249947, 0, 0
-6.88921736439, 96.37807771037, -22.85979440399, -36.23167260312, 84.95828901582, -18.40238981650, 0, 0
-6.88631358177, 96.37628032534, -22.85985941934, -36.23707339085, 84.95750577803, -18.40310723679, 0, 0
-6.88341001291, 96.37448279592, -22.85992431318, -36.24247417384, 84.95672262630, -18.40382476036, 0, 0
-6.88050665780, 96.37268512213, -22.85998908549, -36.24787495208, 84.95593956060, -18.40454238723, 0, 0
-6.87760351643, 96.37088730398, -22.86005373626, -36.25327572557, 84.95515658092, -18.40526011744, 0, 0
-6.87470058882, 96.36908934148, -22.86011826551, -36.25867649431, 84.95437368722, -18.40597795099, 0, 0
-6.87179787496, 96.36729123467, -22.86018267321, -36.26407725830, 84.95359087949, -18.40669588791, 0, 0
-6.86889537484, 96.36549298355, -22.86024695937, -36.26947801753, 84.95280815769, -18.40741392821, 0, 0
-6.86599308846, 96.36369458814, -22.86031112399, -36.27487877202, 84.95202552179, -18.40813207193, 0, 0
-6.86309101583, 96.36189604846, -22.86037516706, -36.28027952175, 84.95124297178, -18.40885031909, 0, 0
-6.86018915694, 96.36009736454, -22.86043908857, -36.28568026672, 84.95046050762, -18.40956866970, 0, 0
-6.85728751179, 96.35829853638, -22.86050288852, -36.29108100695, 84.94967812929, -18.41028712378, 0, 0
-6.85438608038, 96.35649956400, -22.86056656691, -36.29648174241, 84.94889583677, -18.41100568136, 0, 0
-6.85148486271, 96.35470044743, -22.86063012373, -36.30188247312, 84.94811363002, -18.41172434245, 0, 0
-6.84858385878, 96.35290118667, -22.86069355898, -36.30728319908, 84.94733150902, -18.41244310709, 0, 0
-6.84568306858, 96.35110178176, -22.86075687266, -36.31268392028, 84.94654947375, -18.41316197529, 0, 0
-6.84278249212, 96.34930223269, -22.86082006476, -36.31808463671, 84.94576752418, -18.41388094707, 0, 0
-6.83988212938, 96.34750253951, -22.86088313528, -36.32348534839, 84.94498566028, -18.41460002245, 0, 0
-6.83698198038, 96.34570270221, -22.86094608421, -36.32888605531, 84.94420388203, -18.41531920145, 0, 0
-6.83408204511, 96.34390272082, -22.86100891155, -36.33428675748, 84.94342218940, -18.41603848411, 0, 0
-6.83118232357, 96.34210259536, -22.86107161729, -36.33968745487, 84.94264058236, -18.41675787042, 0, 0
-6.82828281576, 96.34030232584, -22.86113420143, -36.34508814751, 84.94185906089, -18.41747736043, 0, 0
-6.82538352167, 96.33850191228, -22.86119666398, -36.35048883539, 84.94107762497, -18.41819695415, 0, 0
-6.82248444131, 96.33670135470, -22.86125900491, -36.35588951850, 84.94029627456, -18.41891665159, 0, 0
-6.81958557467, 96.33490065313, -22.86132122424, -36.36129019685, 84.93951500964, -18.41963645279, 0, 0
-6.81668692175, 96.33309980756, -22.86138332195, -36.36669087043, 84.93873383019, -18.42035635776, 0, 0
-6.81378848255, 96.33129881803, -22.86144529804, -36.37209153925, 84.93795273618, -18.42107636653, 0, 0
-6.81089025707, 96.32949768455, -22.86150715251, -36.37749220331, 84.93717172757, -18.42179647911, 0, 0
-6.80799224531, 96.32769640714, -22.86156888535, -36.38289286259, 84.93639080436, -18.42251669553, 0, 0
-6.80509444726, 96.32589498581, -22.86163049656, -36.38829351711, 84.93560996650, -18.42323701581, 0, 0
-6.80219686293, 96.32409342059, -22.86169198614, -36.39369416686, 84.93482921398, -18.42395743996, 0, 0
-6.79929949232, 96.32229171149, -22.86175335407, -36.39909481185, 84.93404854677, -18.42467796802, 0, 0
-6.79640233541, 96.32048985853, -22.86181460037, -36.40449545206, 84.93326796483, -18.42539859999, 0, 0
-6.79350539222, 96.31868786172, -22.86187572501, -36.40989608751, 84.93248746816, -18.42611933591, 0, 0
-6.79060866274, 96.31688572109, -22.86193672801, -36.41529671818, 84.93170705671, -18.42684017580, 0, 0
-6.78771214696, 96.31508343666, -22.86199760935, -36.42069734408, 84.93092673047, -18.42756111966, 0, 0
-6.78481584489, 96.31328100843, -22.86205836903, -36.42609796521, 84.93014648940, -18.42828216754, 0, 0
-6.78191975653, 96.31147843644, -22.86211900705, -36.43149858157, 84.92936633349, -18.42900331944, 0, 0
-6.77902388187, 96.30967572069, -22.86217952340, -36.43689919316, 84.92858626270, -18.42972457539, 0, 0
-6.77612822091, 96.30787286120, -22.86223991808, -36.44229979997, 84.92780627701, -18.43044593541, 0, 0
-6.77323277365, 96.30606985799, -22.86230019109, -36.44770040200, 84.92702637639, -18.43116739952, 0, 0
-6.77033754009, 96.30426671109, -22.86236034242, -36.45310099926, 84.92624656082, -18.43188896775, 0, 0
-6.76744252023, 96.30246342050, -22.86242037206, -36.45850159175, 84.92546683027, -18.43261064010, 0, 0
-6.76454771407, 96.30065998624, -22.86248028002, -36.46390217946, 84.92468718472, -18.43333241661, 0, 0
-6.76165312160, 96.29885640834, -22.86254006628, -36.46930276239, 84.92390762413, -18.43405429730, 0, 0
-6.75875874282, 96.29705268681, -22.86259973085, -36.47470334054, 84.92312814849, -18.43477628218, 0, 0
-6.75586457774, 96.29524882167, -22.86265927372, -36.48010391392, 84.92234875776, -18.43549837128, 0, 0
-6.75297062635, 96.29344481293, -22.86271869489, -36.48550448251, 84.92156945193, -18.43622056462, 0, 0
-6.75007688865, 96.29164066062, -22.86277799435, -36.49090504633, 84.92079023095, -18.43694286222, 0, 0
-6.74718336463, 96.28983636475, -22.86283717210, -36.49630560536, 84.92001109482, -18.43766526410, 0, 0
-6.74429005430, 96.28803192534, -22.86289622814, -36.50170615962, 84.91923204350, -18.43838777028, 0, 0
-6.74139695766, 96.28622734241, -22.86295516246, -36.50710670909, 84.91845307696, -18.43911038079, 0, 0
-6.73850407470, 96.28442261597, -22.86301397505, -36.51250725378, 84.91767419518, -18.43983309564, 0, 0
-6.73561140542, 96.28261774604, -22.86307266592, -36.51790779368, 84.91689539814, -18.44055591485, 0, 0
-6.73271894983, 96.28081273264, -22.86313123505, -36.52330832881, 84.91611668580, -18.44127883845, 0, 0
-6.72982670791, 96.27900757579, -22.86318968245, -36.52870885914, 84.91533805815, -18.44200186646, 0, 0
-6.72693467967, 96.27720227551, -22.86324800811, -36.53410938470, 84.91455951515, -18.44272499890, 0, 0
-6.72404286510, 96.27539683181, -22.86330621203, -36.53950990546, 84.91378105678, -18.44344823578, 0, 0
-6.72115126421, 96.27359124472, -22.86336429420, -36.54491042144, 84.91300268301, -18.44417157714, 0, 0
-6.71825987700, 96.27178551424, -22.86342225462, -36.55031093264, 84.91222439382, -18.44489502299, 0, 0
-6.71536870345, 96.26997964040, -22.86348009328, -36.55571143904, 84.91144618918, -18.44561857335, 0, 0
-6.71247774358, 96.26817362321, -22.86353781019, -36.56111194066, 84.91066806906, -18.44634222825, 0, 0
-6.70958699737, 96.26636746270, -22.86359540533, -36.56651243749, 84.90989003345, -18.44706598770, 0, 0
-6.70669646483, 96.26456115888, -22.86365287871, -36.57191292952, 84.90911208230, -18.44778985173, 0, 0
-6.70380614596, 96.26275471176, -22.86371023031, -36.57731341677, 84.90833421560, -18.44851382035, 0, 0
-6.70091604075, 96.26094812137, -22.86376746014, -36.58271389923, 84.90755643332, -18.44923789359, 0, 0
-6.69802614921, 96.25914138773, -22.86382456819, -36.58811437690, 84.90677873544, -18.44996207147, 0, 0
-6.69513647132, 96.25733451084, -22.86388155446, -36.59351484977, 84.90600112192, -18.45068635401, 0, 0
-6.69224700710, 96.25552749074, -22.86393841894, -36.59891531785, 84.90522359274, -18.45141074123, 0, 0
-6.68935775653, 96.25372032743, -22.86399516162, -36.60431578114, 84.90444614788, -18.45213523315, 0, 0
-6.68646871962, 96.25191302094, -22.86405178252, -36.60971623963, 84.90366878731, -18.45285982980, 0, 0
-6.68357989636, 96.25010557128, -22.86410828161, -36.61511669333, 84.90289151100, -18.45358453119, 0, 0
-6.68069128676, 96.24829797847, -22.86416465890, -36.62051714223, 84.90211431893, -18.45430933734, 0, 0
-6.67780289081, 96.24649024253, -22.86422091439, -36.62591758634, 84.90133721106, -18.45503424828, 0, 0
-6.67491470851, 96.24468236348, -22.86427704806, -36.63131802565, 84.90056018739, -18.45575926403, 0, 0
-6.67202673986, 96.24287434132, -22.86433305992, -36.63671846016, 84.89978324787, -18.45648438461, 0, 0
-6.66913898486, 96.24106617609, -22.86438894996, -36.64211888988, 84.89900639248, -18.45720961003, 0, 0
-6.66625144350, 96.23925786780, -22.86444471818, -36.64751931479, 84.89822962120, -18.45793494032, 0, 0
-6.66336411579, 96.23744941647, -22.86450036457, -36.65291973491, 84.89745293400, -18.45866037551, 0, 0
-6.66047700172, 96.23564082211, -22.86455588912, -36.65832015023, 84.89667633085, -18.45938591560, 0, 0
-6.65759010129, 96.23383208475, -22.86461129185, -36.66372056075, 84.89589981173, -18.46011156063, 0, 0
-6.65470341450, 96.23202320439, -22.86466657273, -36.66912096646, 84.89512337661, -18.46083731061, 0, 0
-6.65181694135, 96.23021418106, -22.86472173177, -36.67452136738, 84.89434702547, -18.46156316557, 0, 0
-6.64893068183, 96.22840501478, -22.86477676897, -36.67992176349, 84.89357075828, -18.46228912552, 0, 0
-6.64604463595, 96.22659570556, -22.86483168431, -36.68532215480, 84.89279457501, -18.46301519049, 0, 0
-6.64315880370, 96.22478625343, -22.86488647780, -36.69072254131, 84.89201847563, -18.46374136049, 0, 0
-6.64027318509, 96.22297665839, -22.86494114943, -36.69612292301, 84.89124246013, -18.46446763556, 0, 0
-6.63738778010, 96.22116692047, -22.86499569920, -36.70152329991, 84.89046652847, -18.46519401570, 0, 0
-6.63450258875, 96.21935703968, -22.86505012710, -36.70692367200, 84.88969068062, -18.46592050094, 0, 0
-6.63161761102, 96.21754701605, -22.86510443313, -36.71232403929, 84.88891491657, -18.46664709130, 0, 0
-6.62873284692, 96.21573684959, -22.86515861728, -36.71772440177, 84.88813923629, -18.46737378681, 0, 0
-6.62584829644, 96.21392654032, -22.86521267956, -36.72312475945, 84.88736363974, -18.46810058747, 0, 0
-6.62296395958, 96.21211608825, -22.86526661995, -36.72852511231, 84.88658812691, -18.46882749332, 0, 0
-6.62007983634, 96.21030549341, -22.86532043845, -36.73392546037, 84.88581269777, -18.46955450438, 0, 0
-6.61719592672, 96.20849475580, -22.86537413507, -36.73932580362, 84.88503735229, -18.47028162066, 0, 0
-6.61431223072, 96.20668387546, -22.86542770979, -36.74472614206, 84.88426209044, -18.47100884219, 0, 0
-6.61142874834, 96.20487285240, -22.86548116261, -36.75012647569, 84.88348691220, -18.47173616898, 0, 0
-6.60854547957, 96.20306168663, -22.86553449353, -36.75552680451, 84.88271181754, -18.47246360106, 0, 0
-6.60566242441, 96.20125037817, -22.86558770254, -36.76092712852, 84.88193680644, -18.47319113845, 0, 0
-6.60277958287, 96.19943892704, -22.86564078964, -36.76632744772, 84.88116187887, -18.47391878117, 0, 0
-6.59989695493, 96.19762733326, -22.86569375483, -36.77172776210, 84.88038703480, -18.47464652924, 0, 0
-6.59701454060, 96.19581559685, -22.86574659810, -36.77712807167, 84.87961227421, -18.47537438267, 0, 0
-6.59413233988, 96.19400371782, -22.86579931944, -36.78252837643, 84.87883759707, -18.47610234151, 0, 0
-6.59125035276, 96.19219169619, -22.86585191886, -36.78792867637, 84.87806300336, -18.47683040575, 0, 0
-6.58836857924, 96.19037953199, -22.86590439635, -36.79332897150, 84.87728849304, -18.47755857543, 0, 0
-6.58548701933, 96.18856722522, -22.86595675190, -36.79872926182, 84.87651406610, -18.47828685056, 0, 0
-6.58260567301, 96.18675477590, -22.86600898552, -36.80412954732, 84.87573972250, -18.47901523117, 0, 0
-6.57972454030, 96.18494218406, -22.86606109719, -36.80952982800, 84.87496546223, -18.47974371727, 0, 0
-6.57684362118, 96.18312944971, -22.86611308692, -36.81493010386, 84.87419128525, -18.48047230889, 0, 0
-6.57396291565, 96.18131657286, -22.86616495469, -36.82033037491, 84.87341719154, -18.48120100605, 0, 0
-6.57108242372, 96.17950355354, -22.86621670051, -36.82573064114, 84.87264318106, -18.48192980877, 0, 0
-6.56820214538, 96.17769039177, -22.86626832438, -36.83113090255, 84.87186925381, -18.48265871706, 0, 0
-6.56532208063, 96.17587708756, -22.86631982628, -36.83653115914, 84.87109540974, -18.48338773096, 0, 0
-6.56244222946, 96.17406364093, -22.86637120621, -36.84193141091, 84.87032164884, -18.48411685047, 0, 0
-6.55956259189, 96.17225005189, -22.86642246417, -36.84733165786, 84.86954797107, -18.48484607563, 0, 0
-6.55668316789, 96.17043632047, -22.86647360016, -36.85273189999, 84.86877437641, -18.48557540645, 0, 0
-6.55380395748, 96.16862244669, -22.86652461417, -36.85813213730, 84.86800086484, -18.48630484295, 0, 0
-6.55092496066, 96.16680843055, -22.86657550620, -36.86353236978, 84.86722743633, -18.48703438516, 0, 0
-6.54804617741, 96.16499427208, -22.86662627624, -36.86893259745, 84.86645409085, -18.48776403309, 0, 0
-6.54516760774, 96.16317997130, -22.86667692429, -36.87433282029, 84.86568082837, -18.48849378677, 0, 0
-6.54228925164, 96.16136552823, -22.86672745035, -36.87973303830, 84.86490764887, -18.48922364621, 0, 0
-6.53941110912, 96.15955094287, -22.86677785441, -36.88513325149, 84.86413455233, -18.48995361144, 0, 0
-6.53653318018, 96.15773621526, -22.86682813647, -36.89053345986, 84.86336153871, -18.49068368247, 0, 0
-6.53365546480, 96.15592134540, -22.86687829652, -36.89593366340, 84.86258860800, -18.49141385933, 0, 0
-6.53077796300, 96.15410633332, -22.86692833456, -36.90133386212, 84.86181576016, -18.49214414205, 0, 0
-6.52790067476, 96.15229117903, -22.86697825059, -36.90673405600, 84.86104299516, -18.49287453063, 0, 0
-6.52502360009, 96.15047588255, -22.86702804460, -36.91213424507, 84.86027031299, -18.49360502510, 0, 0
-6.52214673898, 96.14866044390, -22.86707771659, -36.91753442930, 84.85949771362, -18.49433562548, 0, 0
-6.51927009144, 96.14684486310, -22.86712726655, -36.92293460870, 84.85872519701, -18.49506633180, 0, 0
-6.51639365745, 96.14502914016, -22.86717669448, -36.92833478328, 84.85795276315, -18.49579714406, 0, 0
-6.51351743703, 96.14321327510, -22.86722600037, -36.93373495303, 84.85718041200, -18.49652806230, 0, 0
-6.51064143016, 96.14139726795, -22.86727518423, -36.93913511795, 84.85640814354, -18.49725908654, 0, 0
-6.50776563685, 96.13958111871, -22.86732424605, -36.94453527803, 84.85563595775, -18.49799021678, 0, 0
-6.50489005709, 96.13776482741, -22.86737318582, -36.94993543329, 84.85486385460, -18.49872145307, 0, 0
-6.50201469089, 96.13594839406, -22.86742200355, -36.95533558371, 84.85409183406, -18.49945279540, 0, 0
-6.49913953824, 96.13413181868, -22.86747069921, -36.96073572930, 84.85331989611, -18.50018424382, 0, 0
-6.49626459913, 96.13231510129, -22.86751927282, -36.96613587006, 84.85254804071, -18.50091579833, 0, 0
-6.49338987358, 96.13049824190, -22.86756772437, -36.97153600599, 84.85177626785, -18.50164745896, 0, 0
-6.49051536156, 96.12868124054, -22.86761605386, -36.97693613708, 84.85100457749, -18.50237922572, 0, 0
-6.48764106309, 96.12686409723, -22.86766426127, -36.98233626334, 84.85023296962, -18.50311109865, 0, 0
-6.48476697817, 96.12504681197, -22.86771234661, -36.98773638476, 84.84946144420, -18.50384307775, 0, 0
-6.48189310678, 96.12322938479, -22.86776030987, -36.99313650135, 84.84869000121, -18.50457516306, 0, 0
-6.47901944893, 96.12141181571, -22.86780815106, -36.99853661310, 84.84791864062, -18.50530735458, 0, 0
-6.47614600462, 96.11959410474, -22.86785587015, -37.00393672002, 84.84714736240, -18.50603965235, 0, 0
-6.47327277385, 96.11777625190, -22.86790346716, -37.00933682210, 84.84637616654, -18.50677205638, 0, 0
-6.47039975660, 96.11595825721, -22.86795094207, -37.01473691934, 84.84560505300, -18.50750456669, 0, 0
-6.46752695289, 96.11414012069, -22.86799829489, -37.02013701174, 84.84483402175, -18.50823718330, 0, 0
-6.46465436271, 96.11232184235, -22.86804552560, -37.02553709931, 84.84406307278, -18.50896990624, 0, 0
-6.46178198606, 96.11050342222, -22.86809263421, -37.03093718203, 84.84329220605, -18.50970273552, 0, 0
-6.45890982293, 96.10868486030, -22.86813962071, -37.03633725992, 84.84252142154, -18.51043567117, 0, 0
-6.45603787333, 96.10686615662, -22.86818648510, -37.04173733297, 84.84175071922, -18.51116871320, 0, 0
-6.45316613724, 96.10504731120, -22.86823322737, -37.04713740117, 84.84098009906, -18.51190186164, 0, 0
-6.45029461468, 96.10322832406, -22.86827984752, -37.05253746454, 84.84020956104, -18.51263511651, 0, 0
-6.44742330564, 96.10140919520, -22.86832634554, -37.05793752306, 84.83943910514, -18.51336847782, 0, 0
-6.44455221012, 96.09958992465, -22.86837272144, -37.06333757674, 84.83866873132, -18.51410194560, 0, 0
-6.44168132811, 96.09777051243, -22.86841897520, -37.06873762558, 84.83789843957, -18.51483551987, 0, 0
-6.43881065961, 96.09595095856, -22.86846510682, -37.07413766957, 84.83712822985, -18.51556920064, 0, 0
-6.43594020463, 96.09413126305, -22.86851111631, -37.07953770872, 84.83635810213, -18.51630298795, 0, 0
-6.43306996316, 96.09231142592, -22.86855700365, -37.08493774303, 84.83558805640, -18.51703688180, 0, 0
-6.43019993519, 96.09049144718, -22.86860276884, -37.09033777249, 84.83481809262, -18.51777088223, 0, 0
-6.42733012073, 96.08867132687, -22.86864841188, -37.09573779711, 84.83404821077, -18.51850498925, 0, 0
-6.42446051978, 96.08685106498, -22.86869393276, -37.10113781688, 84.83327841082, -18.51923920288, 0, 0
-6.42159113232, 96.08503066155, -22.86873933148, -37.10653783181, 84.83250869275, -18.51997352314, 0, 0
-6.41872195837, 96.08321011659, -22.86878460803, -37.11193784189, 84.83173905653, -18.52070795005, 0, 0
-6.41585299792, 96.08138943012, -22.86882976242, -37.11733784712, 84.83096950214, -18.52144248364, 0, 0
-6.41298425096, 96.07956860215, -22.86887479464, -37.12273784750, 84.83020002954, -18.52217712391, 0, 0
-6.41011571750, 96.07774763270, -22.86891970468, -37.12813784304, 84.82943063871, -18.52291187091, 0, 0
-6.40724739754, 96.07592652180, -22.86896449254, -37.13353783372, 84.82866132962, -18.52364672463, 0, 0
-6.40437929106, 96.07410526945, -22.86900915821, -37.13893781956, 84.82789210226, -18.52438168512, 0, 0
-6.40151139808, 96.07228387568, -22.86905370170, -37.14433780055, 84.82712295658, -18.52511675237, 0, 0
-6.39864371858, 96.07046234050, -22.86909812299, -37.14973777668, 84.82635389258, -18.52585192643, 0, 0
-6.39577625257, 96.06864066394, -22.86914242209, -37.15513774797, 84.82558491021, -18.52658720730, 0, 0
-6.39290900004, 96.06681884600, -22.86918659899, -37.16053771441, 84.82481600945, -18.52732259500, 0, 0
-6.39004196100, 96.06499688672, -22.86923065368, -37.16593767599, 84.82404719028, -18.52805808957, 0, 0
-6.38717513544, 96.06317478610, -22.86927458616, -37.17133763272, 84.82327845268, -18.52879369101, 0, 0
-6.38430852335, 96.06135254416, -22.86931839644, -37.17673758460, 84.82250979660, -18.52952939935, 0, 0
-6.38144212474, 96.05953016092, -22.86936208450, -37.18213753163, 84.82174122204, -18.53026521461, 0, 0
-6.37857593961, 96.05770763640, -22.86940565033, -37.18753747380, 84.82097272895, -18.53100113681, 0, 0
-6.37570996795, 96.05588497062, -22.86944909395, -37.19293741112, 84.82020431732, -18.53173716596, 0, 0
-6.37284420976, 96.05406216359, -22.86949241534, -37.19833734358, 84.81943598712, -18.53247330210, 0, 0
-6.36997866504, 96.05223921534, -22.86953561449, -37.20373727119, 84.81866773833, -18.53320954524, 0, 0
-6.36711333379, 96.05041612587, -22.86957869141, -37.20913719394, 84.81789957091, -18.53394589539, 0, 0
-6.36424821600, 96.04859289522, -22.86962164609, -37.21453711184, 84.81713148483, -18.53468235259, 0, 0
-6.36138331168, 96.04676952339, -22.86966447853, -37.21993702488, 84.81636348009, -18.53541891685, 0, 0
-6.35851862082, 96.04494601040, -22.86970718871, -37.22533693306, 84.81559555664, -18.53615558819, 0, 0
-6.35565414342, 96.04312235627, -22.86974977665, -37.23073683639, 84.81482771446, -18.53689236664, 0, 0
-6.35278987948, 96.04129856103, -22.86979224233, -37.23613673485, 84.81405995352, -18.53762925220, 0, 0
-6.34992582899, 96.03947462468, -22.86983458576, -37.24153662846, 84.81329227381, -18.53836624492, 0, 0
-6.34706199196, 96.03765054724, -22.86987680692, -37.24693651721, 84.81252467528, -18.53910334479, 0, 0
-6.34419836838, 96.03582632874, -22.86991890581, -37.25233640110, 84.81175715792, -18.53984055185, 0, 0
-6.34133495825, 96.03400196919, -22.86996088243, -37.25773628013, 84.81098972170, -18.54057786611, 0, 0
-6.33847176157, 96.03217746860, -22.87000273678, -37.26313615430, 84.81022236660, -18.54131528759, 0, 0
-6.33560877834, 96.03035282700, -22.87004446884, -37.26853602361, 84.80945509258, -18.54205281632, 0, 0
-6.33274600855, 96.02852804441, -22.87008607863, -37.27393588806, 84.80868789961, -18.54279045232, 0, 0
-6.32988345220, 96.02670312084, -22.87012756613, -37.27933574765, 84.80792078769, -18.54352819560, 0, 0
-6.32702110929, 96.02487805630, -22.87016893133, -37.28473560237, 84.80715375677, -18.54426604619, 0, 0
-6.32415897983, 96.02305285083, -22.87021017425, -37.29013545224, 84.80638680683, -18.54500400411, 0, 0
-6.32129706380, 96.02122750443, -22.87025129486, -37.29553529723, 84.80561993785, -18.54574206937, 0, 0
-6.31843536120, 96.01940201712, -22.87029229317, -37.30093513737, 84.80485314979, -18.54648024199, 0, 0
-6.31557387204, 96.01757638892, -22.87033316917, -37.30633497264, 84.80408644264, -18.54721852201, 0, 0
-6.31271259631, 96.01575061985, -22.87037392287, -37.31173480305, 84.80331981637, -18.54795690943, 0, 0
-6.30985153401, 96.01392470993, -22.87041455425, -37.31713462859, 84.80255327094, -18.54869540428, 0, 0
-6.30699068513, 96.01209865917, -22.87045506331, -37.32253444927, 84.80178680633, -18.54943400658, 0, 0
-6.30413004968, 96.01027246760, -22.87049545005, -37.32793426508, 84.80102042253, -18.55017271635, 0, 0
-6.30126962766, 96.00844613522, -22.87053571446, -37.33333407602, 84.80025411949, -18.55091153361, 0, 0
-6.29840941905, 96.00661966206, -22.87057585654, -37.33873388210, 84.79948789720, -18.55165045837, 0, 0
-6.29554942387, 96.00479304814, -22.87061587629, -37.34413368331, 84.79872175562, -18.55238949067, 0, 0
-6.29268964210, 96.00296629347, -22.87065577370, -37.34953347965, 84.79795569474, -18.55312863051, 0, 0
-6.28983007375, 96.00113939807, -22.87069554877, -37.35493327113, 84.79718971452, -18.55386787793, 0, 0
-6.28697071881, 95.99931236196, -22.87073520150, -37.36033305773, 84.79642381493, -18.55460723293, 0, 0
-6.28411157728, 95.99748518516, -22.87077473187, -37.36573283947, 84.79565799597, -18.55534669555, 0, 0
-6.28125264917, 95.99565786768, -22.87081413989, -37.37113261634, 84.79489225758, -18.55608626579, 0, 0
-6.27839393446, 95.99383040955, -22.87085342555, -37.37653238834, 84.79412659976, -18.55682594369, 0, 0
-6.27553543316, 95.99200281077, -22.87089258885, -37.38193215546, 84.79336102247, -18.55756572926, 0, 0
-6.27267714526, 95.99017507137, -22.87093162979, -37.38733191772, 84.79259552568, -18.55830562252, 0, 0
-6.26981907076, 95.98834719137, -22.87097054835, -37.39273167511, 84.79183010938, -18.55904562349, 0, 0
-6.26696120966, 95.98651917078, -22.87100934454, -37.39813142762, 84.79106477353, -18.55978573219, 0, 0
-6.26410356196, 95.98469100963, -22.87104801836, -37.40353117526, 84.79029951810, -18.56052594865, 0, 0
-6.26124612765, 95.98286270792, -22.87108656979, -37.40893091803, 84.78953434308, -18.56126627288, 0, 0
-6.25838890674, 95.98103426568, -22.87112499884, -37.41433065593, 84.78876924843, -18.56200670490, 0, 0
-6.25553189922, 95.97920568292, -22.87116330550, -37.41973038895, 84.78800423414, -18.56274724473, 0, 0
-6.25267510509, 95.97737695967, -22.87120148977, -37.42513011710, 84.78723930016, -18.56348789240, 0, 0
-6.24981852435, 95.97554809594, -22.87123955164, -37.43052984038, 84.78647444648, -18.56422864792, 0, 0
-6.24696215699, 95.97371909175, -22.87127749111, -37.43592955878, 84.78570967306, -18.56496951131, 0, 0
-6.24410600302, 95.97188994711, -22.87131530817, -37.44132927231, 84.78494497989, -18.56571048260, 0, 0
-6.24125006243, 95.97006066204, -22.87135300283, -37.44672898096, 84.78418036694, -18.56645156180, 0, 0
-6.23839433522, 95.96823123657, -22.87139057507, -37.45212868473, 84.78341583418, -18.56719274893, 0, 0
-6.23553882138, 95.96640167071, -22.87142802490, -37.45752838363, 84.78265138158, -18.56793404402, 0, 0
-6.23268352093, 95.96457196448, -22.87146535230, -37.46292807765, 84.78188700911, -18.56867544709, 0, 0
-6.22982843384, 95.96274211789, -22.87150255728, -37.46832776680, 84.78112271676, -18.56941695815, 0, 0
-6.22697356013, 95.96091213096, -22.87153963984, -37.47372745106, 84.78035850449, -18.57015857722, 0, 0
-6.22411889978, 95.95908200372, -22.87157659996, -37.47912713045, 84.77959437228, -18.57090030433, 0, 0
-6.22126445281, 95.95725173617, -22.87161343764, -37.48452680496, 84.77883032011, -18.57164213949, 0, 0
-6.21841021920, 95.95542132834, -22.87165015289, -37.48992647460, 84.77806634793, -18.57238408273, 0, 0
-6.21555619895, 95.95359078025, -22.87168674569, -37.49532613935, 84.77730245574, -18.57312613406, 0, 0
-6.21270239206, 95.95176009190, -22.87172321604, -37.50072579922, 84.77653864350, -18.57386829351, 0, 0
-6.20984879854, 95.94992926333, -22.87175956394, -37.50612545421, 84.77577491118, -18.57461056110, 0, 0
-6.20699541837, 95.94809829455, -22.87179578939, -37.51152510433, 84.77501125876, -18.57535293684, 0, 0
-6.20414225155, 95.94626718557, -22.87183189237, -37.51692474956, 84.77424768622, -18.57609542076, 0, 0
-6.20128929809, 95.94443593641, -22.87186787290, -37.52232438991, 84.77348419352, -18.57683801287, 0, 0
-6.19843655798, 95.94260454710, -22.87190373095, -37.52772402538, 84.77272078064, -18.57758071320, 0, 0
-6.19558403122, 95.94077301764, -22.87193946653, -37.53312365596, 84.77195744756, -18.57832352176, 0, 0
-6.19273171780, 95.93894134806, -22.87197507964, -37.53852328167, 84.77119419424, -18.57906643858, 0, 0
-6.18987961773, 95.93710953838, -22.87201057027, -37.54392290249, 84.77043102067, -18.57980946368, 0, 0
-6.18702773100, 95.93527758861, -22.87204593842, -37.54932251843, 84.76966792681, -18.58055259707, 0, 0
-6.18417605762, 95.93344549877, -22.87208118407, -37.55472212948, 84.76890491264, -18.58129583878, 0, 0
-6.18132459757, 95.93161326888, -22.87211630724, -37.56012173565, 84.76814197813, -18.58203918883, 0, 0
-6.17847335086, 95.92978089895, -22.87215130792, -37.56552133694, 84.76737912325, -18.58278264724, 0, 0
-6.17562231748, 95.92794838901, -22.87218618609, -37.57092093334, 84.76661634798, -18.58352621402, 0, 0
-6.17277149743, 95.92611573907, -22.87222094176, -37.57632052486, 84.76585365230, -18.58426988919, 0, 0
-6.16992089072, 95.92428294916, -22.87225557493, -37.58172011149, 84.76509103617, -18.58501367279, 0, 0
-6.16707049733, 95.92245001927, -22.87229008558, -37.58711969323, 84.76432849957, -18.58575756482, 0, 0
-6.16422031727, 95.92061694945, -22.87232447372, -37.59251927009, 84.76356604248, -18.58650156531, 0, 0
-6.16137035053, 95.91878373969, -22.87235873934, -37.59791884206, 84.76280366486, -18.58724567428, 0, 0
-6.15852059712, 95.91695039003, -22.87239288244, -37.60331840914, 84.76204136669, -18.58798989174, 0, 0
-6.15567105702, 95.91511690048, -22.87242690301, -37.60871797134, 84.76127914794, -18.58873421772, 0, 0
-6.15282173025, 95.91328327105, -22.87246080106, -37.61411752865, 84.76051700860, -18.58947865224, 0, 0
-6.14997261678, 95.91144950177, -22.87249457656, -37.61951708107, 84.75975494862, -18.59022319531, 0, 0
-6.14712371663, 95.90961559265, -22.87252822953, -37.62491662860, 84.75899296799, -18.59096784696, 0, 0
-6.14427502980, 95.90778154371, -22.87256175996, -37.63031617124, 84.75823106667, -18.59171260721, 0, 0
-6.14142655627, 95.90594735496, -22.87259516785, -37.63571570899, 84.75746924465, -18.59245747608, 0, 0
-6.13857829604, 95.90411302644, -22.87262845318, -37.64111524186, 84.75670750189, -18.59320245358, 0, 0
-6.13573024913, 95.90227855814, -22.87266161596, -37.64651476983, 84.75594583838, -18.59394753974, 0, 0
-6.13288241551, 95.90044395010, -22.87269465618, -37.65191429291, 84.75518425407, -18.59469273458, 0, 0
-6.13003479520, 95.89860920233, -22.87272757385, -37.65731381110, 84.75442274895, -18.59543803812, 0, 0
-6.12718738818, 95.89677431485, -22.87276036894, -37.66271332440, 84.75366132299, -18.59618345037, 0, 0
-6.12434019446, 95.89493928767, -22.87279304147, -37.66811283281, 84.75289997616, -18.59692897136, 0, 0
-6.12149321404, 95.89310412081, -22.87282559142, -37.67351233633, 84.75213870844, -18.59767460111, 0, 0
-6.11864644690, 95.89126881429, -22.87285801880, -37.67891183495, 84.75137751979, -18.59842033963, 0, 0
-6.11579989306, 95.88943336813, -22.87289032360, -37.68431132868, 84.75061641020, -18.59916618695, 0, 0
-6.11295355250, 95.88759778235, -22.87292250581, -37.68971081752, 84.74985537964, -18.59991214309, 0, 0
-6.11010742523, 95.88576205696, -22.87295456543, -37.69511030146, 84.74909442808, -18.60065820807, 0, 0
-6.10726151124, 95.88392619199, -22.87298650246, -37.70050978051, 84.74833355549, -18.60140438190, 0, 0
-6.10441581054, 95.88209018744, -22.87301831689, -37.70590925467, 84.74757276185, -18.60215066461, 0, 0
-6.10157032311, 95.88025404334, -22.87305000873, -37.71130872393, 84.74681204713, -18.60289705622, 0, 0
-6.09872504896, 95.87841775971, -22.87308157796, -37.71670818829, 84.74605141131, -18.60364355674, 0, 0
-6.09587998808, 95.87658133656, -22.87311302458, -37.72210764777, 84.74529085435, -18.60439016620, 0, 0
-6.09303514048, 95.87474477391, -22.87314434859, -37.72750710234, 84.74453037624, -18.60513688462, 0, 0
-6.09019050615, 95.87290807178, -22.87317554998, -37.73290655202, 84.74376997694, -18.60588371201, 0, 0
-6.08734608508, 95.87107123019, -22.87320662875, -37.73830599680, 84.74300965643, -18.60663064840, 0, 0
-6.08450187728, 95.86923424915, -22.87323758490, -37.74370543669, 84.74224941468, -18.60737769381, 0, 0
-6.08165788274, 95.86739712869, -22.87326841842, -37.74910487168, 84.74148925167, -18.60812484825, 0, 0
-6.07881410147, 95.86555986881, -22.87329912931, -37.75450430177, 84.74072916737, -18.60887211175, 0, 0
-6.07597053345, 95.86372246954, -22.87332971757, -37.75990372696, 84.73996916175, -18.60961948432, 0, 0
-6.07312717870, 95.86188493090, -22.87336018318, -37.76530314726, 84.73920923479, -18.61036696599, 0, 0
-6.07028403719, 95.86004725290, -22.87339052615, -37.77070256265, 84.73844938645, -18.61111455678, 0, 0
-6.06744110894, 95.85820943557, -22.87342074648, -37.77610197315, 84.73768961672, -18.61186225670, 0, 0
-6.06459839394, 95.85637147891, -22.87345084415, -37.78150137875, 84.73692992557, -18.61261006578, 0, 0
-6.06175589219, 95.85453338295, -22.87348081917, -37.78690077945, 84.73617031297, -18.61335798403, 0, 0
-6.05891360368, 95.85269514771, -22.87351067153, -37.79230017525, 84.73541077889, -18.61410601148, 0, 0
-6.05607152842, 95.85085677320, -22.87354040123, -37.79769956614, 84.73465132331, -18.61485414815, 0, 0
-6.05322966640, 95.84901825944, -22.87357000826, -37.80309895214, 84.73389194620, -18.61560239404, 0, 0
-6.05038801762, 95.84717960645, -22.87359949262, -37.80849833324, 84.73313264753, -18.61635074920, 0, 0
-6.04754658207, 95.84534081424, -22.87362885430, -37.81389770944, 84.73237342728, -18.61709921363, 0, 0
-6.04470535977, 95.84350188284, -22.87365809331, -37.81929708073, 84.73161428543, -18.61784778735, 0, 0
-6.04186435069, 95.84166281226, -22.87368720963, -37.82469644712, 84.73085522194, -18.61859647039, 0, 0
-6.03902355484, 95.83982360252, -22.87371620327, -37.83009580861, 84.73009623678, -18.61934526276, 0, 0
-6.03618297222, 95.83798425364, -22.87374507422, -37.83549516520, 84.72933732994, -18.62009416449, 0, 0
-6.03334260283, 95.83614476564, -22.87377382247, -37.84089451688, 84.72857850139, -18.62084317559, 0, 0
-6.03050244666, 95.83430513853, -22.87380244803, -37.84629386367, 84.72781975109, -18.62159229608, 0, 0
-6.02766250372, 95.83246537233, -22.87383095089, -37.85169320554, 84.72706107903, -18.62234152599, 0, 0
-6.02482277399, 95.83062546705, -22.87385933104, -37.85709254252, 84.72630248517, -18.62309086533, 0, 0
-6.02198325748, 95.82878542273, -22.87388758848, -37.86249187459, 84.72554396949, -18.62384031412, 0, 0
-6.01914395418, 95.82694523937, -22.87391572320, -37.86789120175, 84.72478553196, -18.62458987239, 0, 0
-6.01630486410, 95.82510491700, -22.87394373521, -37.87329052401, 84.72402717256, -18.62533954015, 0, 0
-6.01346598722, 95.82326445562, -22.87397162450, -37.87868984137, 84.72326889126, -18.62608931742, 0, 0
-6.01062732356, 95.82142385526, -22.87399939106, -37.88408915382, 84.72251068804, -18.62683920422, 0, 0
-6.00778887310, 95.81958311594, -22.87402703490, -37.88948846136, 84.72175256286, -18.62758920058, 0, 0
-6.00495063584, 95.81774223767, -22.87405455600, -37.89488776400, 84.72099451570, -18.62833930651, 0, 0
-6.00211261178, 95.81590122048, -22.87408195437, -37.90028706173, 84.72023654653, -18.62908952203, 0, 0
-5.99927480092, 95.81406006437, -22.87410922999, -37.90568635455, 84.71947865534, -18.62983984716, 0, 0
-5.99643720326, 95.81221876938, -22.87413638287, -37.91108564247, 84.71872084208, -18.63059028192, 0, 0
-5.99359981880, 95.81037733550, -22.87416341300, -37.91648492548, 84.71796310674, -18.63134082633, 0, 0
-5.99076264752, 95.80853576277, -22.87419032038, -37.92188420358, 84.71720544928, -18.63209148041, 0, 0
-5.98792568944, 95.80669405121, -22.87421710501, -37.92728347677, 84.71644786969, -18.63284224419, 0, 0
-5.98508894454, 95.80485220082, -22.87424376687, -37.93268274506, 84.71569036793, -18.63359311767, 0, 0
-5.98225241283, 95.80301021162, -22.87427030597, -37.93808200843, 84.71493294398, -18.63434410088, 0, 0
-5.97941609430, 95.80116808365, -22.87429672230, -37.94348126690, 84.71417559781, -18.63509519385, 0, 0
-5.97657998895, 95.79932581690, -22.87432301586, -37.94888052046, 84.71341832939, -18.63584639658, 0, 0
-5.97374409677, 95.79748341141, -22.87434918665, -37.95427976911, 84.71266113871, -18.63659770910, 0, 0
-5.97090841778, 95.79564086718, -22.87437523465, -37.95967901285, 84.71190402572, -18.63734913143, 0, 0
-5.96807295196, 95.79379818424, -22.87440115988, -37.96507825168, 84.71114699041, -18.63810066358, 0, 0
-5.96523769930, 95.79195536260, -22.87442696231, -37.97047748559, 84.71039003275, -18.63885230559, 0, 0
-5.96240265982, 95.79011240229, -22.87445264196, -37.97587671460, 84.70963315272, -18.63960405746, 0, 0
-5.95956783350, 95.78826930331, -22.87447819881, -37.98127593870, 84.70887635027, -18.64035591922, 0, 0
-5.95673322035, 95.78642606570, -22.87450363286, -37.98667515788, 84.70811962540, -18.64110789089, 0, 0
-5.95389882036, 95.78458268945, -22.87452894410, -37.99207437216, 84.70736297807, -18.64185997248, 0, 0
-5.95106463353, 95.78273917460, -22.87455413255, -37.99747358152, 84.70660640826, -18.64261216402, 0, 0
-5.94823065986, 95.78089552116, -22.87457919818, -38.00287278597, 84.70584991594, -18.64336446553, 0, 0
-5.94539689934, 95.77905172915, -22.87460414099, -38.00827198550, 84.70509350108, -18.64411687702, 0, 0
-5.94256335197, 95.77720779859, -22.87462896099, -38.01367118013, 84.70433716365, -18.64486939852, 0, 0
-5.93973001776, 95.77536372949, -22.87465365817, -38.01907036984, 84.70358090364, -18.64562203004, 0, 0
-5.93689689669, 95.77351952188, -22.87467823252, -38.02446955463, 84.70282472101, -18.64637477161, 0, 0
-5.93406398877, 95.77167517576, -22.87470268404, -38.02986873452, 84.70206861573, -18.64712762324, 0, 0
-5.93123129399, 95.76983069116, -22.87472701273, -38.03526790948, 84.70131258779, -18.64788058495, 0, 0
-5.92839881235, 95.76798606810, -22.87475121858, -38.04066707954, 84.70055663715, -18.64863365677, 0, 0
-5.92556654385, 95.76614130659, -22.87477530158, -38.04606624468, 84.69980076379, -18.64938683872, 0, 0
-5.92273448848, 95.76429640665, -22.87479926175, -38.05146540490, 84.69904496768, -18.65014013080, 0, 0
-5.91990264625, 95.76245136830, -22.87482309906, -38.05686456021, 84.69828924879, -18.65089353305, 0, 0
-5.91707101715, 95.76060619156, -22.87484681352, -38.06226371061, 84.69753360710, -18.65164704548, 0, 0
-5.91423960118, 95.75876087645, -22.87487040512, -38.06766285609, 84.69677804258, -18.65240066811, 0, 0
-5.91140839834, 95.75691542297, -22.87489387387, -38.07306199665, 84.69602255521, -18.65315440096, 0, 0
-5.90857740862, 95.75506983116, -22.87491721975, -38.07846113230, 84.69526714495, -18.65390824405, 0, 0
-5.90574663202, 95.75322410103, -22.87494044276, -38.08386026303, 84.69451181179, -18.65466219740, 0, 0
-5.90291606854, 95.75137823259, -22.87496354289, -38.08925938884, 84.69375655569, -18.65541626104, 0, 0
-5.90008571818, 95.74953222587, -22.87498652015, -38.09465850974, 84.69300137662, -18.65617043497, 0, 0
-5.89725558093, 95.74768608088, -22.87500937454, -38.10005762572, 84.69224627457, -18.65692471922, 0, 0
-5.89442565679, 95.74583979764, -22.87503210603, -38.10545673678, 84.69149124951, -18.65767911381, 0, 0
-5.89159594577, 95.74399337617, -22.87505471464, -38.11085584292, 84.69073630140, -18.65843361876, 0, 0
-5.88876644785, 95.74214681648, -22.87507720036, -38.11625494415, 84.68998143022, -18.65918823409, 0, 0
-5.88593716304, 95.74030011860, -22.87509956318, -38.12165404045, 84.68922663595, -18.65994295981, 0, 0
-5.88310809133, 95.73845328253, -22.87512180310, -38.12705313184, 84.68847191856, -18.66069779595, 0, 0
-5.88027923272, 95.73660630831, -22.87514392012, -38.13245221831, 84.68771727802, -18.66145274253, 0, 0
-5.87745058720, 95.73475919595, -22.87516591423, -38.13785129986, 84.68696271431, -18.66220779956, 0, 0
-5.87462215479, 95.73291194545, -22.87518778543, -38.14325037649, 84.68620822739, -18.66296296707, 0, 0
-5.87179393546, 95.73106455686, -22.87520953372, -38.14864944820, 84.68545381725, -18.66371824508, 0, 0
-5.86896592923, 95.72921703017, -22.87523115909, -38.15404851499, 84.68469948385, -18.66447363360, 0, 0
-5.86613813608, 95.72736936541, -22.87525266153, -38.15944757686, 84.68394522717, -18.66522913265, 0, 0
-5.86331055602, 95.72552156260, -22.87527404105, -38.16484663381, 84.68319104719, -18.66598474225, 0, 0
-5.86048318905, 95.72367362175, -22.87529529764, -38.17024568584, 84.68243694387, -18.66674046243, 0, 0
-5.85765603515, 95.72182554288, -22.87531643129, -38.17564473295, 84.68168291719, -18.66749629321, 0, 0
-5.85482909433, 95.71997732602, -22.87533744200, -38.18104377514, 84.68092896712, -18.66825223459, 0, 0
-5.85200236659, 95.71812897117, -22.87535832978, -38.18644281240, 84.68017509364, -18.66900828661, 0, 0
-5.84917585192, 95.71628047836, -22.87537909460, -38.19184184474, 84.67942129672, -18.66976444927, 0, 0
-5.84634955033, 95.71443184760, -22.87539973648, -38.19724087216, 84.67866757633, -18.67052072261, 0, 0
-5.84352346180, 95.71258307891, -22.87542025541, -38.20263989466, 84.67791393245, -18.67127710664, 0, 0
-5.84069758634, 95.71073417231, -22.87544065137, -38.20803891224, 84.67716036504, -18.67203360138, 0, 0
-5.83787192394, 95.70888512782, -22.87546092438, -38.21343792489, 84.67640687409, -18.67279020684, 0, 0
-5.83504647460, 95.70703594545, -22.87548107442, -38.21883693263, 84.67565345957, -18.67354692306, 0, 0
-5.83222123832, 95.70518662523, -22.87550110149, -38.22423593543, 84.67490012145, -18.67430375004, 0, 0
-5.82939621510, 95.70333716716, -22.87552100559, -38.22963493332, 84.67414685970, -18.67506068781, 0, 0
-5.82657140493, 95.70148757128, -22.87554078671, -38.23503392628, 84.67339367430, -18.67581773639, 0, 0
-5.82374680781, 95.69963783759, -22.87556044485, -38.24043291431, 84.67264056521, -18.67657489579, 0, 0
-5.82092242375, 95.69778796611, -22.87557998001, -38.24583189742, 84.67188753242, -18.67733216604, 0, 0
-5.81809825272, 95.69593795687, -22.87559939217, -38.25123087561, 84.67113457590, -18.67808954715, 0, 0
-5.81527429475, 95.69408780988, -22.87561868135, -38.25662984888, 84.67038169562, -18.67884703915, 0, 0
-5.81245054981, 95.69223752515, -22.87563784753, -38.26202881721, 84.66962889155, -18.67960464205, 0, 0
-5.80962701791, 95.69038710271, -22.87565689071, -38.26742778063, 84.66887616367, -18.68036235588, 0, 0
-5.80680369905, 95.68853654257, -22.87567581089, -38.27282673911, 84.66812351195, -18.68112018065, 0, 0
-5.80398059323, 95.68668584476, -22.87569460805, -38.27822569267, 84.66737093636, -18.68187811638, 0, 0
-5.80115770043, 95.68483500928, -22.87571328221, -38.28362464131, 84.66661843688, -18.68263616309, 0, 0
-5.79833502066, 95.68298403616, -22.87573183335, -38.28902358502, 84.66586601348, -18.68339432081, 0, 0
-5.79551255392, 95.68113292542, -22.87575026148, -38.29442252380, 84.66511366614, -18.68415258954, 0, 0
-5.79269030021, 95.67928167706, -22.87576856658, -38.29982145766, 84.66436139482, -18.68491096932, 0, 0
-5.78986825952, 95.67743029112, -22.87578674865, -38.30522038659, 84.66360919950, -18.68566946015, 0, 0
-5.78704643184, 95.67557876761, -22.87580480769, -38.31061931059, 84.66285708016, -18.68642806206, 0, 0
-5.78422481718, 95.67372710654, -22.87582274370, -38.31601822967, 84.66210503676, -18.68718677507, 0, 0
-5.78140341554, 95.67187530794, -22.87584055667, -38.32141714382, 84.66135306928, -18.68794559920, 0, 0
-5.77858222690, 95.67002337182, -22.87585824659, -38.32681605304, 84.66060117770, -18.68870453446, 0, 0
-5.77576125128, 95.66817129820, -22.87587581348, -38.33221495733, 84.65984936199, -18.68946358088, 0, 0
-5.77294048866, 95.66631908709, -22.87589325731, -38.33761385670, 84.65909762212, -18.69022273848, 0, 0
-5.77011993905, 95.66446673852, -22.87591057808, -38.34301275113, 84.65834595806, -18.69098200727, 0, 0
-5.76729960244, 95.66261425251, -22.87592777580, -38.34841164064, 84.65759436979, -18.69174138727, 0, 0
-5.76447947882, 95.66076162907, -22.87594485046, -38.35381052522, 84.65684285728, -18.69250087851, 0, 0
-5.76165956821, 95.65890886821, -22.87596180205, -38.35920940487, 84.65609142050, -18.69326048100, 0, 0
-5.75883987058, 95.65705596996, -22.87597863058, -38.36460827959, 84.65534005943, -18.69402019476, 0, 0
-5.75602038595, 95.65520293434, -22.87599533603, -38.37000714938, 84.65458877404, -18.69478001982, 0, 0
-5.75320111431, 95.65334976136, -22.87601191840, -38.37540601424, 84.65383756431, -18.69553995618, 0, 0
-5.75038205565, 95.65149645104, -22.87602837769, -38.38080487417, 84.65308643021, -18.69630000388, 0, 0
-5.74756320998, 95.64964300340, -22.87604471390, -38.38620372918, 84.65233537170, -18.69706016292, 0, 0
-5.74474457728, 95.64778941845, -22.87606092702, -38.39160257925, 84.65158438877, -18.69782043333, 0, 0
-5.74192615757, 95.64593569622, -22.87607701705, -38.39700142439, 84.65083348139, -18.69858081513, 0, 0
-5.73910795083, 95.64408183672, -22.87609298398, -38.40240026460, 84.65008264953, -18.69934130834, 0, 0
-5.73628995706, 95.64222783997, -22.87610882781, -38.40779909988, 84.64933189316, -18.70010191298, 0, 0
-5.73347217627, 95.64037370599, -22.87612454854, -38.41319793023, 84.64858121227, -18.70086262906, 0, 0
-5.73065460844, 95.63851943479, -22.87614014616, -38.41859675565, 84.64783060681, -18.70162345660, 0, 0
-5.72783725358, 95.63666502640, -22.87615562067, -38.42399557613, 84.64708007677, -18.70238439563, 0, 0
-5.72502011169, 95.63481048083, -22.87617097206, -38.42939439169, 84.64632962211, -18.70314544616, 0, 0
-5.72220318275, 95.63295579809, -22.87618620033, -38.43479320231, 84.64557924282, -18.70390660822, 0, 0
-5.71938646677, 95.63110097822, -22.87620130548, -38.44019200800, 84.64482893886, -18.70466788182, 0, 0
-5.71656996375, 95.62924602122, -22.87621628751, -38.44559080876, 84.64407871020, -18.70542926698, 0, 0
-5.71375367368, 95.62739092711, -22.87623114640, -38.45098960459, 84.64332855683, -18.70619076372, 0, 0
-5.71093759656, 95.62553569591, -22.87624588216, -38.45638839548, 84.64257847872, -18.70695237206, 0, 0
-5.70812173238, 95.62368032764, -22.87626049478, -38.46178718144, 84.64182847583, -18.70771409202, 0, 0
-5.70530608116, 95.62182482232, -22.87627498426, -38.46718596247, 84.64107854814, -18.70847592362, 0, 0
-5.70249064287, 95.61996917996, -22.87628935059, -38.47258473856, 84.64032869563, -18.70923786687, 0, 0
-5.69967541753, 95.61811340058, -22.87630359377, -38.47798350973, 84.63957891827, -18.70999992181, 0, 0
-5.69686040512, 95.61625748420, -22.87631771380, -38.48338227595, 84.63882921602, -18.71076208843, 0, 0
-5.69404560564, 95.61440143084, -22.87633171067, -38.48878103725, 84.63807958887, -18.71152436678, 0, 0
-5.69123101910, 95.61254524051, -22.87634558438, -38.49417979361, 84.63733003679, -18.71228675686, 0, 0
-5.68841664549, 95.61068891324, -22.87635933492, -38.49957854503, 84.63658055975, -18.71304925869, 0, 0
-5.68560248480, 95.60883244904, -22.87637296230, -38.50497729152, 84.63583115772, -18.71381187229, 0, 0
-5.68278853704, 95.60697584793, -22.87638646650, -38.51037603308, 84.63508183069, -18.71457459769, 0, 0
-5.67997480220, 95.60511910992, -22.87639984752, -38.51577476970, 84.63433257861, -18.71533743490, 0, 0
-5.67716128028, 95.60326223504, -22.87641310537, -38.52117350139, 84.63358340147, -18.71610038394, 0, 0
-5.67434797127, 95.60140522331, -22.87642624003, -38.52657222815, 84.63283429923, -18.71686344482, 0, 0
-5.67153487518, 95.59954807473, -22.87643925150, -38.53197094996, 84.63208527188, -18.71762661758, 0, 0
-5.66872199200, 95.59769078933, -22.87645213978, -38.53736966685, 84.63133631938, -18.71838990222, 0, 0
-5.66590932173, 95.59583336713, -22.87646490486, -38.54276837879, 84.63058744170, -18.71915329878, 0, 0
-5.66309686436, 95.59397580814, -22.87647754675, -38.54816708580, 84.62983863883, -18.71991680725, 0, 0
-5.66028461990, 95.59211811239, -22.87649006543, -38.55356578788, 84.62908991073, -18.72068042768, 0, 0
-5.65747258834, 95.59026027988, -22.87650246090, -38.55896448502, 84.62834125738, -18.72144416007, 0, 0
-5.65466076967, 95.58840231064, -22.87651473316, -38.56436317722, 84.62759267875, -18.72220800444, 0, 0
-5.65184916390, 95.58654420469, -22.87652688221, -38.56976186449, 84.62684417482, -18.72297196081, 0, 0
-5.64903777103, 95.58468596204, -22.87653890804, -38.57516054682, 84.62609574555, -18.72373602921, 0, 0
-5.64622659104, 95.58282758271, -22.87655081064, -38.58055922421, 84.62534739093, -18.72450020965, 0, 0
-5.64341562394, 95.58096906672, -22.87656259002, -38.58595789667, 84.62459911091, -18.72526450214, 0, 0
-5.64060486972, 95.57911041409, -22.87657424617, -38.59135656419, 84.62385090549, -18.72602890672, 0, 0
-5.63779432839, 95.57725162483, -22.87658577908, -38.59675522677, 84.62310277462, -18.72679342340, 0, 0
-5.63498399993, 95.57539269897, -22.87659718876, -38.60215388441, 84.62235471829, -18.72755805219, 0, 0
-5.63217388436, 95.57353363651, -22.87660847519, -38.60755253712, 84.62160673647, -18.72832279312, 0, 0
-5.62936398165, 95.57167443749, -22.87661963838, -38.61295118489, 84.62085882912, -18.72908764620, 0, 0
-5.62655429182, 95.56981510191, -22.87663067831, -38.61834982772, 84.62011099623, -18.72985261147, 0, 0
-5.62374481485, 95.56795562979, -22.87664159500, -38.62374846562, 84.61936323777, -18.73061768892, 0, 0
-5.62093555075, 95.56609602116, -22.87665238843, -38.62914709857, 84.61861555371, -18.73138287859, 0, 0
-5.61812649952, 95.56423627602, -22.87666305859, -38.63454572659, 84.61786794402, -18.73214818049, 0, 0
-5.61531766114, 95.56237639441, -22.87667360549, -38.63994434967, 84.61712040868, -18.73291359464, 0, 0
-5.61250903562, 95.56051637633, -22.87668402913, -38.64534296781, 84.61637294766, -18.73367912106, 0, 0
-5.60970062296, 95.55865622180, -22.87669432949, -38.65074158101, 84.61562556093, -18.73444475977, 0, 0
-5.60689242315, 95.55679593084, -22.87670450657, -38.65614018928, 84.61487824847, -18.73521051079, 0, 0
-5.60408443619, 95.55493550348, -22.87671456037, -38.66153879260, 84.61413101025, -18.73597637413, 0, 0
-5.60127666208, 95.55307493972, -22.87672449089, -38.66693739099, 84.61338384624, -18.73674234983, 0, 0
-5.59846910081, 95.55121423958, -22.87673429813, -38.67233598443, 84.61263675642, -18.73750843788, 0, 0
-5.59566175238, 95.54935340309, -22.87674398207, -38.67773457294, 84.61188974075, -18.73827463833, 0, 0
-5.59285461679, 95.54749243026, -22.87675354271, -38.68313315650, 84.61114279923, -18.73904095117, 0, 0
-5.59004769404, 95.54563132111, -22.87676298006, -38.68853173513, 84.61039593180, -18.73980737644, 0, 0
-5.58724098412, 95.54377007565, -22.87677229410, -38.69393030882, 84.60964913846, -18.74057391415, 0, 0
-5.58443448703, 95.54190869391, -22.87678148483, -38.69932887757, 84.60890241917, -18.74134056432, 0, 0
-5.58162820277, 95.54004717590, -22.87679055226, -38.70472744137, 84.60815577391, -18.74210732697, 0, 0
-5.57882213133, 95.53818552164, -22.87679949637, -38.71012600024, 84.60740920264, -18.74287420212, 0, 0
-5.57601627272, 95.53632373115, -22.87680831716, -38.71552455417, 84.60666270535, -18.74364118979, 0, 0
-5.57321062692, 95.53446180444, -22.87681701463, -38.72092310315, 84.60591628201, -18.74440828999, 0, 0
-5.57040519395, 95.53259974154, -22.87682558877, -38.72632164720, 84.60516993258, -18.74517550275, 0, 0
-5.56759997378, 95.53073754246, -22.87683403959, -38.73172018630, 84.60442365705, -18.74594282809, 0, 0
-5.56479496643, 95.52887520721, -22.87684236707, -38.73711872046, 84.60367745538, -18.74671026602, 0, 0
-5.56199017189, 95.52701273583, -22.87685057121, -38.74251724968, 84.60293132755, -18.74747781656, 0, 0
-5.55918559015, 95.52515012832, -22.87685865201, -38.74791577397, 84.60218527353, -18.74824547973, 0, 0
-5.55638122122, 95.52328738470, -22.87686660947, -38.75331429330, 84.60143929330, -18.74901325555, 0, 0
-5.55357706509, 95.52142450500, -22.87687444357, -38.75871280770, 84.60069338683, -18.74978114404, 0, 0
-5.55077312175, 95.51956148922, -22.87688215433, -38.76411131716, 84.59994755409, -18.75054914522, 0, 0
-5.54796939121, 95.51769833739, -22.87688974172, -38.76950982167, 84.59920179506, -18.75131725911, 0, 0
-5.54516587347, 95.51583504952, -22.87689720576, -38.77490832125, 84.59845610970, -18.75208548573, 0, 0
-5.54236256851, 95.51397162563, -22.87690454643, -38.78030681588, 84.59771049799, -18.75285382509, 0, 0
-5.53955947634, 95.51210806575, -22.87691176374, -38.78570530557, 84.59696495991, -18.75362227721, 0, 0
-5.53675659695, 95.51024436988, -22.87691885767, -38.79110379031, 84.59621949543, -18.75439084212, 0, 0
-5.53395393034, 95.50838053805, -22.87692582823, -38.79650227012, 84.59547410452, -18.75515951983, 0, 0
-5.53115147652, 95.50651657027, -22.87693267541, -38.80190074498, 84.59472878716, -18.75592831036, 0, 0
-5.52834923546, 95.50465246657, -22.87693939920, -38.80729921490, 84.59398354331, -18.75669721373, 0, 0
-5.52554720718, 95.50278822695, -22.87694599961, -38.81269767987, 84.59323837295, -18.75746622996, 0, 0
-5.52274539168, 95.50092385144, -22.87695247663, -38.81809613991, 84.59249327606, -18.75823535906, 0, 0
-5.51994378893, 95.49905934006, -22.87695883025, -38.82349459500, 84.59174825261, -18.75900460107, 0, 0
-5.51714239896, 95.49719469282, -22.87696506047, -38.82889304515, 84.59100330257, -18.75977395599, 0, 0
-5.51434122174, 95.49532990974, -22.87697116729, -38.83429149035, 84.59025842591, -18.76054342384, 0, 0
-5.51154025728, 95.49346499084, -22.87697715071, -38.83968993061, 84.58951362261, -18.76131300465, 0, 0
-5.50873950558, 95.49159993613, -22.87698301071, -38.84508836593, 84.58876889264, -18.76208269843, 0, 0
-5.50593896664, 95.48973474564, -22.87698874731, -38.85048679631, 84.58802423597, -18.76285250520, 0, 0
-5.50313864044, 95.48786941938, -22.87699436048, -38.85588522174, 84.58727965258, -18.76362242498, 0, 0
-5.50033852699, 95.48600395737, -22.87699985023, -38.86128364222, 84.58653514244, -18.76439245779, 0, 0
-5.49753862628, 95.48413835963, -22.87700521656, -38.86668205777, 84.58579070552, -18.76516260365, 0, 0
-5.49473893832, 95.48227262618, -22.87701045946, -38.87208046837, 84.58504634180, -18.76593286257, 0, 0
-5.49193946310, 95.48040675703, -22.87701557892, -38.87747887402, 84.58430205126, -18.76670323458, 0, 0
-5.48914020061, 95.47854075220, -22.87702057495, -38.88287727474, 84.58355783385, -18.76747371969, 0, 0
-5.48634115086, 95.47667461171, -22.87702544754, -38.88827567050, 84.58281368956, -18.76824431793, 0, 0
-5.48354231384, 95.47480833558, -22.87703019668, -38.89367406133, 84.58206961836, -18.76901502931, 0, 0
-5.48074368954, 95.47294192383, -22.87703482238, -38.89907244721, 84.58132562022, -18.76978585385, 0, 0
-5.47794527797, 95.47107537646, -22.87703932462, -38.90447082814, 84.58058169512, -18.77055679157, 0, 0
-5.47514707913, 95.46920869351, -22.87704370341, -38.90986920413, 84.57983784303, -18.77132784249, 0, 0
-5.47234909300, 95.46734187499, -22.87704795874, -38.91526757518, 84.57909406392, -18.77209900662, 0, 0
-5.46955131959, 95.46547492091, -22.87705209061, -38.92066594128, 84.57835035777, -18.77287028400, 0, 0
-5.46675375889, 95.46360783130, -22.87705609901, -38.92606430243, 84.57760672454, -18.77364167462, 0, 0
-5.46395641090, 95.46174060617, -22.87705998394, -38.93146265864, 84.57686316422, -18.77441317852, 0, 0
-5.46115927562, 95.45987324554, -22.87706374539, -38.93686100991, 84.57611967677, -18.77518479572, 0, 0
-5.45836235305, 95.45800574943, -22.87706738336, -38.94225935623, 84.57537626217, -18.77595652622, 0, 0
-5.45556564318, 95.45613811785, -22.87707089786, -38.94765769761, 84.57463292040, -18.77672837006, 0, 0
-5.45276914601, 95.45427035083, -22.87707428886, -38.95305603404, 84.57388965141, -18.77750032724, 0, 0
-5.44997286153, 95.45240244839, -22.87707755638, -38.95845436552, 84.57314645520, -18.77827239779, 0, 0
-5.44717678975, 95.45053441053, -22.87708070040, -38.96385269206, 84.57240333173, -18.77904458173, 0, 0
-5.44438093066, 95.44866623727, -22.87708372093, -38.96925101366, 84.57166028097, -18.77981687907, 0, 0
-5.44158528426, 95.44679792865, -22.87708661795, -38.97464933031, 84.57091730290, -18.78058928984, 0, 0
-5.43878985054, 95.44492948466, -22.87708939147, -38.98004764201, 84.57017439749, -18.78136181405, 0, 0
-5.43599462951, 95.44306090534, -22.87709204148, -38.98544594877, 84.56943156472, -18.78213445172, 0, 0
-5.43319962115, 95.44119219070, -22.87709456798, -38.99084425058, 84.56868880455, -18.78290720287, 0, 0
-5.43040482548, 95.43932334075, -22.87709697096, -38.99624254745, 84.56794611696, -18.78368006752, 0, 0
-5.42761024247, 95.43745435552, -22.87709925042, -39.00164083937, 84.56720350193, -18.78445304569, 0, 0
-5.42481587214, 95.43558523503, -22.87710140636, -39.00703912634, 84.56646095942, -18.78522613740, 0, 0
-5.42202171447, 95.43371597928, -22.87710343877, -39.01243740837, 84.56571848941, -18.78599934266, 0, 0
-5.41922776947, 95.43184658830, -22.87710534765, -39.01783568545, 84.56497609188, -18.78677266149, 0, 0
-5.41643403713, 95.42997706210, -22.87710713299, -39.02323395758, 84.56423376679, -18.78754609392, 0, 0
-5.41364051745, 95.42810740072, -22.87710879479, -39.02863222477, 84.56349151412, -18.78831963996, 0, 0
-5.41084721043, 95.42623760415, -22.87711033305, -39.03403048701, 84.56274933385, -18.78909329962, 0, 0
-5.40805411605, 95.42436767242, -22.87711174777, -39.03942874431, 84.56200722594, -18.78986707294, 0, 0
-5.40526123433, 95.42249760555, -22.87711303893, -39.04482699666, 84.56126519037, -18.79064095993, 0, 0
-5.40246856526, 95.42062740356, -22.87711420654, -39.05022524406, 84.56052322711, -18.79141496060, 0, 0
-5.39967610883, 95.41875706646, -22.87711525059, -39.05562348652, 84.55978133614, -18.79218907497, 0, 0
-5.39688386505, 95.41688659427, -22.87711617108, -39.06102172403, 84.55903951743, -18.79296330307, 0, 0
-5.39409183390, 95.41501598701, -22.87711696800, -39.06641995659, 84.55829777095, -18.79373764492, 0, 0
-5.39130001539, 95.41314524470, -22.87711764135, -39.07181818421, 84.55755609667, -18.79451210052, 0, 0
-5.38850840951, 95.41127436735, -22.87711819113, -39.07721640688, 84.55681449457, -18.79528666990, 0, 0
-5.38571701626, 95.40940335498, -22.87711861733, -39.08261462460, 84.55607296463, -18.79606135308, 0, 0
-5.38292583564, 95.40753220762, -22.87711891996, -39.08801283737, 84.55533150681, -18.79683615008, 0, 0
-5.38013486764, 95.40566092527, -22.87711909899, -39.09341104520, 84.55459012108, -18.79761106091, 0, 0
-5.37734411227, 95.40378950796, -22.87711915444, -39.09880924808, 84.55384880743, -18.79838608560, 0, 0
-5.37455356951, 95.40191795571, -22.87711908630, -39.10420744602, 84.55310756582, -18.79916122416, 0, 0
-5.37176323937, 95.40004626853, -22.87711889456, -39.10960563900, 84.55236639623, -18.79993647662, 0, 0
-5.36897312184, 95.39817444643, -22.87711857921, -39.11500382704, 84.55162529862, -18.80071184298, 0, 0
-5.36618321692, 95.39630248945, -22.87711814027, -39.12040201014, 84.55088427299, -18.80148732327, 0, 0
-5.36339352461, 95.39443039759, -22.87711757772, -39.12580018828, 84.55014331928, -18.80226291751, 0, 0
-5.36060404490, 95.39255817088, -22.87711689156, -39.13119836148, 84.54940243749, -18.80303862571, 0, 0
-5.35781477779, 95.39068580932, -22.87711608178, -39.13659652973, 84.54866162758, -18.80381444790, 0, 0
-5.35502572327, 95.38881331295, -22.87711514838, -39.14199469303, 84.54792088953, -18.80459038410, 0, 0
-5.35223688136, 95.38694068177, -22.87711409136, -39.14739285139, 84.54718022331, -18.80536643431, 0, 0
-5.34944825203, 95.38506791581, -22.87711291072, -39.15279100479, 84.54643962889, -18.80614259857, 0, 0
-5.34665983529, 95.38319501508, -22.87711160644, -39.15818915325, 84.54569910624, -18.80691887688, 0, 0
-5.34387163114, 95.38132197960, -22.87711017853, -39.16358729676, 84.54495865535, -18.80769526928, 0, 0
-5.34108363958, 95.37944880939, -22.87710862699, -39.16898543533, 84.54421827617, -18.80847177576, 0, 0
-5.33829586059, 95.37757550447, -22.87710695180, -39.17438356894, 84.54347796869, -18.80924839637, 0, 0
-5.33550829418, 95.37570206485, -22.87710515296, -39.17978169761, 84.54273773288, -18.81002513111, 0, 0
-5.33272094034, 95.37382849056, -22.87710323048, -39.18517982133, 84.54199756871, -18.81080198000, 0, 0
-5.32993379907, 95.37195478160, -22.87710118434, -39.19057794011, 84.54125747616, -18.81157894306, 0, 0
-5.32714687037, 95.37008093801, -22.87709901455, -39.19597605393, 84.54051745519, -18.81235602030, 0, 0
-5.32436015424, 95.36820695979, -22.87709672110, -39.20137416281, 84.53977750578, -18.81313321176, 0, 0
-5.32157365067, 95.36633284696, -22.87709430398, -39.20677226674, 84.53903762791, -18.81391051745, 0, 0
-5.31878735966, 95.36445859954, -22.87709176319, -39.21217036572, 84.53829782154, -18.81468793737, 0, 0
-5.31600128120, 95.36258421756, -22.87708909874, -39.21756845975, 84.53755808665, -18.81546547157, 0, 0
-5.31321541530, 95.36070970102, -22.87708631060, -39.22296654884, 84.53681842322, -18.81624312004, 0, 0
-5.31042976194, 95.35883504995, -22.87708339879, -39.22836463297, 84.53607883122, -18.81702088281, 0, 0
-5.30764432114, 95.35696026436, -22.87708036330, -39.23376271216, 84.53533931061, -18.81779875991, 0, 0
-5.30485909287, 95.35508534427, -22.87707720411, -39.23916078640, 84.53459986138, -18.81857675134, 0, 0
-5.30207407715, 95.35321028970, -22.87707392124, -39.24455885570, 84.53386048349, -18.81935485712, 0, 0
-5.29928927397, 95.35133510067, -22.87707051467, -39.24995692004, 84.53312117692, -18.82013307729, 0, 0
-5.29650468332, 95.34945977719, -22.87706698441, -39.25535497944, 84.53238194164, -18.82091141184, 0, 0
-5.29372030520, 95.34758431928, -22.87706333044, -39.26075303388, 84.53164277763, -18.82168986081, 0, 0
-5.29093613961, 95.34570872697, -22.87705955277, -39.26615108338, 84.53090368485, -18.82246842420, 0, 0
-5.28815218655, 95.34383300026, -22.87705565138, -39.27154912794, 84.53016466329, -18.82324710205, 0, 0
-5.28536844601, 95.34195713918, -22.87705162629, -39.27694716754, 84.52942571292, -18.82402589436, 0, 0
-5.28258491799, 95.34008114375, -22.87704747747, -39.28234520219, 84.52868683370, -18.82480480116, 0, 0
-5.27980160249, 95.33820501397, -22.87704320494, -39.28774323190, 84.52794802561, -18.82558382246, 0, 0
-5.27701849950, 95.33632874988, -22.87703880868, -39.29314125666, 84.52720928862, -18.82636295828, 0, 0
-5.27423560902, 95.33445235148, -22.87703428869, -39.29853927647, 84.52647062271, -18.82714220865, 0, 0
-5.27145293105, 95.33257581880, -22.87702964497, -39.30393729133, 84.52573202785, -18.82792157357, 0, 0
-5.26867046558, 95.33069915186, -22.87702487752, -39.30933530124, 84.52499350402, -18.82870105307, 0, 0
-5.26588821261, 95.32882235066, -22.87701998632, -39.31473330621, 84.52425505118, -18.82948064717, 0, 0
-5.26310617215, 95.32694541523, -22.87701497138, -39.32013130623, 84.52351666931, -18.83026035589, 0, 0
-5.26032434418, 95.32506834559, -22.87700983270, -39.32552930129, 84.52277835839, -18.83104017923, 0, 0
-5.25754272870, 95.32319114176, -22.87700457026, -39.33092729141, 84.52204011838, -18.83182011723, 0, 0
-5.25476132571, 95.32131380375, -22.87699918407, -39.33632527658, 84.52130194925, -18.83260016990, 0, 0
-5.25198013520, 95.31943633158, -22.87699367412, -39.34172325681, 84.52056385099, -18.83338033726, 0, 0
-5.24919915718, 95.31755872526, -22.87698804040, -39.34712123208, 84.51982582357, -18.83416061932, 0, 0
-5.24641839164, 95.31568098483, -22.87698228292, -39.35251920241, 84.51908786695, -18.83494101611, 0, 0
-5.24363783858, 95.31380311029, -22.87697640167, -39.35791716779, 84.51834998112, -18.83572152765, 0, 0
-5.24085749799, 95.31192510166, -22.87697039665, -39.36331512821, 84.51761216604, -18.83650215395, 0, 0
-5.23807736987, 95.31004695896, -22.87696426785, -39.36871308370, 84.51687442168, -18.83728289502, 0, 0
-5.23529745422, 95.30816868221, -22.87695801527, -39.37411103423, 84.51613674803, -18.83806375090, 0, 0
-5.23251775103, 95.30629027142, -22.87695163890, -39.37950897981, 84.51539914505, -18.83884472159, 0, 0
-5.22973826031, 95.30441172662, -22.87694513875, -39.38490692045, 84.51466161272, -18.83962580712, 0, 0
-5.22695898204, 95.30253304782, -22.87693851480, -39.39030485613, 84.51392415100, -18.84040700750, 0, 0
-5.22417991623, 95.30065423504, -22.87693176705, -39.39570278687, 84.51318675988, -18.84118832276, 0, 0
-5.22140106288, 95.29877528830, -22.87692489551, -39.40110071266, 84.51244943933, -18.84196975291, 0, 0
-5.21862242197, 95.29689620761, -22.87691790016, -39.40649863351, 84.51171218931, -18.84275129797, 0, 0
-5.21584399350, 95.29501699300, -22.87691078101, -39.41189654940, 84.51097500981, -18.84353295795, 0, 0
-5.21306577748, 95.29313764447, -22.87690353804, -39.41729446035, 84.51023790079, -18.84431473288, 0, 0
-5.21028777390, 95.29125816206, -22.87689617126, -39.42269236634, 84.50950086223, -18.84509662278, 0, 0
-5.20750998276, 95.28937854577, -22.87688868065, -39.42809026739, 84.50876389410, -18.84587862765, 0, 0
-5.20473240405, 95.28749879562, -22.87688106623, -39.43348816349, 84.50802699638, -18.84666074753, 0, 0
-5.20195503777, 95.28561891164, -22.87687332798, -39.43888605464, 84.50729016903, -18.84744298243, 0, 0
-5.19917788392, 95.28373889384, -22.87686546590, -39.44428394085, 84.50655341204, -18.84822533237, 0, 0
-5.19640094250, 95.28185874224, -22.87685747999, -39.44968182210, 84.50581672537, -18.84900779736, 0, 0
-5.19362421349, 95.27997845685, -22.87684937023, -39.45507969841, 84.50508010899, -18.84979037743, 0, 0
-5.19084769690, 95.27809803770, -22.87684113664, -39.46047756977, 84.50434356289, -18.85057307259, 0, 0
-5.18807139273, 95.27621748480, -22.87683277920, -39.46587543618, 84.50360708702, -18.85135588286, 0, 0
-5.18529530097, 95.27433679817, -22.87682429791, -39.47127329764, 84.50287068138, -18.85213880826, 0, 0
-5.18251942162, 95.27245597783, -22.87681569277, -39.47667115416, 84.50213434592, -18.85292184881, 0, 0
-5.17974375467, 95.27057502379, -22.87680696378, -39.48206900572, 84.50139808063, -18.85370500453, 0, 0
-5.17696830013, 95.26869393607, -22.87679811092, -39.48746685234, 84.50066188547, -18.85448827543, 0, 0
-5.17419305798, 95.26681271470, -22.87678913420, -39.49286469401, 84.49992576041, -18.85527166153, 0, 0
-5.17141802824, 95.26493135969, -22.87678003361, -39.49826253073, 84.49918970544, -18.85605516285, 0, 0
-5.16864321088, 95.26304987105, -22.87677080915, -39.50366036251, 84.49845372053, -18.85683877942, 0, 0
-5.16586860592, 95.26116824881, -22.87676146081, -39.50905818934, 84.49771780564, -18.85762251124, 0, 0
-5.16309421334, 95.25928649298, -22.87675198860, -39.51445601121, 84.49698196075, -18.85840635833, 0, 0
-5.16032003314, 95.25740460358, -22.87674239250, -39.51985382814, 84.49624618584, -18.85919032072, 0, 0
-5.15754606533, 95.25552258063, -22.87673267251, -39.52525164013, 84.49551048087, -18.85997439843, 0, 0
-5.15477230989, 95.25364042415, -22.87672282864, -39.53064944716, 84.49477484582, -18.86075859146, 0, 0
-5.15199876683, 95.25175813415, -22.87671286087, -39.53604724925, 84.49403928067, -18.86154289984, 0, 0
-5.14922543614, 95.24987571065, -22.87670276920, -39.54144504639, 84.49330378538, -18.86232732359, 0, 0
-5.14645231781, 95.24799315367, -22.87669255364, -39.54684283858, 84.49256835993, -18.86311186273, 0, 0
-5.14367941185, 95.24611046323, -22.87668221416, -39.55224062582, 84.49183300429, -18.86389651727, 0, 0
-5.14090671825, 95.24422763935, -22.87667175078, -39.55763840812, 84.49109771843, -18.86468128723, 0, 0
-5.13813423701, 95.24234468204, -22.87666116348, -39.56303618546, 84.49036250234, -18.86546617263, 0, 0
-5.13536196813, 95.24046159132, -22.87665045227, -39.56843395786, 84.48962735597, -18.86625117349, 0, 0
-5.13258991159, 95.23857836721, -22.87663961714, -39.57383172532, 84.48889227931, -18.86703628982, 0, 0
-5.12981806741, 95.23669500972, -22.87662865808, -39.57922948782, 84.48815727233, -18.86782152165, 0, 0
-5.12704643557, 95.23481151889, -22.87661757510, -39.58462724538, 84.48742233500, -18.86860686900, 0, 0
-5.12427501607, 95.23292789471, -22.87660636818, -39.59002499799, 84.48668746729, -18.86939233187, 0, 0
-5.12150380891, 95.23104413722, -22.87659503733, -39.59542274565, 84.48595266917, -18.87017791029, 0, 0
-5.11873281409, 95.22916024643, -22.87658358254, -39.60082048837, 84.48521794063, -18.87096360429, 0, 0
-5.11596203160, 95.22727622235, -22.87657200381, -39.60621822614, 84.48448328163, -18.87174941386, 0, 0
-5.11319146144, 95.22539206500, -22.87656030113, -39.61161595896, 84.48374869214, -18.87253533905, 0, 0
-5.11042110361, 95.22350777441, -22.87654847450, -39.61701368683, 84.48301417214, -18.87332137985, 0, 0
-5.10765095810, 95.22162335059, -22.87653652391, -39.62241140976, 84.48227972161, -18.87410753629, 0, 0
-5.10488102491, 95.21973879356, -22.87652444937, -39.62780912774, 84.48154534051, -18.87489380840, 0, 0
-5.10211130403, 95.21785410333, -22.87651225087, -39.63320684077, 84.48081102881, -18.87568019618, 0, 0
-5.09934179547, 95.21596927993, -22.87649992840, -39.63860454886, 84.48007678650, -18.87646669965, 0, 0
-5.09657249922, 95.21408432337, -22.87648748196, -39.64400225200, 84.47934261354, -18.87725331884, 0, 0
-5.09380341528, 95.21219923367, -22.87647491155, -39.64939995019, 84.47860850990, -18.87804005376, 0, 0
-5.09103454364, 95.21031401084, -22.87646221716, -39.65479764343, 84.47787447557, -18.87882690443, 0, 0
-5.08826588430, 95.20842865492, -22.87644939879, -39.66019533173, 84.47714051051, -18.87961387086, 0, 0
-5.08549743726, 95.20654316590, -22.87643645644, -39.66559301509, 84.47640661469, -18.88040095308, 0, 0
-5.08272920251, 95.20465754382, -22.87642339010, -39.67099069349, 84.47567278810, -18.88118815111, 0, 0
-5.07996118005, 95.20277178868, -22.87641019977, -39.67638836695, 84.47493903069, -18.88197546495, 0, 0
-5.07719336988, 95.20088590051, -22.87639688544, -39.68178603546, 84.47420534245, -18.88276289464, 0, 0
-5.07442577200, 95.19899987933, -22.87638344711, -39.68718369903, 84.47347172335, -18.88355044019, 0, 0
-5.07165838639, 95.19711372515, -22.87636988478, -39.69258135765, 84.47273817336, -18.88433810161, 0, 0
-5.06889121307, 95.19522743799, -22.87635619845, -39.69797901132, 84.47200469245, -18.88512587892, 0, 0
-5.06612425202, 95.19334101787, -22.87634238810, -39.70337666005, 84.47127128060, -18.88591377215, 0, 0
-5.06335750324, 95.19145446480, -22.87632845374, -39.70877430383, 84.47053793778, -18.88670178131, 0, 0
-5.06059096672, 95.18956777881, -22.87631439537, -39.71417194266, 84.46980466396, -18.88748990642, 0, 0
-5.05782464248, 95.18768095991, -22.87630021297, -39.71956957655, 84.46907145912, -18.88827814749, 0, 0
-5.05505853049, 95.18579400812, -22.87628590654, -39.72496720549, 84.46833832322, -18.88906650455, 0, 0
-5.05229263076, 95.18390692346, -22.87627147609, -39.73036482949, 84.46760525625, -18.88985497762, 0, 0
-5.04952694329, 95.18201970594, -22.87625692160, -39.73576244854, 84.46687225817, -18.89064356670, 0, 0
-5.04676146807, 95.18013235559, -22.87624224308, -39.74116006265, 84.46613932896, -18.89143227182, 0, 0
-5.04399620510, 95.17824487242, -22.87622744052, -39.74655767181, 84.46540646860, -18.89222109300, 0, 0
-5.04123115437, 95.17635725645, -22.87621251391, -39.75195527602, 84.46467367704, -18.89301003026, 0, 0
-5.03846631589, 95.17446950769, -22.87619746326, -39.75735287529, 84.46394095428, -18.89379908360, 0, 0
-5.03570168964, 95.17258162618, -22.87618228855, -39.76275046961, 84.46320830027, -18.89458825306, 0, 0
-5.03293727563, 95.17069361191, -22.87616698979, -39.76814805899, 84.46247571499, -18.89537753865, 0, 0
-5.03017307385, 95.16880546491, -22.87615156697, -39.77354564342, 84.46174319842, -18.89616694039, 0, 0
-5.02740908430, 95.16691718521, -22.87613602008, -39.77894322291, 84.46101075054, -18.89695645829, 0, 0
-5.02464530698, 95.16502877281, -22.87612034914, -39.78434079745, 84.46027837130, -18.89774609238, 0, 0
-5.02188174188, 95.16314022773, -22.87610455412, -39.78973836705, 84.45954606068, -18.89853584266, 0, 0
-5.01911838899, 95.16125155000, -22.87608863502, -39.79513593170, 84.45881381867, -18.89932570917, 0, 0
-5.01635524833, 95.15936273962, -22.87607259185, -39.80053349141, 84.45808164523, -18.90011569191, 0, 0
-5.01359231987, 95.15747379663, -22.87605642460, -39.80593104617, 84.45734954033, -18.90090579091, 0, 0
-5.01082960363, 95.15558472103, -22.87604013326, -39.81132859599, 84.45661750394, -18.90169600619, 0, 0
-5.00806709959, 95.15369551284, -22.87602371784, -39.81672614086, 84.45588553605, -18.90248633775, 0, 0
-5.00530480775, 95.15180617209, -22.87600717832, -39.82212368079, 84.45515363662, -18.90327678563, 0, 0
-5.00254272811, 95.14991669878, -22.87599051470, -39.82752121578, 84.45442180562, -18.90406734983, 0, 0
-4.99978086067, 95.14802709295, -22.87597372699, -39.83291874582, 84.45369004304, -18.90485803038, 0, 0
-4.99701920542, 95.14613735459, -22.87595681517, -39.83831627091, 84.45295834883, -18.90564882729, 0, 0
-4.99425776235, 95.14424748375, -22.87593977924, -39.84371379107, 84.45222672298, -18.90643974058, 0, 0
-4.99149653148, 95.14235748042, -22.87592261921, -39.84911130627, 84.45149516546, -18.90723077027, 0, 0
-4.98873551278, 95.14046734463, -22.87590533505, -39.85450881654, 84.45076367624, -18.90802191638, 0, 0
-4.98597470627, 95.13857707640, -22.87588792678, -39.85990632186, 84.45003225529, -18.90881317893, 0, 0
-4.98321411193, 95.13668667574, -22.87587039439, -39.86530382224, 84.44930090259, -18.90960455793, 0, 0
-4.98045372977, 95.13479614268, -22.87585273787, -39.87070131767, 84.44856961811, -18.91039605340, 0, 0
-4.97769355977, 95.13290547722, -22.87583495722, -39.87609880816, 84.44783840182, -18.91118766536, 0, 0
-4.97493360194, 95.13101467940, -22.87581705244, -39.88149629371, 84.44710725370, -18.91197939383, 0, 0
-4.97217385627, 95.12912374922, -22.87579902352, -39.88689377431, 84.44637617371, -18.91277123882, 0, 0
-4.96941432276, 95.12723268671, -22.87578087046, -39.89229124997, 84.44564516184, -18.91356320035, 0, 0
-4.96665500141, 95.12534149187, -22.87576259325, -39.89768872069, 84.44491421805, -18.91435527845, 0, 0
-4.96389589221, 95.12345016474, -22.87574419190, -39.90308618646, 84.44418334232, -18.91514747313, 0, 0
-4.96113699515, 95.12155870532, -22.87572566639, -39.90848364729, 84.44345253462, -18.91593978440, 0, 0
-4.95837831025, 95.11966711364, -22.87570701673, -39.91388110318, 84.44272179492, -18.91673221229, 0, 0
-4.95561983748, 95.11777538972, -22.87568824291, -39.91927855412, 84.44199112320, -18.91752475681, 0, 0
-4.95286157686, 95.11588353356, -22.87566934492, -39.92467600013, 84.44126051943, -18.91831741798, 0, 0
-4.95010352837, 95.11399154520, -22.87565032277, -39.93007344119, 84.44052998358, -18.91911019582, 0, 0
-4.94734569201, 95.11209942464, -22.87563117644, -39.93547087731, 84.43979951563, -18.91990309035, 0, 0
-4.94458806778, 95.11020717190, -22.87561190594, -39.94086830848, 84.43906911554, -18.92069610158, 0, 0
-4.94183065568, 95.10831478701, -22.87559251127, -39.94626573472, 84.43833878330, -18.92148922953, 0, 0
-4.93907345570, 95.10642226998, -22.87557299241, -39.95166315601, 84.43760851887, -18.92228247422, 0, 0
-4.93631646784, 95.10452962083, -22.87555334937, -39.95706057236, 84.43687832222, -18.92307583567, 0, 0
-4.93355969209, 95.10263683958, -22.87553358213, -39.96245798377, 84.43614819334, -18.92386931390, 0, 0
-4.93080312846, 95.10074392624, -22.87551369070, -39.96785539023, 84.43541813219, -18.92466290892, 0, 0
-4.92804677693, 95.09885088083, -22.87549367508, -39.97325279176, 84.43468813874, -18.92545662076, 0, 0
-4.92529063751, 95.09695770337, -22.87547353526, -39.97865018834, 84.43395821298, -18.92625044942, 0, 0
-4.92253471019, 95.09506439388, -22.87545327123, -39.98404757999, 84.43322835486, -18.92704439493, 0, 0
-4.91977899497, 95.09317095238, -22.87543288299, -39.98944496669, 84.43249856437, -18.92783845730, 0, 0
-4.91702349184, 95.09127737888, -22.87541237054, -39.99484234845, 84.43176884148, -18.92863263656, 0, 0
-4.91426820081, 95.08938367340, -22.87539173388, -40.00023972527, 84.43103918616, -18.92942693272, 0, 0
-4.91151312186, 95.08748983596, -22.87537097299, -40.00563709715, 84.43030959838, -18.93022134580, 0, 0
-4.90875825500, 95.08559586658, -22.87535008789, -40.01103446408, 84.42958007812, -18.93101587581, 0, 0
-4.90600360022, 95.08370176527, -22.87532907855, -40.01643182608, 84.42885062535, -18.93181052278, 0, 0
-4.90324915752, 95.08180753206, -22.87530794499, -40.02182918314, 84.42812124004, -18.93260528672, 0, 0
-4.90049492689, 95.07991316695, -22.87528668719, -40.02722653526, 84.42739192217, -18.93340016766, 0, 0
-4.89774090834, 95.07801866998, -22.87526530516, -40.03262388243, 84.42666267170, -18.93419516559, 0, 0
-4.89498710185, 95.07612404115, -22.87524379888, -40.03802122467, 84.42593348862, -18.93499028056, 0, 0
-4.89223350742, 95.07422928049, -22.87522216836, -40.04341856197, 84.42520437289, -18.93578551257, 0, 0
-4.88948012506, 95.07233438801, -22.87520041359, -40.04881589433, 84.42447532448, -18.93658086164, 0, 0
-4.88672695476, 95.07043936373, -22.87517853456, -40.05421322175, 84.42374634338, -18.93737632779, 0, 0
-4.88397399650, 95.06854420767, -22.87515653128, -40.05961054422, 84.42301742955, -18.93817191103, 0, 0
-4.88122125030, 95.06664891985, -22.87513440374, -40.06500786176, 84.42228858296, -18.93896761139, 0, 0
-4.87846871615, 95.06475350028, -22.87511215194, -40.07040517436, 84.42155980360, -18.93976342889, 0, 0
-4.87571639404, 95.06285794898, -22.87508977586, -40.07580248202, 84.42083109142, -18.94055936353, 0, 0
-4.87296428397, 95.06096226597, -22.87506727552, -40.08119978475, 84.42010244641, -18.94135541534, 0, 0
-4.87021238593, 95.05906645127, -22.87504465090, -40.08659708253, 84.41937386854, -18.94215158434, 0, 0
-4.86746069993, 95.05717050489, -22.87502190200, -40.09199437538, 84.41864535778, -18.94294787054, 0, 0
-4.86470922596, 95.05527442686, -22.87499902882, -40.09739166328, 84.41791691410, -18.94374427396, 0, 0
-4.86195796402, 95.05337821719, -22.87497603136, -40.10278894625, 84.41718853748, -18.94454079462, 0, 0
-4.85920691410, 95.05148187590, -22.87495290960, -40.10818622428, 84.41646022789, -18.94533743254, 0, 0
-4.85645607620, 95.04958540300, -22.87492966355, -40.11358349737, 84.41573198529, -18.94613418773, 0, 0
-4.85370545031, 95.04768879852, -22.87490629321, -40.11898076553, 84.41500380968, -18.94693106021, 0, 0
-4.85095503644, 95.04579206248, -22.87488279856, -40.12437802874, 84.41427570101, -18.94772805001, 0, 0
-4.84820483458, 95.04389519488, -22.87485917961, -40.12977528702, 84.41354765926, -18.94852515713, 0, 0
-4.84545484472, 95.04199819575, -22.87483543635, -40.13517254036, 84.41281968441, -18.94932238160, 0, 0
-4.84270506686, 95.04010106511, -22.87481156878, -40.14056978877, 84.41209177642, -18.95011972343, 0, 0
-4.83995550101, 95.03820380297, -22.87478757689, -40.14596703223, 84.41136393528, -18.95091718264, 0, 0
-4.83720614715, 95.03630640936, -22.87476346068, -40.15136427077, 84.41063616094, -18.95171475925, 0, 0
-4.83445700528, 95.03440888428, -22.87473922015, -40.15676150436, 84.40990845339, -18.95251245327, 0, 0
-4.83170807539, 95.03251122777, -22.87471485529, -40.16215873302, 84.40918081260, -18.95331026473, 0, 0
-4.82895935750, 95.03061343983, -22.87469036610, -40.16755595674, 84.40845323854, -18.95410819365, 0, 0
-4.82621085158, 95.02871552048, -22.87466575258, -40.17295317552, 84.40772573119, -18.95490624003, 0, 0
-4.82346255765, 95.02681746974, -22.87464101472, -40.17835038937, 84.40699829051, -18.95570440390, 0, 0
-4.82071447568, 95.02491928764, -22.87461615251, -40.18374759828, 84.40627091648, -18.95650268527, 0, 0
-4.81796660569, 95.02302097418, -22.87459116597, -40.18914480226, 84.40554360907, -18.95730108416, 0, 0
-4.81521894767, 95.02112252939, -22.87456605507, -40.19454200130, 84.40481636826, -18.95809960060, 0, 0
-4.81247150160, 95.01922395328, -22.87454081982, -40.19993919540, 84.40408919402, -18.95889823459, 0, 0
-4.80972426750, 95.01732524587, -22.87451546021, -40.20533638457, 84.40336208632, -18.95969698616, 0, 0
-4.80697724536, 95.01542640717, -22.87448997624, -40.21073356880, 84.40263504513, -18.96049585532, 0, 0
-4.80423043517, 95.01352743722, -22.87446436791, -40.21613074810, 84.40190807043, -18.96129484210, 0, 0
-4.80148383693, 95.01162833602, -22.87443863521, -40.22152792247, 84.40118116220, -18.96209394650, 0, 0
-4.79873745063, 95.00972910359, -22.87441277814, -40.22692509190, 84.40045432039, -18.96289316854, 0, 0
-4.79599127628, 95.00782973996, -22.87438679670, -40.23232225639, 84.39972754499, -18.96369250825, 0, 0
-4.79324531387, 95.00593024513, -22.87436069087, -40.23771941595, 84.39900083597, -18.96449196564, 0, 0
-4.79049956339, 95.00403061913, -22.87433446066, -40.24311657058, 84.39827419330, -18.96529154073, 0, 0
-4.78775402485, 95.00213086197, -22.87430810607, -40.24851372027, 84.39754761695, -18.96609123354, 0, 0
-4.78500869823, 95.00023097367, -22.87428162709, -40.25391086503, 84.39682110691, -18.96689104408, 0, 0
-4.78226358354, 94.99833095426, -22.87425502371, -40.25930800486, 84.39609466313, -18.96769097237, 0, 0
-4.77951868077, 94.99643080374, -22.87422829594, -40.26470513975, 84.39536828560, -18.96849101844, 0, 0
-4.77677398992, 94.99453052213, -22.87420144376, -40.27010226971, 84.39464197428, -18.96929118229, 0, 0
-4.77402951098, 94.99263010946, -22.87417446718, -40.27549939473, 84.39391572915, -18.97009146394, 0, 0
-4.77128524396, 94.99072956574, -22.87414736619, -40.28089651482, 84.39318955018, -18.97089186341, 0, 0
-4.76854118884, 94.98882889099, -22.87412014079, -40.28629362998, 84.39246343735, -18.97169238073, 0, 0
-4.76579734563, 94.98692808523, -22.87409279098, -40.29169074021, 84.39173739063, -18.97249301590, 0, 0
-4.76305371431, 94.98502714847, -22.87406531674, -40.29708784550, 84.39101140998, -18.97329376895, 0, 0
-4.76031029490, 94.98312608074, -22.87403771808, -40.30248494587, 84.39028549539, -18.97409463989, 0, 0
-4.75756708737, 94.98122488204, -22.87400999500, -40.30788204130, 84.38955964683, -18.97489562874, 0, 0
-4.75482409174, 94.97932355241, -22.87398214748, -40.31327913179, 84.38883386426, -18.97569673552, 0, 0
-4.75208130799, 94.97742209185, -22.87395417553, -40.31867621736, 84.38810814767, -18.97649796024, 0, 0
-4.74933873613, 94.97552050038, -22.87392607914, -40.32407329800, 84.38738249702, -18.97729930292, 0, 0
-4.74659637614, 94.97361877803, -22.87389785831, -40.32947037370, 84.38665691229, -18.97810076359, 0, 0
-4.74385422803, 94.97171692480, -22.87386951303, -40.33486744447, 84.38593139345, -18.97890234225, 0, 0
-4.74111229179, 94.96981494073, -22.87384104331, -40.34026451031, 84.38520594047, -18.97970403893, 0, 0
-4.73837056742, 94.96791282582, -22.87381244913, -40.34566157122, 84.38448055333, -18.98050585364, 0, 0
-4.73562905491, 94.96601058009, -22.87378373050, -40.35105862720, 84.38375523200, -18.98130778640, 0, 0
-4.73288775427, 94.96410820357, -22.87375488740, -40.35645567825, 84.38302997645, -18.98210983723, 0, 0
-4.73014666548, 94.96220569626, -22.87372591984, -40.36185272437, 84.38230478665, -18.98291200615, 0, 0
-4.72740578855, 94.96030305819, -22.87369682782, -40.36724976556, 84.38157966259, -18.98371429317, 0, 0
-4.72466512346, 94.95840028938, -22.87366761132, -40.37264680182, 84.38085460422, -18.98451669831, 0, 0
-4.72192467023, 94.95649738984, -22.87363827035, -40.37804383315, 84.38012961152, -18.98531922158, 0, 0
-4.71918442883, 94.95459435959, -22.87360880490, -40.38344085956, 84.37940468448, -18.98612186302, 0, 0
-4.71644439928, 94.95269119865, -22.87357921496, -40.38883788103, 84.37867982305, -18.98692462262, 0, 0
-4.71370458156, 94.95078790703, -22.87354950054, -40.39423489757, 84.37795502721, -18.98772750042, 0, 0
-4.71096497568, 94.94888448476, -22.87351966164, -40.39963190918, 84.37723029694, -18.98853049642, 0, 0
-4.70822558162, 94.94698093186, -22.87348969823, -40.40502891587, 84.37650563221, -18.98933361065, 0, 0
-4.70548639939, 94.94507724833, -22.87345961033, -40.41042591763, 84.37578103298, -18.99013684312, 0, 0
-4.70274742898, 94.94317343420, -22.87342939793, -40.41582291446, 84.37505649924, -18.99094019385, 0, 0
-4.70000867039, 94.94126948949, -22.87339906103, -40.42121990636, 84.37433203096, -18.99174366286, 0, 0
-4.69727012361, 94.93936541421, -22.87336859962, -40.42661689333, 84.37360762810, -18.99254725017, 0, 0
-4.69453178864, 94.93746120838, -22.87333801369, -40.43201387538, 84.37288329065, -18.99335095579, 0, 0
-4.69179366549, 94.93555687202, -22.87330730325, -40.43741085249, 84.37215901857, -18.99415477974, 0, 0
-4.68905575413, 94.93365240515, -22.87327646829, -40.44280782469, 84.37143481184, -18.99495872203, 0, 0
-4.68631805457, 94.93174780779, -22.87324550881, -40.44820479195, 84.37071067043, -18.99576278269, 0, 0
-4.68358056681, 94.92984307995, -22.87321442480, -40.45360175429, 84.36998659431, -18.99656696174, 0, 0
-4.68084329085, 94.92793822165, -22.87318321626, -40.45899871170, 84.36926258346, -18.99737125918, 0, 0
-4.67810622667, 94.92603323291, -22.87315188319, -40.46439566418, 84.36853863785, -18.99817567504, 0, 0
-4.67536937428, 94.92412811374, -22.87312042558, -40.46979261174, 84.36781475745, -18.99898020934, 0, 0
-4.67263273366, 94.92222286417, -22.87308884343, -40.47518955437, 84.36709094223, -18.99978486209, 0, 0
-4.66989630483, 94.92031748421, -22.87305713673, -40.48058649208, 84.36636719217, -19.00058963331, 0, 0
-4.66716008777, 94.91841197389, -22.87302530548, -40.48598342486, 84.36564350724, -19.00139452301, 0, 0
-4.66442408248, 94.91650633321, -22.87299334968, -40.49138035272, 84.36491988741, -19.00219953122, 0, 0
-4.66168828896, 94.91460056220, -22.87296126933, -40.49677727565, 84.36419633266, -19.00300465795, 0, 0
-4.65895270721, 94.91269466087, -22.87292906442, -40.50217419366, 84.36347284296, -19.00380990322, 0, 0
-4.65621733721, 94.91078862924, -22.87289673494, -40.50757110674, 84.36274941828, -19.00461526705, 0, 0
-4.65348217897, 94.90888246734, -22.87286428089, -40.51296801490, 84.36202605860, -19.00542074945, 0, 0
-4.65074723248, 94.90697617517, -22.87283170228, -40.51836491813, 84.36130276388, -19.00622635045, 0, 0
-4.64801249774, 94.90506975275, -22.87279899909, -40.52376181644, 84.36057953410, -19.00703207005, 0, 0
-4.64527797474, 94.90316320011, -22.87276617132, -40.52915870982, 84.35985636923, -19.00783790828, 0, 0
-4.64254366349, 94.90125651727, -22.87273321897, -40.53455559829, 84.35913326925, -19.00864386515, 0, 0
-4.63980956398, 94.89934970423, -22.87270014203, -40.53995248183, 84.35841023413, -19.00944994068, 0, 0
-4.63707567619, 94.89744276102, -22.87266694051, -40.54534936044, 84.35768726384, -19.01025613490, 0, 0
-4.63434200014, 94.89553568765, -22.87263361439, -40.55074623413, 84.35696435835, -19.01106244780, 0, 0
-4.63160853582, 94.89362848414, -22.87260016368, -40.55614310291, 84.35624151764, -19.01186887942, 0, 0
-4.62887528322, 94.89172115052, -22.87256658836, -40.56153996675, 84.35551874168, -19.01267542978, 0, 0
-4.62614224234, 94.88981368680, -22.87253288844, -40.56693682568, 84.35479603044, -19.01348209887, 0, 0
-4.62340941317, 94.88790609299, -22.87249906392, -40.57233367968, 84.35407338390, -19.01428888674, 0, 0
-4.62067679572, 94.88599836911, -22.87246511478, -40.57773052877, 84.35335080202, -19.01509579338, 0, 0
-4.61794438997, 94.88409051519, -22.87243104103, -40.58312737293, 84.35262828479, -19.01590281883, 0, 0
-4.61521219593, 94.88218253124, -22.87239684266, -40.58852421217, 84.35190583216, -19.01670996309, 0, 0
-4.61248021359, 94.88027441728, -22.87236251966, -40.59392104649, 84.35118344413, -19.01751722619, 0, 0
-4.60974844295, 94.87836617332, -22.87232807204, -40.59931787589, 84.35046112065, -19.01832460814, 0, 0
-4.60701688400, 94.87645779938, -22.87229349980, -40.60471470036, 84.34973886171, -19.01913210896, 0, 0
-4.60428553675, 94.87454929549, -22.87225880291, -40.61011151992, 84.34901666727, -19.01993972866, 0, 0
-4.60155440117, 94.87264066166, -22.87222398139, -40.61550833456, 84.34829453731, -19.02074746727, 0, 0
-4.59882347728, 94.87073189790, -22.87218903523, -40.62090514428, 84.34757247180, -19.02155532480, 0, 0
-4.59609276507, 94.86882300424, -22.87215396443, -40.62630194907, 84.34685047071, -19.02236330127, 0, 0
-4.59336226454, 94.86691398069, -22.87211876898, -40.63169874895, 84.34612853402, -19.02317139669, 0, 0
-4.59063197567, 94.86500482728, -22.87208344887, -40.63709554391, 84.34540666170, -19.02397961108, 0, 0
-4.58790189848, 94.86309554401, -22.87204800411, -40.64249233396, 84.34468485372, -19.02478794447, 0, 0
-4.58517203294, 94.86118613091, -22.87201243470, -40.64788911908, 84.34396311005, -19.02559639686, 0, 0
-4.58244237907, 94.85927658799, -22.87197674061, -40.65328589928, 84.34324143067, -19.02640496828, 0, 0
-4.57971293685, 94.85736691528, -22.87194092187, -40.65868267457, 84.34251981555, -19.02721365874, 0, 0
-4.57698370629, 94.85545711278, -22.87190497845, -40.66407944494, 84.34179826467, -19.02802246825, 0, 0
-4.57425468738, 94.85354718053, -22.87186891036, -40.66947621039, 84.34107677798, -19.02883139685, 0, 0
-4.57152588011, 94.85163711853, -22.87183271759, -40.67487297092, 84.34035535548, -19.02964044454, 0, 0
-4.56879728448, 94.84972692680, -22.87179640014, -40.68026972654, 84.33963399713, -19.03044961134, 0, 0
-4.56606890049, 94.84781660537, -22.87175995800, -40.68566647724, 84.33891270290, -19.03125889726, 0, 0
-4.56334072813, 94.84590615424, -22.87172339118, -40.69106322302, 84.33819147277, -19.03206830233, 0, 0
-4.56061276741, 94.84399557344, -22.87168669967, -40.69645996389, 84.33747030671, -19.03287782657, 0, 0
-4.55788501831, 94.84208486299, -22.87164988345, -40.70185669984, 84.33674920469, -19.03368746998, 0, 0
-4.55515748083, 94.84017402290, -22.87161294254, -40.70725343088, 84.33602816668, -19.03449723259, 0, 0
-4.55243015497, 94.83826305320, -22.87157587693, -40.71265015700, 84.33530719267, -19.03530711442, 0, 0
-4.54970304073, 94.83635195389, -22.87153868661, -40.71804687820, 84.33458628261, -19.03611711548, 0, 0
-4.54697613810, 94.83444072500, -22.87150137158, -40.72344359449, 84.33386543649, -19.03692723578, 0, 0
-4.54424944708, 94.83252936654, -22.87146393184, -40.72884030586, 84.33314465427, -19.03773747535, 0, 0
-4.54152296766, 94.83061787854, -22.87142636737, -40.73423701232, 84.33242393593, -19.03854783421, 0, 0
-4.53879669984, 94.82870626100, -22.87138867819, -40.73963371387, 84.33170328144, -19.03935831236, 0, 0
-4.53607064362, 94.82679451396, -22.87135086428, -40.74503041050, 84.33098269078, -19.04016890983, 0, 0
-4.53334479899, 94.82488263742, -22.87131292564, -40.75042710222, 84.33026216391, -19.04097962664, 0, 0
-4.53061916595, 94.82297063140, -22.87127486227, -40.75582378903, 84.32954170082, -19.04179046280, 0, 0
-4.52789374449, 94.82105849593, -22.87123667416, -40.76122047092, 84.32882130146, -19.04260141833, 0, 0
-4.52516853462, 94.81914623102, -22.87119836132, -40.76661714790, 84.32810096583, -19.04341249324, 0, 0
-4.52244353632, 94.81723383668, -22.87115992373, -40.77201381996, 84.32738069388, -19.04422368755, 0, 0
-4.51971874960, 94.81532131294, -22.87112136139, -40.77741048712, 84.32666048559, -19.04503500129, 0, 0
-4.51699417445, 94.81340865982, -22.87108267430, -40.78280714936, 84.32594034093, -19.04584643447, 0, 0
-4.51426981086, 94.81149587732, -22.87104386246, -40.78820380669, 84.32522025989, -19.04665798709, 0, 0
-4.51154565884, 94.80958296548, -22.87100492586, -40.79360045910, 84.32450024242, -19.04746965919, 0, 0
-4.50882171837, 94.80766992430, -22.87096586450, -40.79899710661, 84.32378028850, -19.04828145078, 0, 0
-4.50609798946, 94.80575675380, -22.87092667837, -40.80439374921, 84.32306039811, -19.04909336188, 0, 0
-4.50337447210, 94.80384345401, -22.87088736748, -40.80979038689, 84.32234057121, -19.04990539250, 0, 0
-4.50065116629, 94.80193002494, -22.87084793181, -40.81518701967, 84.32162080779, -19.05071754266, 0, 0
-4.49792807202, 94.80001646661, -22.87080837136, -40.82058364753, 84.32090110780, -19.05152981237, 0, 0
-4.49520518929, 94.79810277904, -22.87076868614, -40.82598027049, 84.32018147124, -19.05234220167, 0, 0
-4.49248251810, 94.79618896224, -22.87072887613, -40.83137688853, 84.31946189806, -19.05315471055, 0, 0
-4.48976005843, 94.79427501623, -22.87068894133, -40.83677350167, 84.31874238824, -19.05396733904, 0, 0
-4.48703781030, 94.79236094103, -22.87064888175, -40.84217010989, 84.31802294176, -19.05478008716, 0, 0
-4.48431577369, 94.79044673666, -22.87060869737, -40.84756671321, 84.31730355858, -19.05559295492, 0, 0
-4.48159394860, 94.78853240313, -22.87056838819, -40.85296331162, 84.31658423869, -19.05640594234, 0, 0
-4.47887233503, 94.78661794047, -22.87052795420, -40.85835990512, 84.31586498204, -19.05721904944, 0, 0
-4.47615093297, 94.78470334869, -22.87048739542, -40.86375649371, 84.31514578862, -19.05803227623, 0, 0
-4.47342974242, 94.78278862781, -22.87044671182, -40.86915307740, 84.31442665840, -19.05884562273, 0, 0
-4.47070876338, 94.78087377785, -22.87040590341, -40.87454965617, 84.31370759135, -19.05965908896, 0, 0
-4.46798799583, 94.77895879882, -22.87036497018, -40.87994623004, 84.31298858744, -19.06047267494, 0, 0
-4.46526743979, 94.77704369074, -22.87032391213, -40.88534279901, 84.31226964664, -19.06128638068, 0, 0
-4.46254709524, 94.77512845364, -22.87028272926, -40.89073936306, 84.31155076894, -19.06210020620, 0, 0
-4.45982696217, 94.77321308752, -22.87024142156, -40.89613592221, 84.31083195430, -19.06291415152, 0, 0
-4.45710704060, 94.77129759241, -22.87019998904, -40.90153247646, 84.31011320269, -19.06372821665, 0, 0
-4.45438733050, 94.76938196833, -22.87015843167, -40.90692902580, 84.30939451409, -19.06454240161, 0, 0
-4.45166783189, 94.76746621529, -22.87011674947, -40.91232557023, 84.30867588846, -19.06535670641, 0, 0
-4.44894854475, 94.76555033330, -22.87007494242, -40.91772210976, 84.30795732579, -19.06617113109, 0, 0
-4.44622946908, 94.76363432240, -22.87003301053, -40.92311864438, 84.30723882605, -19.06698567564, 0, 0
-4.44351060487, 94.76171818259, -22.86999095379, -40.92851517410, 84.30652038920, -19.06780034009, 0, 0
-4.44079195213, 94.75980191390, -22.86994877220, -40.93391169892, 84.30580201522, -19.06861512446, 0, 0
-4.43807351085, 94.75788551633, -22.86990646575, -40.93930821883, 84.30508370409, -19.06943002877, 0, 0
-4.43535528102, 94.75596898992, -22.86986403444, -40.94470473384, 84.30436545577, -19.07024505302, 0, 0
-4.43263726265, 94.75405233467, -22.86982147826, -40.95010124394, 84.30364727024, -19.07106019724, 0, 0
-4.42991945572, 94.75213555061, -22.86977879722, -40.95549774914, 84.30292914747, -19.07187546144, 0, 0
-4.42720186024, 94.75021863776, -22.86973599130, -40.96089424944, 84.30221108743, -19.07269084565, 0, 0
-4.42448447619, 94.74830159612, -22.86969306051, -40.96629074484, 84.30149309010, -19.07350634987, 0, 0
-4.42176730358, 94.74638442572, -22.86965000485, -40.97168723533, 84.30077515546, -19.07432197412, 0, 0
-4.41905034241, 94.74446712658, -22.86960682430, -40.97708372092, 84.30005728346, -19.07513771843, 0, 0
-4.41633359266, 94.74254969871, -22.86956351886, -40.98248020161, 84.29933947409, -19.07595358281, 0, 0
-4.41361705433, 94.74063214214, -22.86952008853, -40.98787667740, 84.29862172731, -19.07676956727, 0, 0
-4.41090072743, 94.73871445688, -22.86947653331, -40.99327314829, 84.29790404311, -19.07758567184, 0, 0
-4.40818461194, 94.73679664294, -22.86943285320, -40.99866961428, 84.29718642145, -19.07840189653, 0, 0
-4.40546870786, 94.73487870035, -22.86938904818, -41.00406607536, 84.29646886230, -19.07921824135, 0, 0
-4.40275301520, 94.73296062913, -22.86934511826, -41.00946253155, 84.29575136564, -19.08003470633, 0, 0
-4.40003753393, 94.73104242928, -22.86930106343, -41.01485898284, 84.29503393145, -19.08085129147, 0, 0
-4.39732226407, 94.72912410084, -22.86925688369, -41.02025542923, 84.29431655968, -19.08166799681, 0, 0
-4.39460720561, 94.72720564381, -22.86921257903, -41.02565187072, 84.29359925033, -19.08248482235, 0, 0
-4.39189235854, 94.72528705822, -22.86916814946, -41.03104830731, 84.29288200335, -19.08330176811, 0, 0
-4.38917772285, 94.72336834408, -22.86912359496, -41.03644473900, 84.29216481873, -19.08411883411, 0, 0
-4.38646329856, 94.72144950142, -22.86907891554, -41.04184116579, 84.29144769643, -19.08493602036, 0, 0
-4.38374908564, 94.71953053024, -22.86903411119, -41.04723758769, 84.29073063642, -19.08575332689, 0, 0
-4.38103508410, 94.71761143057, -22.86898918190, -41.05263400469, 84.29001363869, -19.08657075370, 0, 0
-4.37832129394, 94.71569220242, -22.86894412768, -41.05803041679, 84.28929670320, -19.08738830083, 0, 0
-4.37560771514, 94.71377284582, -22.86889894851, -41.06342682399, 84.28857982992, -19.08820596827, 0, 0
-4.37289434771, 94.71185336078, -22.86885364441, -41.06882322630, 84.28786301884, -19.08902375606, 0, 0
-4.37018119164, 94.70993374731, -22.86880821535, -41.07421962371, 84.28714626991, -19.08984166420, 0, 0
-4.36746824693, 94.70801400544, -22.86876266134, -41.07961601623, 84.28642958312, -19.09065969271, 0, 0
-4.36475551357, 94.70609413519, -22.86871698238, -41.08501240385, 84.28571295843, -19.09147784162, 0, 0
-4.36204299156, 94.70417413657, -22.86867117846, -41.09040878657, 84.28499639582, -19.09229611093, 0, 0
-4.35933068090, 94.70225400959, -22.86862524957, -41.09580516440, 84.28427989526, -19.09311450067, 0, 0
-4.35661858158, 94.70033375429, -22.86857919572, -41.10120153734, 84.28356345673, -19.09393301085, 0, 0
-4.35390669360, 94.69841337067, -22.86853301690, -41.10659790538, 84.28284708020, -19.09475164149, 0, 0
-4.35119501695, 94.69649285875, -22.86848671311, -41.11199426853, 84.28213076563, -19.09557039260, 0, 0
-4.34848355164, 94.69457221856, -22.86844028434, -41.11739062678, 84.28141451301, -19.09638926420, 0, 0
-4.34577229765, 94.69265145010, -22.86839373059, -41.12278698014, 84.28069832230, -19.09720825631, 0, 0
-4.34306125498, 94.69073055340, -22.86834705185, -41.12818332861, 84.27998219347, -19.09802736895, 0, 0
-4.34035042363, 94.68880952848, -22.86830024813, -41.13357967218, 84.27926612651, -19.09884660213, 0, 0
-4.33763980359, 94.68688837535, -22.86825331941, -41.13897601086, 84.27855012138, -19.09966595587, 0, 0
-4.33492939486, 94.68496709402, -22.86820626570, -41.14437234465, 84.27783417806, -19.10048543019, 0, 0
-4.33221919744, 94.68304568453, -22.86815908699, -41.14976867355, 84.27711829652, -19.10130502509, 0, 0
-4.32950921133, 94.68112414689, -22.86811178328, -41.15516499756, 84.27640247672, -19.10212474061, 0, 0
-4.32679943651, 94.67920248110, -22.86806435456, -41.16056131667, 84.27568671865, -19.10294457676, 0, 0
-4.32408987298, 94.67728068720, -22.86801680083, -41.16595763090, 84.27497102228, -19.10376453355, 0, 0
-4.32138052075, 94.67535876520, -22.86796912209, -41.17135394023, 84.27425538757, -19.10458461099, 0, 0
-4.31867137980, 94.67343671512, -22.86792131833, -41.17675024468, 84.27353981451, -19.10540480912, 0, 0
-4.31596245014, 94.67151453697, -22.86787338955, -41.18214654423, 84.27282430306, -19.10622512794, 0, 0
-4.31325373175, 94.66959223078, -22.86782533575, -41.18754283890, 84.27210885320, -19.10704556747, 0, 0
-4.31054522464, 94.66766979656, -22.86777715691, -41.19293912867, 84.27139346490, -19.10786612772, 0, 0
-4.30783692880, 94.66574723432, -22.86772885305, -41.19833541356, 84.27067813813, -19.10868680873, 0, 0
-4.30512884422, 94.66382454410, -22.86768042415, -41.20373169356, 84.26996287286, -19.10950761049, 0, 0
-4.30242097091, 94.66190172590, -22.86763187021, -41.20912796867, 84.26924766907, -19.11032853303, 0, 0
-4.29971330886, 94.65997877974, -22.86758319123, -41.21452423890, 84.26853252674, -19.11114957636, 0, 0
-4.29700585806, 94.65805570564, -22.86753438721, -41.21992050423, 84.26781744582, -19.11197074051, 0, 0
-4.29429861851, 94.65613250362, -22.86748545813, -41.22531676468, 84.26710242630, -19.11279202548, 0, 0
-4.29159159021, 94.65420917370, -22.86743640400, -41.23071302025, 84.26638746815, -19.11361343130, 0, 0
-4.28888477315, 94.65228571589, -22.86738722481, -41.23610927092, 84.26567257134, -19.11443495798, 0, 0
-4.28617816733, 94.65036213021, -22.86733792057, -41.24150551672, 84.26495773585, -19.11525660554, 0, 0
-4.28347177275, 94.64843841669, -22.86728849126, -41.24690175762, 84.26424296164, -19.11607837399, 0, 0
-4.28076558940, 94.64651457533, -22.86723893688, -41.25229799364, 84.26352824868, -19.11690026336, 0, 0
-4.27805961727, 94.64459060615, -22.86718925742, -41.25769422478, 84.26281359696, -19.11772227365, 0, 0
-4.27535385636, 94.64266650918, -22.86713945290, -41.26309045103, 84.26209900645, -19.11854440489, 0, 0
-4.27264830668, 94.64074228444, -22.86708952329, -41.26848667239, 84.26138447711, -19.11936665709, 0, 0
-4.26994296820, 94.63881793193, -22.86703946861, -41.27388288888, 84.26067000892, -19.12018903027, 0, 0
-4.26723784094, 94.63689345167, -22.86698928883, -41.27927910048, 84.25995560185, -19.12101152445, 0, 0
-4.26453292489, 94.63496884370, -22.86693898397, -41.28467530719, 84.25924125588, -19.12183413964, 0, 0
-4.26182822003, 94.63304410801, -22.86688855401, -41.29007150903, 84.25852697097, -19.12265687585, 0, 0
-4.25912372638, 94.63111924464, -22.86683799896, -41.29546770598, 84.25781274711, -19.12347973312, 0, 0
-4.25641944392, 94.62919425359, -22.86678731880, -41.30086389805, 84.25709858425, -19.12430271144, 0, 0
-4.25371537265, 94.62726913490, -22.86673651354, -41.30626008523, 84.25638448239, -19.12512581085, 0, 0
-4.25101151257, 94.62534388856, -22.86668558318, -41.31165626754, 84.25567044148, -19.12594903135, 0, 0
-4.24830786367, 94.62341851461, -22.86663452770, -41.31705244496, 84.25495646150, -19.12677237296, 0, 0
-4.24560442594, 94.62149301306, -22.86658334711, -41.32244861751, 84.25424254242, -19.12759583570, 0, 0
-4.24290119940, 94.61956738392, -22.86653204140, -41.32784478517, 84.25352868422, -19.12841941959, 0, 0
-4.24019818402, 94.61764162722, -22.86648061056, -41.33324094796, 84.25281488687, -19.12924312464, 0, 0
-4.23749537980, 94.61571574298, -22.86642905460, -41.33863710586, 84.25210115034, -19.13006695086, 0, 0
-4.23479278675, 94.61378973120, -22.86637737351, -41.34403325889, 84.25138747460, -19.13089089829, 0, 0
-4.23209040486, 94.61186359192, -22.86632556729, -41.34942940703, 84.25067385963, -19.13171496693, 0, 0
-4.22938823412, 94.60993732514, -22.86627363593, -41.35482555030, 84.24996030540, -19.13253915679, 0, 0
-4.22668627454, 94.60801093089, -22.86622157943, -41.36022168869, 84.24924681188, -19.13336346790, 0, 0
-4.22398452609, 94.60608440918, -22.86616939779, -41.36561782221, 84.24853337904, -19.13418790028, 0, 0
-4.22128298879, 94.60415776003, -22.86611709100, -41.37101395084, 84.24782000686, -19.13501245393, 0, 0
-4.21858166263, 94.60223098346, -22.86606465905, -41.37641007460, 84.24710669531, -19.13583712888, 0, 0
-4.21588054760, 94.60030407949, -22.86601210195, -41.38180619348, 84.24639344436, -19.13666192514, 0, 0
-4.21317964370, 94.59837704813, -22.86595941970, -41.38720230749, 84.24568025399, -19.13748684273, 0, 0
-4.21047895093, 94.59644988940, -22.86590661228, -41.39259841662, 84.24496712416, -19.13831188167, 0, 0
-4.20777846927, 94.59452260332, -22.86585367969, -41.39799452087, 84.24425405485, -19.13913704197, 0, 0
-4.20507819874, 94.59259518991, -22.86580062194, -41.40339062025, 84.24354104604, -19.13996232364, 0, 0
-4.20237813931, 94.59066764919, -22.86574743901, -41.40878671475, 84.24282809769, -19.14078772671, 0, 0
-4.19967829100, 94.58873998117, -22.86569413091, -41.41418280438, 84.24211520978, -19.14161325120, 0, 0
-4.19697865379, 94.58681218587, -22.86564069763, -41.41957888914, 84.24140238228, -19.14243889711, 0, 0
-4.19427922769, 94.58488426331, -22.86558713916, -41.42497496902, 84.24068961516, -19.14326466447, 0, 0
-4.19158001267, 94.58295621351, -22.86553345550, -41.43037104403, 84.23997690840, -19.14409055329, 0, 0
-4.18888100876, 94.58102803648, -22.86547964666, -41.43576711417, 84.23926426197, -19.14491656359, 0, 0
-4.18618221593, 94.57909973224, -22.86542571262, -41.44116317943, 84.23855167583, -19.14574269538, 0, 0
-4.18348363418, 94.57717130082, -22.86537165338, -41.44655923982, 84.23783914997, -19.14656894869, 0, 0
-4.18078526352, 94.57524274222, -22.86531746894, -41.45195529534, 84.23712668436, -19.14739532352, 0, 0
-4.17808710393, 94.57331405647, -22.86526315929, -41.45735134599, 84.23641427896, -19.14822181990, 0, 0
-4.17538915541, 94.57138524359, -22.86520872443, -41.46274739177, 84.23570193376, -19.14904843784, 0, 0
-4.17269141797, 94.56945630359, -22.86515416436, -41.46814343267, 84.23498964872, -19.14987517736, 0, 0
-4.16999389158, 94.56752723648, -22.86509947908, -41.47353946871, 84.23427742382, -19.15070203847, 0, 0
-4.16729657626, 94.56559804230, -22.86504466857, -41.47893549988, 84.23356525902, -19.15152902119, 0, 0
-4.16459947199, 94.56366872105, -22.86498973284, -41.48433152618, 84.23285315431, -19.15235612554, 0, 0
-4.16190257878, 94.56173927275, -22.86493467189, -41.48972754760, 84.23214110965, -19.15318335154, 0, 0
-4.15920589661, 94.55980969743, -22.86487948570, -41.49512356416, 84.23142912502, -19.15401069919, 0, 0
-4.15650942548, 94.55787999509, -22.86482417428, -41.50051957586, 84.23071720038, -19.15483816852, 0, 0
-4.15381316540, 94.55595016577, -22.86476873762, -41.50591558268, 84.23000533572, -19.15566575955, 0, 0
-4.15111711634, 94.55402020946, -22.86471317572, -41.51131158464, 84.22929353101, -19.15649347228, 0, 0
-4.14842127832, 94.55209012620, -22.86465748857, -41.51670758173, 84.22858178621, -19.15732130675, 0, 0
-4.14572565133, 94.55015991600, -22.86460167618, -41.52210357395, 84.22787010130, -19.15814926295, 0, 0
-4.14303023536, 94.54822957888, -22.86454573853, -41.52749956130, 84.22715847625, -19.15897734092, 0, 0
-4.14033503041, 94.54629911486, -22.86448967562, -41.53289554379, 84.22644691104, -19.15980554066, 0, 0
-4.13764003647, 94.54436852395, -22.86443348746, -41.53829152142, 84.22573540564, -19.16063386219, 0, 0
-4.13494525354, 94.54243780617, -22.86437717403, -41.54368749418, 84.22502396001, -19.16146230554, 0, 0
-4.13225068162, 94.54050696154, -22.86432073534, -41.54908346207, 84.22431257414, -19.16229087071, 0, 0
-4.12955632071, 94.53857599008, -22.86426417137, -41.55447942511, 84.22360124799, -19.16311955772, 0, 0
-4.12686217078, 94.53664489181, -22.86420748213, -41.55987538327, 84.22288998154, -19.16394836659, 0, 0
-4.12416823186, 94.53471366674, -22.86415066761, -41.56527133658, 84.22217877477, -19.16477729733, 0, 0
-4.12147450392, 94.53278231489, -22.86409372782, -41.57066728502, 84.22146762763, -19.16560634997, 0, 0
-4.11878098697, 94.53085083627, -22.86403666273, -41.57606322859, 84.22075654011, -19.16643552452, 0, 0
-4.11608768100, 94.52891923092, -22.86397947236, -41.58145916731, 84.22004551218, -19.16726482099, 0, 0
-4.11339458600, 94.52698749884, -22.86392215670, -41.58685510116, 84.21933454381, -19.16809423940, 0, 0
-4.11070170198, 94.52505564006, -22.86386471574, -41.59225103015, 84.21862363497, -19.16892377976, 0, 0
-4.10800902893, 94.52312365458, -22.86380714948, -41.59764695428, 84.21791278564, -19.16975344211, 0, 0
-4.10531656684, 94.52119154243, -22.86374945791, -41.60304287355, 84.21720199579, -19.17058322644, 0, 0
-4.10262431571, 94.51925930363, -22.86369164104, -41.60843878796, 84.21649126538, -19.17141313278, 0, 0
-4.09993227554, 94.51732693820, -22.86363369886, -41.61383469751, 84.21578059440, -19.17224316114, 0, 0
-4.09724044632, 94.51539444614, -22.86357563137, -41.61923060220, 84.21506998282, -19.17307331154, 0, 0
-4.09454882805, 94.51346182749, -22.86351743856, -41.62462650204, 84.21435943061, -19.17390358400, 0, 0
-4.09185742072, 94.51152908225, -22.86345912043, -41.63002239701, 84.21364893774, -19.17473397853, 0, 0
-4.08916622433, 94.50959621045, -22.86340067697, -41.63541828712, 84.21293850418, -19.17556449515, 0, 0
-4.08647523888, 94.50766321210, -22.86334210819, -41.64081417238, 84.21222812990, -19.17639513387, 0, 0
-4.08378446435, 94.50573008722, -22.86328341407, -41.64621005278, 84.21151781489, -19.17722589472, 0, 0
-4.08109390076, 94.50379683584, -22.86322459462, -41.65160592832, 84.21080755911, -19.17805677771, 0, 0
-4.07840354809, 94.50186345796, -22.86316564983, -41.65700179900, 84.21009736253, -19.17888778285, 0, 0
-4.07571340633, 94.49992995360, -22.86310657969, -41.66239766483, 84.20938722513, -19.17971891016, 0, 0
-4.07302347549, 94.49799632279, -22.86304738421, -41.66779352581, 84.20867714688, -19.18055015965, 0, 0
-4.07033375556, 94.49606256553, -22.86298806338, -41.67318938193, 84.20796712775, -19.18138153135, 0, 0
-4.06764424654, 94.49412868186, -22.86292861720, -41.67858523319, 84.20725716771, -19.18221302528, 0, 0
-4.06495494841, 94.49219467178, -22.86286904566, -41.68398107960, 84.20654726674, -19.18304464143, 0, 0
-4.06226586119, 94.49026053532, -22.86280934875, -41.68937692115, 84.20583742481, -19.18387637984, 0, 0
-4.05957698485, 94.48832627249, -22.86274952649, -41.69477275785, 84.20512764190, -19.18470824052, 0, 0
-4.05688831941, 94.48639188330, -22.86268957885, -41.70016858970, 84.20441791796, -19.18554022349, 0, 0
-4.05419986485, 94.48445736779, -22.86262950585, -41.70556441670, 84.20370825299, -19.18637232876, 0, 0
-4.05151162117, 94.48252272596, -22.86256930747, -41.71096023884, 84.20299864694, -19.18720455634, 0, 0
-4.04882358837, 94.48058795783, -22.86250898371, -41.71635605613, 84.20228909980, -19.18803690626, 0, 0
-4.04613576644, 94.47865306343, -22.86244853457, -41.72175186857, 84.20157961153, -19.18886937853, 0, 0
-4.04344815538, 94.47671804276, -22.86238796004, -41.72714767615, 84.20087018210, -19.18970197317, 0, 0
-4.04076075518, 94.47478289585, -22.86232726012, -41.73254347889, 84.20016081150, -19.19053469019, 0, 0
-4.03807356584, 94.47284762272, -22.86226643482, -41.73793927678, 84.19945149969, -19.19136752962, 0, 0
-4.03538658736, 94.47091222338, -22.86220548411, -41.74333506981, 84.19874224665, -19.19220049146, 0, 0
-4.03269981973, 94.46897669785, -22.86214440800, -41.74873085800, 84.19803305234, -19.19303357573, 0, 0
-4.03001326294, 94.46704104614, -22.86208320649, -41.75412664134, 84.19732391674, -19.19386678245, 0, 0
-4.02732691700, 94.46510526829, -22.86202187957, -41.75952241983, 84.19661483982, -19.19470011163, 0, 0
-4.02464078189, 94.46316936429, -22.86196042724, -41.76491819347, 84.19590582156, -19.19553356330, 0, 0
-4.02195485762, 94.46123333418, -22.86189884950, -41.77031396226, 84.19519686193, -19.19636713746, 0, 0
-4.01926914418, 94.45929717797, -22.86183714634, -41.77570972621, 84.19448796090, -19.19720083414, 0, 0
-4.01658364156, 94.45736089568, -22.86177531776, -41.78110548531, 84.19377911844, -19.19803465335, 0, 0
-4.01389834976, 94.45542448732, -22.86171336375, -41.78650123956, 84.19307033452, -19.19886859511, 0, 0
-4.01121326879, 94.45348795291, -22.86165128431, -41.79189698897, 84.19236160912, -19.19970265943, 0, 0
-4.00852839862, 94.45155129248, -22.86158907944, -41.79729273353, 84.19165294222, -19.20053684632, 0, 0
-4.00584373926, 94.44961450603, -22.86152674913, -41.80268847325, 84.19094433377, -19.20137115582, 0, 0
-4.00315929071, 94.44767759359, -22.86146429339, -41.80808420812, 84.19023578376, -19.20220558792, 0, 0
-4.00047505295, 94.44574055518, -22.86140171220, -41.81347993815, 84.18952729216, -19.20304014266, 0, 0
-3.99779102600, 94.44380339081, -22.86133900556, -41.81887566333, 84.18881885894, -19.20387482004, 0, 0
-3.99510720983, 94.44186610050, -22.86127617347, -41.82427138367, 84.18811048407, -19.20470962007, 0, 0
-3.99242360445, 94.43992868426, -22.86121321593, -41.82966709917, 84.18740216753, -19.20554454279, 0, 0
-3.98974020985, 94.43799114212, -22.86115013293, -41.83506280983, 84.18669390928, -19.20637958820, 0, 0
-3.98705702603, 94.43605347410, -22.86108692447, -41.84045851564, 84.18598570931, -19.20721475632, 0, 0
-3.98437405299, 94.43411568021, -22.86102359054, -41.84585421661, 84.18527756758, -19.20805004716, 0, 0
-3.98169129071, 94.43217776046, -22.86096013115, -41.85124991274, 84.18456948406, -19.20888546075, 0, 0
-3.97900873920, 94.43023971489, -22.86089654628, -41.85664560403, 84.18386145873, -19.20972099709, 0, 0
-3.97632639846, 94.42830154350, -22.86083283594, -41.86204129048, 84.18315349156, -19.21055665621, 0, 0
-3.97364426847, 94.42636324631, -22.86076900012, -41.86743697209, 84.18244558253, -19.21139243812, 0, 0
-3.97096234923, 94.42442482334, -22.86070503882, -41.87283264886, 84.18173773160, -19.21222834283, 0, 0
-3.96828064074, 94.42248627462, -22.86064095203, -41.87822832079, 84.18102993874, -19.21306437037, 0, 0
-3.96559914299, 94.42054760014, -22.86057673975, -41.88362398788, 84.18032220394, -19.21390052075, 0, 0
-3.96291785598, 94.41860879995, -22.86051240197, -41.88901965014, 84.17961452716, -19.21473679398, 0, 0
-3.96023677971, 94.41666987404, -22.86044793870, -41.89441530755, 84.17890690838, -19.21557319008, 0, 0
-3.95755591417, 94.41473082245, -22.86038334993, -41.89981096013, 84.17819934757, -19.21640970907, 0, 0
-3.95487525936, 94.41279164518, -22.86031863565, -41.90520660788, 84.17749184469, -19.21724635097, 0, 0
-3.95219481527, 94.41085234226, -22.86025379587, -41.91060225078, 84.17678439973, -19.21808311579, 0, 0
-3.94951458190, 94.40891291370, -22.86018883057, -41.91599788886, 84.17607701265, -19.21892000354, 0, 0
-3.94683455924, 94.40697335952, -22.86012373976, -41.92139352209, 84.17536968344, -19.21975701424, 0, 0
-3.94415474729, 94.40503367975, -22.86005852343, -41.92678915049, 84.17466241205, -19.22059414792, 0, 0
-3.94147514605, 94.40309387439, -22.85999318158, -41.93218477406, 84.17395519846, -19.22143140457, 0, 0
-3.93879575551, 94.40115394346, -22.85992771420, -41.93758039279, 84.17324804265, -19.22226878423, 0, 0
-3.93611657566, 94.39921388699, -22.85986212130, -41.94297600669, 84.17254094459, -19.22310628691, 0, 0
-3.93343760651, 94.39727370499, -22.85979640285, -41.94837161576, 84.17183390425, -19.22394391262, 0, 0
-3.93075884804, 94.39533339747, -22.85973055888, -41.95376721999, 84.17112692161, -19.22478166138, 0, 0
-3.92808030026, 94.39339296447, -22.85966458936, -41.95916281939, 84.17041999662, -19.22561953320, 0, 0
-3.92540196316, 94.39145240598, -22.85959849430, -41.96455841396, 84.16971312928, -19.22645752810, 0, 0
-3.92272383673, 94.38951172204, -22.85953227369, -41.96995400370, 84.16900631955, -19.22729564611, 0, 0
-3.92004592098, 94.38757091266, -22.85946592753, -41.97534958861, 84.16829956739, -19.22813388723, 0, 0
-3.91736821588, 94.38562997786, -22.85939945582, -41.98074516869, 84.16759287280, -19.22897225147, 0, 0
-3.91469072146, 94.38368891765, -22.85933285855, -41.98614074394, 84.16688623573, -19.22981073887, 0, 0
-3.91201343768, 94.38174773206, -22.85926613571, -41.99153631435, 84.16617965616, -19.23064934942, 0, 0
-3.90933636457, 94.37980642109, -22.85919928732, -41.99693187994, 84.16547313407, -19.23148808316, 0, 0
-3.90665950210, 94.37786498478, -22.85913231335, -42.00232744070, 84.16476666942, -19.23232694009, 0, 0
-3.90398285027, 94.37592342313, -22.85906521381, -42.00772299664, 84.16406026219, -19.23316592023, 0, 0
-3.90130640909, 94.37398173617, -22.85899798869, -42.01311854774, 84.16335391235, -19.23400502359, 0, 0
-3.89863017854, 94.37203992391, -22.85893063800, -42.01851409402, 84.16264761987, -19.23484425020, 0, 0
-3.89595415862, 94.37009798637, -22.85886316172, -42.02390963548, 84.16194138473, -19.23568360007, 0, 0
-3.89327834933, 94.36815592357, -22.85879555985, -42.02930517210, 84.16123520689, -19.23652307321, 0, 0
-3.89060275066, 94.36621373552, -22.85872783240, -42.03470070390, 84.16052908634, -19.23736266964, 0, 0
-3.88792736261, 94.36427142225, -22.85865997935, -42.04009623088, 84.15982302304, -19.23820238938, 0, 0
-3.88525218518, 94.36232898377, -22.85859200070, -42.04549175303, 84.15911701696, -19.23904223245, 0, 0
-3.88257721835, 94.36038642010, -22.85852389645, -42.05088727036, 84.15841106808, -19.23988219885, 0, 0
-3.87990246213, 94.35844373125, -22.85845566660, -42.05628278286, 84.15770517637, -19.24072228861, 0, 0
-3.87722791651, 94.35650091725, -22.85838731114, -42.06167829054, 84.15699934181, -19.24156250174, 0, 0
-3.87455358149, 94.35455797812, -22.85831883007, -42.06707379340, 84.15629356436, -19.24240283826, 0, 0
-3.87187945705, 94.35261491387, -22.85825022338, -42.07246929143, 84.15558784399, -19.24324329818, 0, 0
-3.86920554321, 94.35067172451, -22.85818149107, -42.07786478464, 84.15488218069, -19.24408388152, 0, 0
-3.86653183995, 94.34872841007, -22.85811263315, -42.08326027304, 84.15417657442, -19.24492458829, 0, 0
-3.86385834727, 94.34678497057, -22.85804364959, -42.08865575661, 84.15347102515, -19.24576541852, 0, 0
-3.86118506516, 94.34484140601, -22.85797454041, -42.09405123536, 84.15276553286, -19.24660637222, 0, 0
-3.85851199362, 94.34289771643, -22.85790530559, -42.09944670929, 84.15206009752, -19.24744744940, 0, 0
-3.85583913265, 94.34095390184, -22.85783594513, -42.10484217840, 84.15135471911, -19.24828865007, 0, 0
-3.85316648224, 94.33900996225, -22.85776645904, -42.11023764269, 84.15064939758, -19.24912997427, 0, 0
-3.85049404238, 94.33706589768, -22.85769684730, -42.11563310217, 84.14994413293, -19.24997142199, 0, 0
-3.84782181308, 94.33512170816, -22.85762710991, -42.12102855682, 84.14923892511, -19.25081299327, 0, 0
-3.84514979433, 94.33317739369, -22.85755724688, -42.12642400666, 84.14853377411, -19.25165468810, 0, 0
-3.84247798612, 94.33123295431, -22.85748725818, -42.13181945168, 84.14782867989, -19.25249650652, 0, 0
-3.83980638845, 94.32928839002, -22.85741714383, -42.13721489189, 84.14712364243, -19.25333844853, 0, 0
-3.83713500131, 94.32734370084, -22.85734690382, -42.14261032728, 84.14641866170, -19.25418051415, 0, 0
-3.83446382470, 94.32539888679, -22.85727653815, -42.14800575785, 84.14571373767, -19.25502270341, 0, 0
-3.83179285862, 94.32345394789, -22.85720604680, -42.15340118361, 84.14500887031, -19.25586501630, 0, 0
-3.82912210307, 94.32150888415, -22.85713542978, -42.15879660456, 84.14430405960, -19.25670745285, 0, 0
-3.82645155802, 94.31956369560, -22.85706468709, -42.16419202069, 84.14359930551, -19.25755001308, 0, 0
-3.82378122349, 94.31761838225, -22.85699381871, -42.16958743200, 84.14289460802, -19.25839269701, 0, 0
-3.82111109947, 94.31567294412, -22.85692282466, -42.17498283851, 84.14218996708, -19.25923550464, 0, 0
-3.81844118596, 94.31372738123, -22.85685170491, -42.18037824020, 84.14148538269, -19.26007843599, 0, 0
-3.81577148294, 94.31178169359, -22.85678045948, -42.18577363708, 84.14078085480, -19.26092149108, 0, 0
-3.81310199042, 94.30983588123, -22.85670908835, -42.19116902914, 84.14007638339, -19.26176466993, 0, 0
-3.81043270838, 94.30788994416, -22.85663759152, -42.19656441640, 84.13937196844, -19.26260797254, 0, 0
-3.80776363684, 94.30594388240, -22.85656596900, -42.20195979885, 84.13866760991, -19.26345139895, 0, 0
-3.80509477577, 94.30399769596, -22.85649422077, -42.20735517648, 84.13796330779, -19.26429494916, 0, 0
-3.80242612519, 94.30205138487, -22.85642234683, -42.21275054931, 84.13725906203, -19.26513862319, 0, 0
-3.79975768507, 94.30010494914, -22.85635034718, -42.21814591733, 84.13655487262, -19.26598242105, 0, 0
-3.79708945542, 94.29815838879, -22.85627822181, -42.22354128054, 84.13585073952, -19.26682634276, 0, 0
-3.79442143624, 94.29621170384, -22.85620597073, -42.22893663894, 84.13514666272, -19.26767038834, 0, 0
-3.79175362752, 94.29426489431, -22.85613359392, -42.23433199253, 84.13444264217, -19.26851455780, 0, 0
-3.78908602925, 94.29231796020, -22.85606109139, -42.23972734131, 84.13373867786, -19.26935885117, 0, 0
-3.78641864143, 94.29037090155, -22.85598846312, -42.24512268529, 84.13303476975, -19.27020326844, 0, 0
-3.78375146406, 94.28842371837, -22.85591570913, -42.25051802447, 84.13233091782, -19.27104780965, 0, 0
-3.78108449713, 94.28647641068, -22.85584282940, -42.25591335884, 84.13162712204, -19.27189247480, 0, 0
-3.77841774063, 94.28452897849, -22.85576982392, -42.26130868840, 84.13092338239, -19.27273726392, 0, 0
-3.77575119457, 94.28258142183, -22.85569669271, -42.26670401316, 84.13021969883, -19.27358217701, 0, 0
-3.77308485894, 94.28063374070, -22.85562343575, -42.27209933311, 84.12951607134, -19.27442721410, 0, 0
-3.77041873372, 94.27868593513, -22.85555005303, -42.27749464826, 84.12881249988, -19.27527237519, 0, 0
-3.76775281893, 94.27673800514, -22.85547654456, -42.28288995861, 84.12810898445, -19.27611766032, 0, 0
-3.76508711456, 94.27478995075, -22.85540291034, -42.28828526415, 84.12740552499, -19.27696306948, 0, 0
-3.76242162059, 94.27284177196, -22.85532915035, -42.29368056490, 84.12670212150, -19.27780860270, 0, 0
-3.75975633703, 94.27089346881, -22.85525526459, -42.29907586084, 84.12599877393, -19.27865425999, 0, 0
-3.75709126387, 94.26894504130, -22.85518125307, -42.30447115198, 84.12529548227, -19.27950004138, 0, 0
-3.75442640111, 94.26699648946, -22.85510711578, -42.30986643832, 84.12459224648, -19.28034594687, 0, 0
-3.75176174873, 94.26504781330, -22.85503285271, -42.31526171986, 84.12388906654, -19.28119197648, 0, 0
-3.74909730675, 94.26309901285, -22.85495846386, -42.32065699660, 84.12318594242, -19.28203813022, 0, 0
-3.74643307515, 94.26115008811, -22.85488394923, -42.32605226854, 84.12248287409, -19.28288440812, 0, 0
-3.74376905393, 94.25920103911, -22.85480930881, -42.33144753568, 84.12177986153, -19.28373081019, 0, 0
-3.74110524308, 94.25725186586, -22.85473454260, -42.33684279803, 84.12107690470, -19.28457733644, 0, 0
-3.73844164260, 94.25530256839, -22.85465965060, -42.34223805558, 84.12037400358, -19.28542398689, 0, 0
-3.73577825249, 94.25335314670, -22.85458463280, -42.34763330833, 84.11967115815, -19.28627076156, 0, 0
-3.73311507274, 94.25140360083, -22.85450948920, -42.35302855628, 84.11896836837, -19.28711766046, 0, 0
-3.73045210334, 94.24945393078, -22.85443421980, -42.35842379944, 84.11826563421, -19.28796468360, 0, 0
-3.72778934430, 94.24750413657, -22.85435882458, -42.36381903780, 84.11756295566, -19.28881183101, 0, 0
-3.72512679560, 94.24555421823, -22.85428330356, -42.36921427137, 84.11686033267, -19.28965910270, 0, 0
-3.72246445724, 94.24360417576, -22.85420765672, -42.37460950015, 84.11615776523, -19.29050649868, 0, 0
-3.71980232922, 94.24165400919, -22.85413188407, -42.38000472413, 84.11545525331, -19.29135401897, 0, 0
-3.71714041154, 94.23970371854, -22.85405598559, -42.38539994331, 84.11475279687, -19.29220166359, 0, 0
-3.71447870419, 94.23775330382, -22.85397996128, -42.39079515771, 84.11405039590, -19.29304943255, 0, 0
-3.71181720716, 94.23580276505, -22.85390381115, -42.39619036731, 84.11334805035, -19.29389732587, 0, 0
-3.70915592045, 94.23385210225, -22.85382753519, -42.40158557212, 84.11264576022, -19.29474534357, 0, 0
-3.70649484405, 94.23190131543, -22.85375113338, -42.40698077214, 84.11194352546, -19.29559348565, 0, 0
-3.70383397797, 94.22995040462, -22.85367460574, -42.41237596737, 84.11124134605, -19.29644175214, 0, 0
-3.70117332219, 94.22799936983, -22.85359795226, -42.41777115781, 84.11053922197, -19.29729014304, 0, 0
-3.69851287671, 94.22604821108, -22.85352117293, -42.42316634346, 84.10983715318, -19.29813865839, 0, 0
-3.69585264153, 94.22409692839, -22.85344426774, -42.42856152432, 84.10913513966, -19.29898729819, 0, 0
-3.69319261664, 94.22214552177, -22.85336723671, -42.43395670039, 84.10843318138, -19.29983606245, 0, 0
-3.69053280205, 94.22019399125, -22.85329007981, -42.43935187167, 84.10773127831, -19.30068495120, 0, 0
-3.68787319773, 94.21824233684, -22.85321279706, -42.44474703817, 84.10702943043, -19.30153396445, 0, 0
-3.68521380370, 94.21629055856, -22.85313538844, -42.45014219988, 84.10632763770, -19.30238310222, 0, 0
-3.68255461993, 94.21433865642, -22.85305785395, -42.45553735680, 84.10562590011, -19.30323236451, 0, 0
-3.67989564644, 94.21238663045, -22.85298019359, -42.46093250894, 84.10492421761, -19.30408175136, 0, 0
-3.67723688322, 94.21043448066, -22.85290240736, -42.46632765629, 84.10422259019, -19.30493126276, 0, 0
-3.67457833025, 94.20848220707, -22.85282449525, -42.47172279886, 84.10352101782, -19.30578089874, 0, 0
-3.67191998754, 94.20652980970, -22.85274645725, -42.47711793664, 84.10281950047, -19.30663065932, 0, 0
-3.66926185508, 94.20457728856, -22.85266829337, -42.48251306964, 84.10211803811, -19.30748054451, 0, 0
-3.66660393287, 94.20262464368, -22.85259000360, -42.48790819786, 84.10141663071, -19.30833055432, 0, 0
-3.66394622090, 94.20067187507, -22.85251158794, -42.49330332129, 84.10071527825, -19.30918068877, 0, 0
-3.66128871917, 94.19871898274, -22.85243304638, -42.49869843994, 84.10001398069, -19.31003094788, 0, 0
-3.65863142768, 94.19676596673, -22.85235437892, -42.50409355381, 84.09931273802, -19.31088133167, 0, 0
-3.65597434641, 94.19481282704, -22.85227558555, -42.50948866290, 84.09861155020, -19.31173184014, 0, 0
-3.65331747536, 94.19285956369, -22.85219666628, -42.51488376721, 84.09791041721, -19.31258247331, 0, 0
-3.65066081454, 94.19090617671, -22.85211762110, -42.52027886674, 84.09720933902, -19.31343323120, 0, 0
-3.64800436393, 94.18895266610, -22.85203845000, -42.52567396149, 84.09650831559, -19.31428411383, 0, 0
-3.64534812353, 94.18699903188, -22.85195915299, -42.53106905146, 84.09580734691, -19.31513512121, 0, 0
-3.64269209334, 94.18504527409, -22.85187973005, -42.53646413665, 84.09510643295, -19.31598625336, 0, 0
-3.64003627334, 94.18309139272, -22.85180018119, -42.54185921706, 84.09440557367, -19.31683751029, 0, 0
-3.63738066355, 94.18113738780, -22.85172050641, -42.54725429270, 84.09370476905, -19.31768889201, 0, 0
-3.63472526394, 94.17918325935, -22.85164070569, -42.55264936356, 84.09300401907, -19.31854039855, 0, 0
-3.63207007453, 94.17722900739, -22.85156077903, -42.55804442965, 84.09230332369, -19.31939202992, 0, 0
-3.62941509530, 94.17527463193, -22.85148072643, -42.56343949095, 84.09160268289, -19.32024378613, 0, 0
-3.62676032624, 94.17332013299, -22.85140054790, -42.56883454749, 84.09090209663, -19.32109566720, 0, 0
-3.62410576736, 94.17136551058, -22.85132024341, -42.57422959925, 84.09020156490, -19.32194767315, 0, 0
-3.62145141865, 94.16941076474, -22.85123981298, -42.57962464623, 84.08950108766, -19.32279980399, 0, 0
-3.61879728010, 94.16745589547, -22.85115925659, -42.58501968844, 84.08880066489, -19.32365205974, 0, 0
-3.61614335171, 94.16550090279, -22.85107857425, -42.59041472588, 84.08810029656, -19.32450444041, 0, 0
-3.61348963348, 94.16354578672, -22.85099776595, -42.59580975855, 84.08739998264, -19.32535694602, 0, 0
-3.61083612539, 94.16159054728, -22.85091683168, -42.60120478645, 84.08669972310, -19.32620957658, 0, 0
-3.60818282746, 94.15963518448, -22.85083577144, -42.60659980957, 84.08599951792, -19.32706233211, 0, 0
-3.60552973966, 94.15767969835, -22.85075458524, -42.61199482792, 84.08529936707, -19.32791521263, 0, 0
-3.60287686200, 94.15572408890, -22.85067327306, -42.61738984151, 84.08459927052, -19.32876821815, 0, 0
-3.60022419448, 94.15376835614, -22.85059183490, -42.62278485032, 84.08389922824, -19.32962134868, 0, 0
-3.59757173708, 94.15181250011, -22.85051027076, -42.62817985436, 84.08319924020, -19.33047460425, 0, 0
-3.59491948980, 94.14985652081, -22.85042858064, -42.63357485364, 84.08249930639, -19.33132798486, 0, 0
-3.59226745264, 94.14790041826, -22.85034676452, -42.63896984815, 84.08179942676, -19.33218149054, 0, 0
-3.58961562560, 94.14594419248, -22.85026482242, -42.64436483789, 84.08109960130, -19.33303512129, 0, 0
-3.58696400866, 94.14398784349, -22.85018275432, -42.64975982287, 84.08039982997, -19.33388887714, 0, 0
-3.58431260183, 94.14203137130, -22.85010056022, -42.65515480307, 84.07970011275, -19.33474275810, 0, 0
-3.58166140510, 94.14007477594, -22.85001824011, -42.66054977852, 84.07900044961, -19.33559676418, 0, 0
-3.57901041846, 94.13811805742, -22.84993579400, -42.66594474919, 84.07830084052, -19.33645089541, 0, 0
-3.57635964191, 94.13616121576, -22.84985322188, -42.67133971511, 84.07760128545, -19.33730515179, 0, 0
-3.57370907545, 94.13420425098, -22.84977052375, -42.67673467626, 84.07690178438, -19.33815953334, 0, 0
-3.57105871907, 94.13224716309, -22.84968769960, -42.68212963264, 84.07620233728, -19.33901404008, 0, 0
-3.56840857276, 94.13028995211, -22.84960474943, -42.68752458427, 84.07550294412, -19.33986867203, 0, 0
-3.56575863653, 94.12833261807, -22.84952167324, -42.69291953113, 84.07480360487, -19.34072342919, 0, 0
-3.56310891037, 94.12637516097, -22.84943847102, -42.69831447323, 84.07410431951, -19.34157831158, 0, 0
-3.56045939426, 94.12441758084, -22.84935514277, -42.70370941057, 84.07340508801, -19.34243331923, 0, 0
-3.55781008822, 94.12245987769, -22.84927168848, -42.70910434315, 84.07270591034, -19.34328845214, 0, 0
-3.55516099222, 94.12050205155, -22.84918810815, -42.71449927096, 84.07200678647, -19.34414371033, 0, 0
-3.55251210628, 94.11854410242, -22.84910440179, -42.71989419402, 84.07130771637, -19.34499909382, 0, 0
-3.54986343038, 94.11658603034, -22.84902056938, -42.72528911232, 84.07060870003, -19.34585460261, 0, 0
-3.54721496452, 94.11462783530, -22.84893661092, -42.73068402586, 84.06990973740, -19.34671023674, 0, 0
-3.54456670869, 94.11266951734, -22.84885252640, -42.73607893465, 84.06921082847, -19.34756599621, 0, 0
-3.54191866289, 94.11071107647, -22.84876831584, -42.74147383867, 84.06851197319, -19.34842188103, 0, 0
-3.53927082712, 94.10875251271, -22.84868397921, -42.74686873795, 84.06781317156, -19.34927789123, 0, 0
-3.53662320137, 94.10679382608, -22.84859951652, -42.75226363246, 84.06711442354, -19.35013402682, 0, 0
-3.53397578563, 94.10483501659, -22.84851492776, -42.75765852222, 84.06641572909, -19.35099028781, 0, 0
-3.53132857990, 94.10287608426, -22.84843021293, -42.76305340722, 84.06571708820, -19.35184667423, 0, 0
-3.52868158418, 94.10091702911, -22.84834537203, -42.76844828747, 84.06501850084, -19.35270318608, 0, 0
-3.52603479847, 94.09895785116, -22.84826040506, -42.77384316297, 84.06431996697, -19.35355982337, 0, 0
-3.52338822274, 94.09699855042, -22.84817531200, -42.77923803371, 84.06362148658, -19.35441658614, 0, 0
-3.52074185701, 94.09503912692, -22.84809009286, -42.78463289970, 84.06292305963, -19.35527347439, 0, 0
-3.51809570127, 94.09307958067, -22.84800474763, -42.79002776094, 84.06222468609, -19.35613048813, 0, 0
-3.51544975551, 94.09111991169, -22.84791927631, -42.79542261743, 84.06152636594, -19.35698762739, 0, 0
-3.51280401973, 94.08916011999, -22.84783367890, -42.80081746917, 84.06082809915, -19.35784489217, 0, 0
-3.51015849392, 94.08720020560, -22.84774795538, -42.80621231616, 84.06012988570, -19.35870228250, 0, 0
-3.50751317808, 94.08524016853, -22.84766210577, -42.81160715839, 84.05943172555, -19.35955979839, 0, 0
-3.50486807221, 94.08328000880, -22.84757613005, -42.81700199588, 84.05873361867, -19.36041743985, 0, 0
-3.50222317629, 94.08131972643, -22.84749002822, -42.82239682862, 84.05803556504, -19.36127520690, 0, 0
-3.49957849033, 94.07935932144, -22.84740380028, -42.82779165661, 84.05733756464, -19.36213309956, 0, 0
-3.49693401431, 94.07739879383, -22.84731744623, -42.83318647986, 84.05663961743, -19.36299111783, 0, 0
-3.49428974825, 94.07543814364, -22.84723096605, -42.83858129836, 84.05594172338, -19.36384926175, 0, 0
-3.49164569212, 94.07347737088, -22.84714435976, -42.84397611211, 84.05524388248, -19.36470753131, 0, 0
-3.48900184593, 94.07151647556, -22.84705762733, -42.84937092112, 84.05454609468, -19.36556592654, 0, 0
-3.48635820967, 94.06955545771, -22.84697076878, -42.85476572538, 84.05384835997, -19.36642444746, 0, 0
-3.48371478333, 94.06759431735, -22.84688378409, -42.86016052489, 84.05315067831, -19.36728309407, 0, 0
-3.48107156692, 94.06563305448, -22.84679667327, -42.86555531967, 84.05245304968, -19.36814186639, 0, 0
-3.47842856042, 94.06367166913, -22.84670943630, -42.87095010970, 84.05175547405, -19.36900076444, 0, 0
-3.47578576384, 94.06171016132, -22.84662207320, -42.87634489499, 84.05105795139, -19.36985978824, 0, 0
-3.47314317716, 94.05974853105, -22.84653458394, -42.88173967553, 84.05036048167, -19.37071893779, 0, 0
-3.47050080038, 94.05778677837, -22.84644696853, -42.88713445134, 84.04966306488, -19.37157821312, 0, 0
-3.46785863351, 94.05582490327, -22.84635922697, -42.89252922240, 84.04896570097, -19.37243761424, 0, 0
-3.46521667652, 94.05386290577, -22.84627135925, -42.89792398873, 84.04826838992, -19.37329714116, 0, 0
-3.46257492942, 94.05190078591, -22.84618336537, -42.90331875031, 84.04757113171, -19.37415679391, 0, 0
-3.45993339221, 94.04993854368, -22.84609524533, -42.90871350715, 84.04687392630, -19.37501657249, 0, 0
-3.45729206488, 94.04797617912, -22.84600699911, -42.91410825926, 84.04617677367, -19.37587647692, 0, 0
-3.45465094741, 94.04601369223, -22.84591862673, -42.91950300663, 84.04547967379, -19.37673650722, 0, 0
-3.45201003982, 94.04405108304, -22.84583012817, -42.92489774926, 84.04478262663, -19.37759666340, 0, 0
-3.44936934210, 94.04208835156, -22.84574150343, -42.93029248716, 84.04408563217, -19.37845694548, 0, 0
-3.44672885423, 94.04012549782, -22.84565275250, -42.93568722032, 84.04338869038, -19.37931735347, 0, 0
-3.44408857621, 94.03816252182, -22.84556387539, -42.94108194874, 84.04269180122, -19.38017788738, 0, 0
-3.44144850805, 94.03619942360, -22.84547487209, -42.94647667243, 84.04199496468, -19.38103854724, 0, 0
-3.43880864973, 94.03423620315, -22.84538574260, -42.95187139138, 84.04129818072, -19.38189933306, 0, 0
-3.43616900126, 94.03227286051, -22.84529648691, -42.95726610560, 84.04060144932, -19.38276024486, 0, 0
-3.43352956262, 94.03030939569, -22.84520710502, -42.96266081509, 84.03990477044, -19.38362128264, 0, 0
-3.43089033381, 94.02834580871, -22.84511759693, -42.96805551985, 84.03920814407, -19.38448244642, 0, 0
-3.42825131482, 94.02638209958, -22.84502796263, -42.97345021987, 84.03851157017, -19.38534373623, 0, 0
-3.42561250566, 94.02441826833, -22.84493820212, -42.97884491516, 84.03781504872, -19.38620515207, 0, 0
-3.42297390631, 94.02245431497, -22.84484831540, -42.98423960573, 84.03711857968, -19.38706669396, 0, 0
-3.42033551678, 94.02049023952, -22.84475830245, -42.98963429156, 84.03642216303, -19.38792836192, 0, 0
-3.41769733705, 94.01852604200, -22.84466816329, -42.99502897266, 84.03572579875, -19.38879015596, 0, 0
-3.41505936713, 94.01656172242, -22.84457789790, -43.00042364903, 84.03502948680, -19.38965207609, 0, 0
-3.41242160700, 94.01459728081, -22.84448750628, -43.00581832068, 84.03433322716, -19.39051412233, 0, 0
-3.40978405667, 94.01263271718, -22.84439698843, -43.01121298760, 84.03363701979, -19.39137629470, 0, 0
-3.40714671612, 94.01066803154, -22.84430634435, -43.01660764979, 84.03294086468, -19.39223859322, 0, 0
-3.40450958536, 94.00870322392, -22.84421557403, -43.02200230725, 84.03224476179, -19.39310101789, 0, 0
-3.40187266437, 94.00673829434, -22.84412467746, -43.02739695999, 84.03154871110, -19.39396356873, 0, 0
-3.39923595316, 94.00477324281, -22.84403365465, -43.03279160801, 84.03085271258, -19.39482624576, 0, 0
-3.39659945171, 94.00280806934, -22.84394250559, -43.03818625130, 84.03015676619, -19.39568904899, 0, 0
-3.39396316004, 94.00084277397, -22.84385123027, -43.04358088986, 84.02946087192, -19.39655197844, 0, 0
-3.39132707812, 93.99887735670, -22.84375982870, -43.04897552370, 84.02876502973, -19.39741503413, 0, 0
-3.38869120595, 93.99691181755, -22.84366830087, -43.05437015282, 84.02806923960, -19.39827821606, 0, 0
-3.38605554353, 93.99494615654, -22.84357664678, -43.05976477722, 84.02737350150, -19.39914152426, 0, 0
-3.38342009086, 93.99298037370, -22.84348486642, -43.06515939690, 84.02667781541, -19.40000495873, 0, 0
-3.38078484793, 93.99101446902, -22.84339295979, -43.07055401185, 84.02598218128, -19.40086851950, 0, 0
-3.37814981473, 93.98904844255, -22.84330092688, -43.07594862209, 84.02528659910, -19.40173220658, 0, 0
-3.37551499127, 93.98708229428, -22.84320876770, -43.08134322760, 84.02459106884, -19.40259601998, 0, 0
-3.37288037752, 93.98511602425, -22.84311648224, -43.08673782840, 84.02389559048, -19.40345995973, 0, 0
-3.37024597350, 93.98314963246, -22.84302407049, -43.09213242448, 84.02320016397, -19.40432402583, 0, 0
-3.36761177920, 93.98118311894, -22.84293153245, -43.09752701584, 84.02250478930, -19.40518821829, 0, 0
-3.36497779460, 93.97921648370, -22.84283886812, -43.10292160248, 84.02180946644, -19.40605253715, 0, 0
-3.36234401971, 93.97724972676, -22.84274607750, -43.10831618441, 84.02111419535, -19.40691698240, 0, 0
-3.35971045453, 93.97528284814, -22.84265316058, -43.11371076162, 84.02041897602, -19.40778155407, 0, 0
-3.35707709904, 93.97331584786, -22.84256011736, -43.11910533411, 84.01972380841, -19.40864625217, 0, 0
-3.35444395324, 93.97134872593, -22.84246694783, -43.12449990189, 84.01902869250, -19.40951107672, 0, 0
-3.35181101712, 93.96938148237, -22.84237365199, -43.12989446496, 84.01833362826, -19.41037602773, 0, 0
-3.34917829069, 93.96741411721, -22.84228022984, -43.13528902331, 84.01763861566, -19.41124110521, 0, 0
-3.34654577394, 93.96544663045, -22.84218668137, -43.14068357695, 84.01694365467, -19.41210630919, 0, 0
-3.34391346686, 93.96347902212, -22.84209300659, -43.14607812588, 84.01624874527, -19.41297163967, 0, 0
-3.34128136944, 93.96151129223, -22.84199920548, -43.15147267010, 84.01555388742, -19.41383709668, 0, 0
-3.33864948169, 93.95954344080, -22.84190527804, -43.15686720960, 84.01485908110, -19.41470268022, 0, 0
-3.33601780360, 93.95757546785, -22.84181122428, -43.16226174440, 84.01416432629, -19.41556839031, 0, 0
-3.33338633515, 93.95560737339, -22.84171704418, -43.16765627448, 84.01346962295, -19.41643422697, 0, 0
-3.33075507636, 93.95363915745, -22.84162273774, -43.17305079986, 84.01277497106, -19.41730019022, 0, 0
-3.32812402721, 93.95167082005, -22.84152830496, -43.17844532053, 84.01208037058, -19.41816628006, 0, 0
-3.32549318769, 93.94970236119, -22.84143374584, -43.18383983649, 84.01138582150, -19.41903249651, 0, 0
-3.32286255781, 93.94773378090, -22.84133906037, -43.18923434774, 84.01069132378, -19.41989883959, 0, 0
-3.32023213756, 93.94576507920, -22.84124424855, -43.19462885429, 84.00999687740, -19.42076530931, 0, 0
-3.31760192693, 93.94379625610, -22.84114931038, -43.20002335613, 84.00930248232, -19.42163190570, 0, 0
-3.31497192592, 93.94182731162, -22.84105424585, -43.20541785327, 84.00860813852, -19.42249862875, 0, 0
-3.31234213453, 93.93985824578, -22.84095905495, -43.21081234570, 84.00791384598, -19.42336547849, 0, 0
-3.30971255274, 93.93788905859, -22.84086373769, -43.21620683343, 84.00721960466, -19.42423245494, 0, 0
-3.30708318056, 93.93591975008, -22.84076829406, -43.22160131645, 84.00652541454, -19.42509955810, 0, 0
-3.30445401797, 93.93395032027, -22.84067272406, -43.22699579477, 84.00583127558, -19.42596678800, 0, 0
-3.30182506498, 93.93198076916, -22.84057702769, -43.23239026839, 84.00513718777, -19.42683414465, 0, 0
-3.29919632158, 93.93001109678, -22.84048120493, -43.23778473731, 84.00444315107, -19.42770162806, 0, 0
-3.29656778777, 93.92804130314, -22.84038525580, -43.24317920153, 84.00374916545, -19.42856923825, 0, 0
-3.29393946353, 93.92607138827, -22.84028918027, -43.24857366104, 84.00305523090, -19.42943697523, 0, 0
-3.29131134887, 93.92410135218, -22.84019297836, -43.25396811586, 84.00236134737, -19.43030483902, 0, 0
-3.28868344377, 93.92213119489, -22.84009665005, -43.25936256598, 84.00166751484, -19.43117282964, 0, 0
-3.28605574825, 93.92016091642, -22.84000019535, -43.26475701140, 84.00097373329, -19.43204094709, 0, 0
-3.28342826228, 93.91819051678, -22.83990361425, -43.27015145212, 84.00028000269, -19.43290919140, 0, 0
-3.28080098586, 93.91621999599, -22.83980690674, -43.27554588815, 83.99958632300, -19.43377756257, 0, 0
-3.27817391900, 93.91424935408, -22.83971007283, -43.28094031948, 83.99889269421, -19.43464606063, 0, 0
-3.27554706168, 93.91227859105, -22.83961311250, -43.28633474611, 83.99819911627, -19.43551468559, 0, 0
-3.27292041391, 93.91030770692, -22.83951602576, -43.29172916805, 83.99750558918, -19.43638343747, 0, 0
-3.27029397566, 93.90833670172, -22.83941881261, -43.29712358529, 83.99681211289, -19.43725231627, 0, 0
-3.26766774695, 93.90636557546, -22.83932147303, -43.30251799784, 83.99611868738, -19.43812132202, 0, 0
-3.26504172777, 93.90439432816, -22.83922400703, -43.30791240570, 83.99542531262, -19.43899045472, 0, 0
-3.26241591810, 93.90242295984, -22.83912641460, -43.31330680886, 83.99473198859, -19.43985971441, 0, 0
-3.25979031795, 93.90045147051, -22.83902869574, -43.31870120734, 83.99403871525, -19.44072910107, 0, 0
-3.25716492731, 93.89847986019, -22.83893085044, -43.32409560112, 83.99334549259, -19.44159861475, 0, 0
-3.25453974618, 93.89650812890, -22.83883287870, -43.32948999021, 83.99265232056, -19.44246825544, 0, 0
-3.25191477455, 93.89453627666, -22.83873478053, -43.33488437461, 83.99195919915, -19.44333802317, 0, 0
-3.24929001241, 93.89256430349, -22.83863655590, -43.34027875432, 83.99126612832, -19.44420791794, 0, 0
-3.24666545976, 93.89059220940, -22.83853820483, -43.34567312935, 83.99057310804, -19.44507793979, 0, 0
-3.24404111660, 93.88861999441, -22.83843972731, -43.35106749968, 83.98988013830, -19.44594808870, 0, 0
-3.24141698293, 93.88664765854, -22.83834112333, -43.35646186533, 83.98918721906, -19.44681836472, 0, 0
-3.23879305872, 93.88467520180, -22.83824239289, -43.36185622629, 83.98849435030, -19.44768876784, 0, 0
-3.23616934399, 93.88270262422, -22.83814353599, -43.36725058257, 83.98780153198, -19.44855929809, 0, 0
-3.23354583873, 93.88072992582, -22.83804455262, -43.37264493416, 83.98710876407, -19.44942995547, 0, 0
-3.23092254293, 93.87875710660, -22.83794544278, -43.37803928107, 83.98641604656, -19.45030074001, 0, 0
-3.22829945658, 93.87678416659, -22.83784620646, -43.38343362329, 83.98572337941, -19.45117165172, 0, 0
-3.22567657968, 93.87481110580, -22.83774684367, -43.38882796083, 83.98503076260, -19.45204269061, 0, 0
-3.22305391224, 93.87283792426, -22.83764735440, -43.39422229368, 83.98433819609, -19.45291385671, 0, 0
-3.22043145423, 93.87086462198, -22.83754773865, -43.39961662186, 83.98364567987, -19.45378515001, 0, 0
-3.21780920566, 93.86889119898, -22.83744799641, -43.40501094535, 83.98295321389, -19.45465657055, 0, 0
-3.21518716652, 93.86691765528, -22.83734812767, -43.41040526416, 83.98226079814, -19.45552811832, 0, 0
-3.21256533681, 93.86494399089, -22.83724813245, -43.41579957829, 83.98156843258, -19.45639979336, 0, 0
-3.20994371652, 93.86297020583, -22.83714801072, -43.42119388774, 83.98087611719, -19.45727159567, 0, 0
-3.20732230564, 93.86099630012, -22.83704776249, -43.42658819252, 83.98018385195, -19.45814352527, 0, 0
-3.20470110418, 93.85902227378, -22.83694738776, -43.43198249261, 83.97949163681, -19.45901558217, 0, 0
-3.20208011213, 93.85704812682, -22.83684688652, -43.43737678803, 83.97879947176, -19.45988776639, 0, 0
-3.19945932947, 93.85507385927, -22.83674625877, -43.44277107877, 83.97810735676, -19.46076007794, 0, 0
-3.19683875622, 93.85309947114, -22.83664550450, -43.44816536484, 83.97741529180, -19.46163251684, 0, 0
-3.19421839235, 93.85112496245, -22.83654462372, -43.45355964623, 83.97672327683, -19.46250508311, 0, 0
-3.19159823787, 93.84915033321, -22.83644361641, -43.45895392294, 83.97603131184, -19.46337777675, 0, 0
-3.18897829278, 93.84717558345, -22.83634248258, -43.46434819498, 83.97533939680, -19.46425059778, 0, 0
-3.18635855706, 93.84520071318, -22.83624122221, -43.46974246235, 83.97464753167, -19.46512354622, 0, 0
-3.18373903071, 93.84322572242, -22.83613983532, -43.47513672504, 83.97395571643, -19.46599662209, 0, 0
-3.18111971373, 93.84125061118, -22.83603832188, -43.48053098307, 83.97326395105, -19.46686982539, 0, 0
-3.17850060611, 93.83927537950, -22.83593668191, -43.48592523642, 83.97257223551, -19.46774315614, 0, 0
-3.17588170785, 93.83730002737, -22.83583491540, -43.49131948510, 83.97188056977, -19.46861661437, 0, 0
-3.17326301894, 93.83532455483, -22.83573302233, -43.49671372911, 83.97118895381, -19.46949020007, 0, 0
-3.17064453938, 93.83334896188, -22.83563100272, -43.50210796845, 83.97049738761, -19.47036391327, 0, 0
-3.16802626916, 93.83137324856, -22.83552885655, -43.50750220312, 83.96980587112, -19.47123775398, 0, 0
-3.16540820828, 93.82939741486, -22.83542658383, -43.51289643312, 83.96911440433, -19.47211172222, 0, 0
-3.16279035672, 93.82742146082, -22.83532418455, -43.51829065846, 83.96842298721, -19.47298581800, 0, 0
-3.16017271450, 93.82544538645, -22.83522165870, -43.52368487913, 83.96773161972, -19.47386004134, 0, 0
-3.15755528160, 93.82346919176, -22.83511900628, -43.52907909513, 83.96704030185, -19.47473439224, 0, 0
-3.15493805801, 93.82149287678, -22.83501622729, -43.53447330647, 83.96634903356, -19.47560887074, 0, 0
-3.15232104374, 93.81951644152, -22.83491332173, -43.53986751314, 83.96565781483, -19.47648347683, 0, 0
-3.14970423877, 93.81753988601, -22.83481028959, -43.54526171515, 83.96496664562, -19.47735821054, 0, 0
-3.14708764311, 93.81556321025, -22.83470713087, -43.55065591250, 83.96427552592, -19.47823307188, 0, 0
-3.14447125674, 93.81358641427, -22.83460384556, -43.55605010518, 83.96358445568, -19.47910806087, 0, 0
-3.14185507966, 93.81160949808, -22.83450043367, -43.56144429320, 83.96289343490, -19.47998317751, 0, 0
-3.13923911187, 93.80963246170, -22.83439689518, -43.56683847656, 83.96220246352, -19.48085842183, 0, 0
-3.13662335336, 93.80765530515, -22.83429323010, -43.57223265526, 83.96151154154, -19.48173379384, 0, 0
-3.13400780413, 93.80567802846, -22.83418943842, -43.57762682930, 83.96082066892, -19.48260929355, 0, 0
-3.13139246417, 93.80370063162, -22.83408552013, -43.58302099868, 83.96012984563, -19.48348492099, 0, 0
-3.12877733348, 93.80172311467, -22.83398147524, -43.58841516340, 83.95943907164, -19.48436067615, 0, 0
-3.12616241205, 93.79974547762, -22.83387730375, -43.59380932346, 83.95874834693, -19.48523655907, 0, 0
-3.12354769988, 93.79776772049, -22.83377300563, -43.59920347887, 83.95805767147, -19.48611256975, 0, 0
-3.12093319695, 93.79578984329, -22.83366858090, -43.60459762962, 83.95736704524, -19.48698870821, 0, 0
-3.11831890328, 93.79381184605, -22.83356402956, -43.60999177571, 83.95667646819, -19.48786497446, 0, 0
-3.11570481884, 93.79183372877, -22.83345935158, -43.61538591715, 83.95598594031, -19.48874136852, 0, 0
-3.11309094364, 93.78985549149, -22.83335454699, -43.62078005393, 83.95529546157, -19.48961789040, 0, 0
-3.11047727768, 93.78787713422, -22.83324961576, -43.62617418606, 83.95460503194, -19.49049454012, 0, 0
-3.10786382094, 93.78589865697, -22.83314455789, -43.63156831354, 83.95391465139, -19.49137131769, 0, 0
-3.10525057342, 93.78392005976, -22.83303937340, -43.63696243636, 83.95322431990, -19.49224822313, 0, 0
-3.10263753511, 93.78194134261, -22.83293406225, -43.64235655453, 83.95253403743, -19.49312525645, 0, 0
-3.10002470602, 93.77996250554, -22.83282862447, -43.64775066805, 83.95184380396, -19.49400241766, 0, 0
-3.09741208614, 93.77798354857, -22.83272306004, -43.65314477692, 83.95115361947, -19.49487970679, 0, 0
-3.09479967545, 93.77600447171, -22.83261736895, -43.65853888114, 83.95046348391, -19.49575712384, 0, 0
-3.09218747396, 93.77402527498, -22.83251155122, -43.66393298071, 83.94977339727, -19.49663466884, 0, 0
-3.08957548166, 93.77204595840, -22.83240560682, -43.66932707563, 83.94908335952, -19.49751234179, 0, 0
-3.08696369855, 93.77006652199, -22.83229953576, -43.67472116591, 83.94839337062, -19.49839014271, 0, 0
-3.08435212462, 93.76808696576, -22.83219333804, -43.68011525154, 83.94770343056, -19.49926807161, 0, 0
-3.08174075987, 93.76610728974, -22.83208701365, -43.68550933252, 83.94701353930, -19.50014612851, 0, 0
-3.07912960428, 93.76412749393, -22.83198056258, -43.69090340885, 83.94632369682, -19.50102431343, 0, 0
-3.07651865786, 93.76214757836, -22.83187398485, -43.69629748054, 83.94563390308, -19.50190262638, 0, 0
-3.07390792060, 93.76016754305, -22.83176728043, -43.70169154759, 83.94494415807, -19.50278106737, 0, 0
-3.07129739250, 93.75818738801, -22.83166044933, -43.70708560999, 83.94425446174, -19.50365963641, 0, 0
-3.06868707355, 93.75620711327, -22.83155349154, -43.71247966775, 83.94356481408, -19.50453833353, 0, 0
-3.06607696374, 93.75422671883, -22.83144640707, -43.71787372087, 83.94287521506, -19.50541715874, 0, 0
-3.06346706307, 93.75224620472, -22.83133919590, -43.72326776935, 83.94218566464, -19.50629611205, 0, 0
-3.06085737154, 93.75026557095, -22.83123185803, -43.72866181318, 83.94149616281, -19.50717519348, 0, 0
-3.05824788913, 93.74828481755, -22.83112439347, -43.73405585238, 83.94080670952, -19.50805440304, 0, 0
-3.05563861585, 93.74630394452, -22.83101680220, -43.73944988694, 83.94011730477, -19.50893374075, 0, 0
-3.05302955170, 93.74432295189, -22.83090908423, -43.74484391685, 83.93942794850, -19.50981320661, 0, 0
-3.05042069665, 93.74234183968, -22.83080123954, -43.75023794213, 83.93873864071, -19.51069280066, 0, 0
-3.04781205072, 93.74036060790, -22.83069326815, -43.75563196277, 83.93804938136, -19.51157252289, 0, 0
-3.04520361389, 93.73837925657, -22.83058517003, -43.76102597878, 83.93736017042, -19.51245237333, 0, 0
-3.04259538616, 93.73639778571, -22.83047694520, -43.76641999015, 83.93667100787, -19.51333235198, 0, 0
-3.03998736752, 93.73441619534, -22.83036859364, -43.77181399688, 83.93598189367, -19.51421245888, 0, 0
-3.03737955797, 93.73243448547, -22.83026011535, -43.77720799898, 83.93529282781, -19.51509269402, 0, 0
-3.03477195751, 93.73045265612, -22.83015151033, -43.78260199645, 83.93460381024, -19.51597305742, 0, 0
-3.03216456613, 93.72847070732, -22.83004277858, -43.78799598928, 83.93391484095, -19.51685354910, 0, 0
-3.02955738382, 93.72648863907, -22.82993392009, -43.79338997748, 83.93322591990, -19.51773416908, 0, 0
-3.02695041058, 93.72450645139, -22.82982493486, -43.79878396105, 83.93253704708, -19.51861491736, 0, 0
-3.02434364640, 93.72252414431, -22.82971582288, -43.80417793999, 83.93184822244, -19.51949579396, 0, 0
-3.02173709128, 93.72054171784, -22.82960658416, -43.80957191429, 83.93115944596, -19.52037679890, 0, 0
-3.01913074521, 93.71855917199, -22.82949721868, -43.81496588397, 83.93047071762, -19.52125793220, 0, 0
-3.01652460819, 93.71657650680, -22.82938772645, -43.82035984902, 83.92978203739, -19.52213919385, 0, 0
-3.01391868022, 93.71459372226, -22.82927810746, -43.82575380944, 83.92909340523, -19.52302058389, 0, 0
-3.01131296128, 93.71261081841, -22.82916836170, -43.83114776523, 83.92840482112, -19.52390210232, 0, 0
-3.00870745137, 93.71062779526, -22.82905848919, -43.83654171640, 83.92771628504, -19.52478374917, 0, 0
-3.00610215050, 93.70864465282, -22.82894848990, -43.84193566294, 83.92702779695, -19.52566552443, 0, 0
-3.00349705864, 93.70666139112, -22.82883836384, -43.84732960485, 83.92633935683, -19.52654742814, 0, 0
-3.00089217580, 93.70467801017, -22.82872811100, -43.85272354214, 83.92565096464, -19.52742946030, 0, 0
-2.99828750198, 93.70269451000, -22.82861773139, -43.85811747481, 83.92496262037, -19.52831162092, 0, 0
-2.99568303716, 93.70071089061, -22.82850722499, -43.86351140285, 83.92427432398, -19.52919391003, 0, 0
-2.99307878135, 93.69872715202, -22.82839659180, -43.86890532627, 83.92358607544, -19.53007632764, 0, 0
-2.99047473453, 93.69674329426, -22.82828583183, -43.87429924507, 83.92289787474, -19.53095887376, 0, 0
-2.98787089670, 93.69475931734, -22.82817494506, -43.87969315925, 83.92220972183, -19.53184154840, 0, 0
-2.98526726786, 93.69277522128, -22.82806393149, -43.88508706881, 83.92152161669, -19.53272435158, 0, 0
-2.98266384800, 93.69079100610, -22.82795279113, -43.89048097374, 83.92083355930, -19.53360728332, 0, 0
-2.98006063711, 93.68880667181, -22.82784152396, -43.89587487406, 83.92014554962, -19.53449034363, 0, 0
-2.97745763520, 93.68682221843, -22.82773012998, -43.90126876976, 83.91945758763, -19.53537353253, 0, 0
-2.97485484225, 93.68483764598, -22.82761860920, -43.90666266084, 83.91876967330, -19.53625685002, 0, 0
-2.97225225827, 93.68285295448, -22.82750696159, -43.91205654731, 83.91808180660, -19.53714029612, 0, 0
-2.96964988324, 93.68086814395, -22.82739518718, -43.91745042916, 83.91739398750, -19.53802387086, 0, 0
-2.96704771715, 93.67888321440, -22.82728328594, -43.92284430639, 83.91670621598, -19.53890757423, 0, 0
-2.96444576002, 93.67689816585, -22.82717125787, -43.92823817901, 83.91601849201, -19.53979140627, 0, 0
-2.96184401182, 93.67491299832, -22.82705910298, -43.93363204702, 83.91533081556, -19.54067536697, 0, 0
-2.95924247256, 93.67292771182, -22.82694682126, -43.93902591041, 83.91464318660, -19.54155945636, 0, 0
-2.95664114223, 93.67094230638, -22.82683441270, -43.94441976919, 83.91395560510, -19.54244367445, 0, 0
-2.95404002083, 93.66895678201, -22.82672187730, -43.94981362336, 83.91326807104, -19.54332802126, 0, 0
-2.95143910834, 93.66697113873, -22.82660921506, -43.95520747292, 83.91258058439, -19.54421249679, 0, 0
-2.94883840476, 93.66498537656, -22.82649642598, -43.96060131786, 83.91189314512, -19.54509710107, 0, 0
-2.94623791010, 93.66299949551, -22.82638351005, -43.96599515820, 83.91120575320, -19.54598183411, 0, 0
-2.94363762434, 93.66101349560, -22.82627046726, -43.97138899393, 83.91051840861, -19.54686669592, 0, 0
-2.94103754748, 93.65902737686, -22.82615729762, -43.97678282505, 83.90983111131, -19.54775168651, 0, 0
-2.93843767951, 93.65704113929, -22.82604400112, -43.98217665156, 83.90914386128, -19.54863680591, 0, 0
-2.93583802043, 93.65505478292, -22.82593057776, -43.98757047347, 83.90845665850, -19.54952205413, 0, 0
-2.93323857023, 93.65306830777, -22.82581702753, -43.99296429076, 83.90776950292, -19.55040743117, 0, 0
-2.93063932891, 93.65108171384, -22.82570335043, -43.99835810346, 83.90708239453, -19.55129293706, 0, 0
-2.92804029646, 93.64909500117, -22.82558954646, -44.00375191155, 83.90639533330, -19.55217857181, 0, 0
-2.92544147288, 93.64710816976, -22.82547561562, -44.00914571503, 83.90570831919, -19.55306433544, 0, 0
-2.92284285816, 93.64512121963, -22.82536155789, -44.01453951392, 83.90502135219, -19.55395022795, 0, 0
-2.92024445230, 93.64313415081, -22.82524737328, -44.01993330820, 83.90433443226, -19.55483624937, 0, 0
-2.91764625529, 93.64114696331, -22.82513306178, -44.02532709788, 83.90364755938, -19.55572239970, 0, 0
-2.91504826713, 93.63915965714, -22.82501862340, -44.03072088295, 83.90296073351, -19.55660867897, 0, 0
-2.91245048781, 93.63717223234, -22.82490405812, -44.03611466343, 83.90227395463, -19.55749508718, 0, 0
-2.90985291732, 93.63518468890, -22.82478936594, -44.04150843931, 83.90158722271, -19.55838162435, 0, 0
-2.90725555567, 93.63319702686, -22.82467454686, -44.04690221059, 83.90090053773, -19.55926829050, 0, 0
-2.90465840284, 93.63120924622, -22.82455960088, -44.05229597727, 83.90021389965, -19.56015508563, 0, 0
-2.90206145883, 93.62922134701, -22.82444452799, -44.05768973935, 83.89952730845, -19.56104200977, 0, 0
-2.89946472364, 93.62723332925, -22.82432932819, -44.06308349684, 83.89884076410, -19.56192906293, 0, 0
-2.89686819725, 93.62524519294, -22.82421400148, -44.06847724973, 83.89815426657, -19.56281624512, 0, 0
-2.89427187967, 93.62325693812, -22.82409854784, -44.07387099803, 83.89746781583, -19.56370355636, 0, 0
-2.89167577089, 93.62126856479, -22.82398296729, -44.07926474173, 83.89678141186, -19.56459099666, 0, 0
-2.88907987091, 93.61928007298, -22.82386725981, -44.08465848084, 83.89609505463, -19.56547856604, 0, 0
-2.88648417971, 93.61729146270, -22.82375142541, -44.09005221536, 83.89540874411, -19.56636626450, 0, 0
-2.88388869730, 93.61530273397, -22.82363546407, -44.09544594528, 83.89472248026, -19.56725409208, 0, 0
-2.88129342367, 93.61331388681, -22.82351937579, -44.10083967061, 83.89403626308, -19.56814204877, 0, 0
-2.87869835881, 93.61132492124, -22.82340316058, -44.10623339135, 83.89335009252, -19.56903013459, 0, 0
-2.87610350271, 93.60933583727, -22.82328681843, -44.11162710750, 83.89266396855, -19.56991834956, 0, 0
-2.87350885538, 93.60734663492, -22.82317034933, -44.11702081907, 83.89197789116, -19.57080669369, 0, 0
-2.87091441681, 93.60535731421, -22.82305375328, -44.12241452604, 83.89129186031, -19.57169516700, 0, 0
-2.86832018699, 93.60336787516, -22.82293703028, -44.12780822842, 83.89060587597, -19.57258376950, 0, 0
-2.86572616592, 93.60137831778, -22.82282018033, -44.13320192622, 83.88991993812, -19.57347250121, 0, 0
-2.86313235359, 93.59938864209, -22.82270320341, -44.13859561944, 83.88923404672, -19.57436136213, 0, 0
-2.86053874999, 93.59739884812, -22.82258609953, -44.14398930806, 83.88854820176, -19.57525035229, 0, 0
-2.85794535513, 93.59540893587, -22.82246886869, -44.14938299211, 83.88786240320, -19.57613947170, 0, 0
-2.85535216899, 93.59341890537, -22.82235151088, -44.15477667156, 83.88717665101, -19.57702872037, 0, 0
-2.85275919158, 93.59142875663, -22.82223402609, -44.16017034644, 83.88649094517, -19.57791809832, 0, 0
-2.85016642288, 93.58943848967, -22.82211641433, -44.16556401673, 83.88580528564, -19.57880760555, 0, 0
-2.84757386289, 93.58744810451, -22.82199867559, -44.17095768244, 83.88511967241, -19.57969724210, 0, 0
-2.84498151160, 93.58545760116, -22.82188080986, -44.17635134357, 83.88443410544, -19.58058700796, 0, 0
-2.84238936902, 93.58346697965, -22.82176281715, -44.18174500012, 83.88374858470, -19.58147690316, 0, 0
-2.83979743512, 93.58147624000, -22.82164469744, -44.18713865209, 83.88306311017, -19.58236692770, 0, 0
-2.83720570992, 93.57948538221, -22.82152645075, -44.19253229948, 83.88237768182, -19.58325708161, 0, 0
-2.83461419340, 93.57749440631, -22.82140807705, -44.19792594230, 83.88169229962, -19.58414736490, 0, 0
-2.83202288556, 93.57550331231, -22.82128957636, -44.20331958053, 83.88100696354, -19.58503777757, 0, 0
-2.82943178640, 93.57351210024, -22.82117094866, -44.20871321419, 83.88032167356, -19.58592831965, 0, 0
-2.82684089590, 93.57152077010, -22.82105219396, -44.21410684327, 83.87963642964, -19.58681899116, 0, 0
-2.82425021406, 93.56952932193, -22.82093331224, -44.21950046778, 83.87895123176, -19.58770979209, 0, 0
-2.82165974089, 93.56753775573, -22.82081430351, -44.22489408771, 83.87826607989, -19.58860072248, 0, 0
-2.81906947636, 93.56554607152, -22.82069516776, -44.23028770307, 83.87758097400, -19.58949178232, 0, 0
-2.81647942048, 93.56355426933, -22.82057590499, -44.23568131386, 83.87689591407, -19.59038297165, 0, 0
-2.81388957324, 93.56156234916, -22.82045651520, -44.24107492008, 83.87621090006, -19.59127429046, 0, 0
-2.81129993464, 93.55957031104, -22.82033699838, -44.24646852172, 83.87552593196, -19.59216573879, 0, 0
-2.80871050467, 93.55757815499, -22.82021735452, -44.25186211879, 83.87484100972, -19.59305731663, 0, 0
-2.80612128333, 93.55558588101, -22.82009758363, -44.25725571130, 83.87415613333, -19.59394902400, 0, 0
-2.80353227060, 93.55359348914, -22.81997768570, -44.26264929923, 83.87347130275, -19.59484086092, 0, 0
-2.80094346650, 93.55160097938, -22.81985766074, -44.26804288260, 83.87278651795, -19.59573282741, 0, 0
-2.79835487100, 93.54960835176, -22.81973750872, -44.27343646140, 83.87210177892, -19.59662492347, 0, 0
-2.79576648410, 93.54761560630, -22.81961722966, -44.27883003563, 83.87141708561, -19.59751714912, 0, 0
-2.79317830581, 93.54562274300, -22.81949682354, -44.28422360529, 83.87073243801, -19.59840950438, 0, 0
-2.79059033610, 93.54362976189, -22.81937629037, -44.28961717039, 83.87004783608, -19.59930198926, 0, 0
-2.78800257499, 93.54163666299, -22.81925563014, -44.29501073093, 83.86936327980, -19.60019460377, 0, 0
-2.78541502246, 93.53964344631, -22.81913484285, -44.30040428690, 83.86867876914, -19.60108734793, 0, 0
-2.78282767851, 93.53765011187, -22.81901392849, -44.30579783831, 83.86799430407, -19.60198022175, 0, 0
-2.78024054313, 93.53565665969, -22.81889288706, -44.31119138516, 83.86730988456, -19.60287322525, 0, 0
-2.77765361632, 93.53366308979, -22.81877171856, -44.31658492744, 83.86662551059, -19.60376635844, 0, 0
-2.77506689807, 93.53166940219, -22.81865042299, -44.32197846517, 83.86594118212, -19.60465962133, 0, 0
-2.77248038837, 93.52967559689, -22.81852900033, -44.32737199833, 83.86525689913, -19.60555301394, 0, 0
-2.76989408723, 93.52768167393, -22.81840745059, -44.33276552693, 83.86457266159, -19.60644653628, 0, 0
-2.76730799463, 93.52568763331, -22.81828577376, -44.33815905098, 83.86388846947, -19.60734018837, 0, 0
-2.76472211058, 93.52369347506, -22.81816396985, -44.34355257047, 83.86320432275, -19.60823397023, 0, 0
-2.76213643506, 93.52169919919, -22.81804203884, -44.34894608540, 83.86252022140, -19.60912788186, 0, 0
-2.75955096806, 93.51970480572, -22.81791998073, -44.35433959578, 83.86183616538, -19.61002192327, 0, 0
-2.75696570960, 93.51771029467, -22.81779779552, -44.35973310160, 83.86115215467, -19.61091609449, 0, 0
-2.75438065965, 93.51571566606, -22.81767548321, -44.36512660286, 83.86046818925, -19.61181039553, 0, 0
-2.75179581822, 93.51372091990, -22.81755304380, -44.37052009957, 83.85978426908, -19.61270482641, 0, 0
-2.74921118529, 93.51172605621, -22.81743047727, -44.37591359173, 83.85910039414, -19.61359938713, 0, 0
-2.74662676087, 93.50973107502, -22.81730778362, -44.38130707934, 83.85841656439, -19.61449407770, 0, 0
-2.74404254495, 93.50773597633, -22.81718496287, -44.38670056239, 83.85773277982, -19.61538889816, 0, 0
-2.74145853752, 93.50574076016, -22.81706201498, -44.39209404090, 83.85704904039, -19.61628384850, 0, 0
-2.73887473857, 93.50374542654, -22.81693893998, -44.39748751485, 83.85636534607, -19.61717892875, 0, 0
-2.73629114811, 93.50174997547, -22.81681573785, -44.40288098425, 83.85568169684, -19.61807413891, 0, 0
-2.73370776612, 93.49975440699, -22.81669240858, -44.40827444911, 83.85499809266, -19.61896947900, 0, 0
-2.73112459261, 93.49775872110, -22.81656895218, -44.41366790942, 83.85431453352, -19.61986494904, 0, 0
-2.72854162756, 93.49576291782, -22.81644536865, -44.41906136518, 83.85363101938, -19.62076054904, 0, 0
-2.72595887097, 93.49376699717, -22.81632165797, -44.42445481639, 83.85294755022, -19.62165627901, 0, 0
-2.72337632284, 93.49177095918, -22.81619782015, -44.42984826306, 83.85226412600, -19.62255213897, 0, 0
-2.72079398315, 93.48977480385, -22.81607385517, -44.43524170518, 83.85158074669, -19.62344812893, 0, 0
-2.71821185191, 93.48777853120, -22.81594976305, -44.44063514277, 83.85089741228, -19.62434424891, 0, 0
-2.71562992911, 93.48578214125, -22.81582554377, -44.44602857580, 83.85021412273, -19.62524049892, 0, 0
-2.71304821475, 93.48378563403, -22.81570119733, -44.45142200430, 83.84953087802, -19.62613687897, 0, 0
-2.71046670881, 93.48178900954, -22.81557672373, -44.45681542825, 83.84884767811, -19.62703338908, 0, 0
-2.70788541129, 93.47979226781, -22.81545212297, -44.46220884766, 83.84816452298, -19.62793002926, 0, 0
-2.70530432219, 93.47779540884, -22.81532739504, -44.46760226253, 83.84748141260, -19.62882679953, 0, 0
-2.70272344150, 93.47579843267, -22.81520253993, -44.47299567287, 83.84679834694, -19.62972369990, 0, 0
-2.70014276922, 93.47380133931, -22.81507755765, -44.47838907866, 83.84611532597, -19.63062073038, 0, 0
-2.69756230534, 93.47180412877, -22.81495244819, -44.48378247992, 83.84543234968, -19.63151789099, 0, 0
-2.69498204986, 93.46980680108, -22.81482721154, -44.48917587664, 83.84474941801, -19.63241518174, 0, 0
-2.69240200276, 93.46780935625, -22.81470184771, -44.49456926882, 83.84406653096, -19.63331260265, 0, 0
-2.68982216405, 93.46581179429, -22.81457635669, -44.49996265647, 83.84338368849, -19.63421015374, 0, 0
-2.68724253372, 93.46381411523, -22.81445073848, -44.50535603958, 83.84270089058, -19.63510783500, 0, 0
-2.68466311177, 93.46181631909, -22.81432499307, -44.51074941816, 83.84201813719, -19.63600564647, 0, 0
-2.68208389818, 93.45981840588, -22.81419912046, -44.51614279221, 83.84133542830, -19.63690358815, 0, 0
-2.67950489296, 93.45782037561, -22.81407312065, -44.52153616172, 83.84065276387, -19.63780166005, 0, 0
-2.67692609610, 93.45582222832, -22.81394699363, -44.52692952670, 83.83997014389, -19.63869986220, 0, 0
-2.67434750758, 93.45382396401, -22.81382073940, -44.53232288716, 83.83928756832, -19.63959819460, 0, 0
-2.67176912742, 93.45182558270, -22.81369435796, -44.53771624308, 83.83860503714, -19.64049665727, 0, 0
-2.66919095560, 93.44982708441, -22.81356784930, -44.54310959447, 83.83792255032, -19.64139525022, 0, 0
-2.66661299211, 93.44782846916, -22.81344121342, -44.54850294133, 83.83724010782, -19.64229397347, 0, 0
-2.66403523695, 93.44582973697, -22.81331445032, -44.55389628367, 83.83655770963, -19.64319282703, 0, 0
-2.66145769012, 93.44383088785, -22.81318755999, -44.55928962148, 83.83587535571, -19.64409181091, 0, 0
-2.65888035161, 93.44183192182, -22.81306054243, -44.56468295476, 83.83519304603, -19.64499092514, 0, 0
-2.65630322142, 93.43983283890, -22.81293339763, -44.57007628352, 83.83451078057, -19.64589016972, 0, 0
-2.65372629953, 93.43783363910, -22.81280612560, -44.57546960776, 83.83382855930, -19.64678954466, 0, 0
-2.65114958595, 93.43583432245, -22.81267872632, -44.58086292747, 83.83314638220, -19.64768904999, 0, 0
-2.64857308066, 93.43383488896, -22.81255119981, -44.58625624265, 83.83246424922, -19.64858868571, 0, 0
-2.64599678367, 93.43183533865, -22.81242354604, -44.59164955332, 83.83178216035, -19.64948845184, 0, 0
-2.64342069497, 93.42983567154, -22.81229576502, -44.59704285946, 83.83110011556, -19.65038834839, 0, 0
-2.64084481455, 93.42783588764, -22.81216785675, -44.60243616109, 83.83041811481, -19.65128837538, 0, 0
-2.63826914240, 93.42583598698, -22.81203982122, -44.60782945819, 83.82973615809, -19.65218853282, 0, 0
-2.63569367853, 93.42383596956, -22.81191165843, -44.61322275077, 83.82905424536, -19.65308882073, 0, 0
-2.63311842292, 93.42183583541, -22.81178336837, -44.61861603884, 83.82837237659, -19.65398923911, 0, 0
-2.63054337557, 93.41983558455, -22.81165495105, -44.62400932239, 83.82769055176, -19.65488978799, 0, 0
-2.62796853648, 93.41783521699, -22.81152640645, -44.62940260142, 83.82700877084, -19.65579046737, 0, 0
-2.62539390564, 93.41583473276, -22.81139773458, -44.63479587594, 83.82632703380, -19.65669127728, 0, 0
-2.62281948304, 93.41383413186, -22.81126893543, -44.64018914594, 83.82564534061, -19.65759221771, 0, 0
-2.62024526868, 93.41183341432, -22.81114000900, -44.64558241142, 83.82496369125, -19.65849328870, 0, 0
-2.61767126255, 93.40983258015, -22.81101095528, -44.65097567240, 83.82428208568, -19.65939449025, 0, 0
-2.61509746465, 93.40783162937, -22.81088177428, -44.65636892886, 83.82360052388, -19.66029582238, 0, 0
-2.61252387497, 93.40583056200, -22.81075246598, -44.66176218081, 83.82291900582, -19.66119728510, 0, 0
-2.60995049351, 93.40382937806, -22.81062303038, -44.66715542824, 83.82223753147, -19.66209887842, 0, 0
-2.60737732026, 93.40182807757, -22.81049346749, -44.67254867117, 83.82155610081, -19.66300060236, 0, 0
-2.60480435521, 93.39982666053, -22.81036377730, -44.67794190959, 83.82087471380, -19.66390245693, 0, 0
-2.60223159837, 93.39782512698, -22.81023395979, -44.68333514350, 83.82019337042, -19.66480444215, 0, 0
-2.59965904972, 93.39582347692, -22.81010401498, -44.68872837290, 83.81951207064, -19.66570655802, 0, 0
-2.59708670926, 93.39382171038, -22.80997394286, -44.69412159779, 83.81883081444, -19.66660880457, 0, 0
-2.59451457699, 93.39181982737, -22.80984374342, -44.69951481818, 83.81814960177, -19.66751118181, 0, 0
-2.59194265289, 93.38981782792, -22.80971341666, -44.70490803406, 83.81746843262, -19.66841368975, 0, 0
-2.58937093697, 93.38781571203, -22.80958296258, -44.71030124544, 83.81678730696, -19.66931632841, 0, 0
-2.58679942921, 93.38581347973, -22.80945238117, -44.71569445231, 83.81610622476, -19.67021909780, 0, 0
-2.58422812962, 93.38381113103, -22.80932167243, -44.72108765468, 83.81542518599, -19.67112199792, 0, 0
-2.58165703818, 93.38180866595, -22.80919083636, -44.72648085255, 83.81474419062, -19.67202502881, 0, 0
-2.57908615489, 93.37980608452, -22.80905987295, -44.73187404592, 83.81406323862, -19.67292819047, 0, 0
-2.57651547975, 93.37780338673, -22.80892878220, -44.73726723478, 83.81338232998, -19.67383148291, 0, 0
-2.57394501275, 93.37580057263, -22.80879756411, -44.74266041915, 83.81270146465, -19.67473490615, 0, 0
-2.57137475388, 93.37379764221, -22.80866621867, -44.74805359902, 83.81202064261, -19.67563846020, 0, 0
-2.56880470314, 93.37179459551, -22.80853474588, -44.75344677438, 83.81133986384, -19.67654214508, 0, 0
-2.56623486053, 93.36979143253, -22.80840314574, -44.75883994525, 83.81065912830, -19.67744596080, 0, 0
-2.56366522603, 93.36778815330, -22.80827141824, -44.76423311163, 83.80997843597, -19.67834990738, 0, 0
-2.56109579965, 93.36578475783, -22.80813956338, -44.76962627351, 83.80929778681, -19.67925398482, 0, 0
-2.55852658138, 93.36378124614, -22.80800758115, -44.77501943089, 83.80861718081, -19.68015819314, 0, 0
-2.55595757120, 93.36177761825, -22.80787547156, -44.78041258378, 83.80793661793, -19.68106253236, 0, 0
-2.55338876912, 93.35977387418, -22.80774323460, -44.78580573217, 83.80725609814, -19.68196700249, 0, 0
-2.55082017514, 93.35777001394, -22.80761087026, -44.79119887607, 83.80657562142, -19.68287160354, 0, 0
-2.54825178923, 93.35576603755, -22.80747837854, -44.79659201548, 83.80589518774, -19.68377633553, 0, 0
-2.54568361141, 93.35376194503, -22.80734575945, -44.80198515040, 83.80521479706, -19.68468119847, 0, 0
-2.54311564166, 93.35175773640, -22.80721301297, -44.80737828083, 83.80453444937, -19.68558619238, 0, 0
-2.54054787998, 93.34975341167, -22.80708013910, -44.81277140677, 83.80385414463, -19.68649131726, 0, 0
-2.53798032636, 93.34774897086, -22.80694713784, -44.81816452822, 83.80317388282, -19.68739657314, 0, 0
-2.53541298080, 93.34574441399, -22.80681400918, -44.82355764518, 83.80249366391, -19.68830196002, 0, 0
-2.53284584330, 93.34373974108, -22.80668075313, -44.82895075766, 83.80181348786, -19.68920747792, 0, 0
-2.53027891384, 93.34173495214, -22.80654736968, -44.83434386565, 83.80113335466, -19.69011312686, 0, 0
-2.52771219242, 93.33973004720, -22.80641385882, -44.83973696915, 83.80045326426, -19.69101890684, 0, 0
-2.52514567903, 93.33772502626, -22.80628022055, -44.84513006817, 83.79977321666, -19.69192481789, 0, 0
-2.52257937368, 93.33571988936, -22.80614645487, -44.85052316271, 83.79909321181, -19.69283086001, 0, 0
-2.52001327635, 93.33371463650, -22.80601256178, -44.85591625276, 83.79841324969, -19.69373703321, 0, 0
-2.51744738703, 93.33170926770, -22.80587854126, -44.86130933833, 83.79773333027, -19.69464333753, 0, 0
-2.51488170574, 93.32970378299, -22.80574439333, -44.86670241942, 83.79705345352, -19.69554977295, 0, 0
-2.51231623245, 93.32769818237, -22.80561011797, -44.87209549603, 83.79637361942, -19.69645633951, 0, 0
-2.50975096716, 93.32569246587, -22.80547571518, -44.87748856815, 83.79569382793, -19.69736303721, 0, 0
-2.50718590987, 93.32368663350, -22.80534118496, -44.88288163580, 83.79501407903, -19.69826986607, 0, 0
-2.50462106057, 93.32168068529, -22.80520652730, -44.88827469897, 83.79433437269, -19.69917682610, 0, 0
-2.50205641925, 93.31967462124, -22.80507174220, -44.89366775767, 83.79365470889, -19.70008391732, 0, 0
-2.49949198592, 93.31766844138, -22.80493682967, -44.89906081189, 83.79297508759, -19.70099113973, 0, 0
-2.49692776056, 93.31566214572, -22.80480178968, -44.90445386163, 83.79229550876, -19.70189849336, 0, 0
-2.49436374317, 93.31365573429, -22.80466662225, -44.90984690689, 83.79161597238, -19.70280597821, 0, 0
-2.49179993374, 93.31164920710, -22.80453132736, -44.91523994769, 83.79093647842, -19.70371359431, 0, 0
-2.48923633227, 93.30964256416, -22.80439590502, -44.92063298400, 83.79025702685, -19.70462134166, 0, 0
-2.48667293875, 93.30763580550, -22.80426035522, -44.92602601585, 83.78957761765, -19.70552922027, 0, 0
-2.48410975318, 93.30562893113, -22.80412467795, -44.93141904323, 83.78889825078, -19.70643723017, 0, 0
-2.48154677555, 93.30362194108, -22.80398887322, -44.93681206613, 83.78821892621, -19.70734537136, 0, 0
-2.47898400586, 93.30161483535, -22.80385294102, -44.94220508456, 83.78753964393, -19.70825364386, 0, 0
-2.47642144409, 93.29960761396, -22.80371688135, -44.94759809853, 83.78686040390, -19.70916204768, 0, 0
-2.47385909025, 93.29760027694, -22.80358069420, -44.95299110803, 83.78618120609, -19.71007058284, 0, 0
-2.47129694433, 93.29559282431, -22.80344437957, -44.95838411305, 83.78550205047, -19.71097924935, 0, 0
-2.46873500633, 93.29358525607, -22.80330793745, -44.96377711362, 83.78482293702, -19.71188804722, 0, 0
-2.46617327623, 93.29157757224, -22.80317136785, -44.96917010971, 83.78414386571, -19.71279697647, 0, 0
-2.46361175403, 93.28956977285, -22.80303467076, -44.97456310134, 83.78346483651, -19.71370603710, 0, 0
-2.46105043973, 93.28756185792, -22.80289784618, -44.97995608851, 83.78278584939, -19.71461522915, 0, 0
-2.45848933332, 93.28555382745, -22.80276089410, -44.98534907121, 83.78210690432, -19.71552455261, 0, 0
-2.45592843480, 93.28354568147, -22.80262381452, -44.99074204945, 83.78142800128, -19.71643400750, 0, 0
-2.45336774415, 93.28153741999, -22.80248660743, -44.99613502323, 83.78074914024, -19.71734359384, 0, 0
-2.45080726138, 93.27952904303, -22.80234927284, -45.00152799255, 83.78007032117, -19.71825331164, 0, 0
-2.44824698648, 93.27752055062, -22.80221181074, -45.00692095741, 83.77939154404, -19.71916316091, 0, 0
-2.44568691945, 93.27551194276, -22.80207422112, -45.01231391781, 83.77871280882, -19.72007314167, 0, 0
-2.44312706027, 93.27350321948, -22.80193650399, -45.01770687375, 83.77803411548, -19.72098325393, 0, 0
-2.44056740894, 93.27149438079, -22.80179865934, -45.02309982523, 83.77735546401, -19.72189349770, 0, 0
-2.43800796546, 93.26948542672, -22.80166068716, -45.02849277225, 83.77667685436, -19.72280387299, 0, 0
-2.43544872981, 93.26747635727, -22.80152258745, -45.03388571482, 83.77599828651, -19.72371437983, 0, 0
-2.43288970201, 93.26546717246, -22.80138436021, -45.03927865294, 83.77531976044, -19.72462501823, 0, 0
-2.43033088203, 93.26345787232, -22.80124600544, -45.04467158660, 83.77464127610, -19.72553578819, 0, 0
-2.42777226988, 93.26144845686, -22.80110752313, -45.05006451580, 83.77396283349, -19.72644668973, 0, 0
-2.42521386555, 93.25943892610, -22.80096891328, -45.05545744055, 83.77328443256, -19.72735772287, 0, 0
-2.42265566903, 93.25742928006, -22.80083017589, -45.06085036086, 83.77260607330, -19.72826888762, 0, 0
-2.42009768031, 93.25541951875, -22.80069131095, -45.06624327671, 83.77192775566, -19.72918018399, 0, 0
-2.41753989940, 93.25340964219, -22.80055231845, -45.07163618811, 83.77124947963, -19.73009161200, 0, 0
-2.41498232628, 93.25139965040, -22.80041319840, -45.07702909506, 83.77057124517, -19.73100317166, 0, 0
-2.41242496096, 93.24938954340, -22.80027395080, -45.08242199756, 83.76989305226, -19.73191486298, 0, 0
-2.40986780341, 93.24737932121, -22.80013457563, -45.08781489561, 83.76921490087, -19.73282668597, 0, 0
-2.40731085365, 93.24536898383, -22.79999507289, -45.09320778922, 83.76853679097, -19.73373864066, 0, 0
-2.40475411166, 93.24335853130, -22.79985544259, -45.09860067838, 83.76785872254, -19.73465072705, 0, 0
-2.40219757744, 93.24134796362, -22.79971568472, -45.10399356310, 83.76718069553, -19.73556294516, 0, 0
-2.39964125098, 93.23933728082, -22.79957579927, -45.10938644337, 83.76650270994, -19.73647529501, 0, 0
-2.39708513228, 93.23732648291, -22.79943578624, -45.11477931920, 83.76582476572, -19.73738777659, 0, 0
-2.39452922133, 93.23531556991, -22.79929564564, -45.12017219058, 83.76514686285, -19.73830038994, 0, 0
-2.39197351812, 93.23330454185, -22.79915537744, -45.12556505752, 83.76446900131, -19.73921313505, 0, 0
-2.38941802266, 93.23129339872, -22.79901498166, -45.13095792003, 83.76379118105, -19.74012601196, 0, 0
-2.38686273492, 93.22928214056, -22.79887445828, -45.13635077809, 83.76311340207, -19.74103902066, 0, 0
-2.38430765492, 93.22727076738, -22.79873380731, -45.14174363171, 83.76243566432, -19.74195216117, 0, 0
-2.38175278264, 93.22525927920, -22.79859302874, -45.14713648089, 83.76175796778, -19.74286543351, 0, 0
-2.37919811808, 93.22324767604, -22.79845212257, -45.15252932564, 83.76108031242, -19.74377883769, 0, 0
-2.37664366122, 93.22123595791, -22.79831108879, -45.15792216595, 83.76040269821, -19.74469237373, 0, 0
-2.37408941208, 93.21922412483, -22.79816992741, -45.16331500182, 83.75972512513, -19.74560604163, 0, 0
-2.37153537063, 93.21721217682, -22.79802863841, -45.16870783326, 83.75904759315, -19.74651984141, 0, 0
-2.36898153688, 93.21520011390, -22.79788722179, -45.17410066026, 83.75837010223, -19.74743377308, 0, 0
-2.36642791081, 93.21318793608, -22.79774567756, -45.17949348283, 83.75769265236, -19.74834783666, 0, 0
-2.36387449244, 93.21117564339, -22.79760400570, -45.18488630097, 83.75701524349, -19.74926203217, 0, 0
-2.36132128173, 93.20916323583, -22.79746220622, -45.19027911467, 83.75633787561, -19.75017635961, 0, 0
-2.35876827870, 93.20715071344, -22.79732027911, -45.19567192394, 83.75566054869, -19.75109081899, 0, 0
-2.35621548334, 93.20513807621, -22.79717822436, -45.20106472879, 83.75498326269, -19.75200541034, 0, 0
-2.35366289564, 93.20312532418, -22.79703604198, -45.20645752920, 83.75430601759, -19.75292013366, 0, 0
-2.35111051559, 93.20111245737, -22.79689373196, -45.21185032519, 83.75362881337, -19.75383498897, 0, 0
-2.34855834319, 93.19909947577, -22.79675129430, -45.21724311675, 83.75295164998, -19.75474997628, 0, 0
-2.34600637843, 93.19708637943, -22.79660872899, -45.22263590388, 83.75227452742, -19.75566509561, 0, 0
-2.34345462132, 93.19507316835, -22.79646603603, -45.22802868658, 83.75159744563, -19.75658034697, 0, 0
-2.34090307183, 93.19305984255, -22.79632321542, -45.23342146486, 83.75092040461, -19.75749573036, 0, 0
-2.33835172997, 93.19104640204, -22.79618026715, -45.23881423872, 83.75024340432, -19.75841124582, 0, 0
-2.33580059573, 93.18903284686, -22.79603719122, -45.24420700815, 83.74956644472, -19.75932689334, 0, 0
-2.33324966911, 93.18701917701, -22.79589398762, -45.24959977316, 83.74888952581, -19.76024267295, 0, 0
-2.33069895010, 93.18500539250, -22.79575065636, -45.25499253375, 83.74821264753, -19.76115858465, 0, 0
-2.32814843869, 93.18299149337, -22.79560719743, -45.26038528991, 83.74753580988, -19.76207462846, 0, 0
-2.32559813488, 93.18097747963, -22.79546361083, -45.26577804166, 83.74685901281, -19.76299080440, 0, 0
-2.32304803866, 93.17896335129, -22.79531989655, -45.27117078899, 83.74618225631, -19.76390711247, 0, 0
-2.32049815003, 93.17694910837, -22.79517605459, -45.27656353189, 83.74550554034, -19.76482355269, 0, 0
-2.31794846898, 93.17493475089, -22.79503208495, -45.28195627038, 83.74482886487, -19.76574012508, 0, 0
-2.31539899551, 93.17292027887, -22.79488798761, -45.28734900446, 83.74415222988, -19.76665682964, 0, 0
-2.31284972960, 93.17090569232, -22.79474376259, -45.29274173412, 83.74347563534, -19.76757366640, 0, 0
-2.31030067126, 93.16889099127, -22.79459940988, -45.29813445936, 83.74279908122, -19.76849063535, 0, 0
-2.30775182048, 93.16687617572, -22.79445492946, -45.30352718019, 83.74212256749, -19.76940773653, 0, 0
-2.30520317725, 93.16486124571, -22.79431032135, -45.30891989661, 83.74144609412, -19.77032496993, 0, 0
-2.30265474157, 93.16284620123, -22.79416558553, -45.31431260861, 83.74076966109, -19.77124233558, 0, 0
-2.30010651343, 93.16083104233, -22.79402072201, -45.31970531620, 83.74009326837, -19.77215983348, 0, 0
-2.29755849282, 93.15881576900, -22.79387573077, -45.32509801938, 83.73941691592, -19.77307746366, 0, 0
-2.29501067975, 93.15680038127, -22.79373061182, -45.33049071815, 83.73874060373, -19.77399522612, 0, 0
-2.29246307420, 93.15478487916, -22.79358536516, -45.33588341252, 83.73806433176, -19.77491312088, 0, 0
-2.28991567616, 93.15276926268, -22.79343999077, -45.34127610247, 83.73738809998, -19.77583114795, 0, 0
-2.28736848564, 93.15075353185, -22.79329448866, -45.34666878802, 83.73671190837, -19.77674930734, 0, 0
-2.28482150263, 93.14873768669, -22.79314885882, -45.35206146915, 83.73603575690, -19.77766759907, 0, 0
-2.28227472712, 93.14672172721, -22.79300310124, -45.35745414589, 83.73535964554, -19.77858602315, 0, 0
-2.27972815910, 93.14470565344, -22.79285721594, -45.36284681822, 83.73468357426, -19.77950457960, 0, 0
-2.27718179858, 93.14268946540, -22.79271120290, -45.36823948614, 83.73400754303, -19.78042326843, 0, 0
-2.27463564553, 93.14067316309, -22.79256506211, -45.37363214967, 83.73333155183, -19.78134208964, 0, 0
-2.27208969997, 93.13865674654, -22.79241879358, -45.37902480879, 83.73265560062, -19.78226104326, 0, 0
-2.26954396188, 93.13664021576, -22.79227239730, -45.38441746350, 83.73197968939, -19.78318012930, 0, 0
-2.26699843126, 93.13462357077, -22.79212587327, -45.38981011382, 83.73130381809, -19.78409934777, 0, 0
-2.26445310809, 93.13260681160, -22.79197922149, -45.39520275974, 83.73062798671, -19.78501869868, 0, 0
-2.26190799239, 93.13058993825, -22.79183244195, -45.40059540126, 83.72995219521, -19.78593818206, 0, 0
-2.25936308413, 93.12857295074, -22.79168553465, -45.40598803838, 83.72927644357, -19.78685779790, 0, 0
-2.25681838332, 93.12655584910, -22.79153849958, -45.41138067110, 83.72860073175, -19.78777754623, 0, 0
-2.25427388994, 93.12453863334, -22.79139133674, -45.41677329943, 83.72792505974, -19.78869742705, 0, 0
-2.25172960400, 93.12252130348, -22.79124404613, -45.42216592336, 83.72724942749, -19.78961744039, 0, 0
-2.24918552549, 93.12050385953, -22.79109662775, -45.42755854290, 83.72657383499, -19.79053758625, 0, 0
-2.24664165439, 93.11848630152, -22.79094908159, -45.43295115805, 83.72589828220, -19.79145786465, 0, 0
-2.24409799071, 93.11646862945, -22.79080140764, -45.43834376880, 83.72522276910, -19.79237827561, 0, 0
-2.24155453444, 93.11445084336, -22.79065360592, -45.44373637516, 83.72454729566, -19.79329881912, 0, 0
-2.23901128558, 93.11243294325, -22.79050567640, -45.44912897713, 83.72387186185, -19.79421949522, 0, 0
-2.23646824411, 93.11041492914, -22.79035761909, -45.45452157470, 83.72319646764, -19.79514030390, 0, 0
-2.23392541004, 93.10839680106, -22.79020943398, -45.45991416789, 83.72252111300, -19.79606124519, 0, 0
-2.23138278335, 93.10637855901, -22.79006112108, -45.46530675669, 83.72184579791, -19.79698231910, 0, 0
-2.22884036404, 93.10436020302, -22.78991268038, -45.47069934110, 83.72117052234, -19.79790352564, 0, 0
-2.22629815211, 93.10234173310, -22.78976411186, -45.47609192113, 83.72049528625, -19.79882486482, 0, 0
-2.22375614755, 93.10032314928, -22.78961541554, -45.48148449677, 83.71982008963, -19.79974633666, 0, 0
-2.22121435035, 93.09830445156, -22.78946659141, -45.48687706802, 83.71914493244, -19.80066794117, 0, 0
-2.21867276051, 93.09628563997, -22.78931763947, -45.49226963489, 83.71846981465, -19.80158967837, 0, 0
-2.21613137802, 93.09426671453, -22.78916855970, -45.49766219738, 83.71779473624, -19.80251154826, 0, 0
-2.21359020287, 93.09224767524, -22.78901935211, -45.50305475548, 83.71711969717, -19.80343355086, 0, 0
-2.21104923507, 93.09022852214, -22.78887001669, -45.50844730921, 83.71644469743, -19.80435568619, 0, 0
-2.20850847460, 93.08820925523, -22.78872055345, -45.51383985855, 83.71576973698, -19.80527795426, 0, 0
-2.20596792147, 93.08618987454, -22.78857096237, -45.51923240351, 83.71509481579, -19.80620035507, 0, 0
-2.20342757565, 93.08417038008, -22.78842124346, -45.52462494409, 83.71441993383, -19.80712288865, 0, 0
-2.20088743715, 93.08215077187, -22.78827139671, -45.53001748030, 83.71374509109, -19.80804555501, 0, 0
-2.19834750597, 93.08013104993, -22.78812142212, -45.53541001213, 83.71307028752, -19.80896835416, 0, 0
-2.19580778209, 93.07811121427, -22.78797131968, -45.54080253958, 83.71239552310, -19.80989128611, 0, 0
-2.19326826550, 93.07609126492, -22.78782108939, -45.54619506265, 83.71172079780, -19.81081435087, 0, 0
-2.19072895622, 93.07407120189, -22.78767073124, -45.55158758135, 83.71104611159, -19.81173754847, 0, 0
-2.18818985422, 93.07205102519, -22.78752024525, -45.55698009568, 83.71037146446, -19.81266087891, 0, 0
-2.18565095951, 93.07003073485, -22.78736963139, -45.56237260563, 83.70969685635, -19.81358434220, 0, 0
-2.18311227207, 93.06801033089, -22.78721888967, -45.56776511122, 83.70902228726, -19.81450793837, 0, 0
-2.18057379190, 93.06598981331, -22.78706802008, -45.57315761243, 83.70834775715, -19.81543166742, 0, 0
-2.17803551900, 93.06396918214, -22.78691702262, -45.57855010927, 83.70767326599, -19.81635552936, 0, 0
-2.17549745336, 93.06194843740, -22.78676589729, -45.58394260174, 83.70699881375, -19.81727952422, 0, 0
-2.17295959497, 93.05992757910, -22.78661464409, -45.58933508984, 83.70632440041, -19.81820365199, 0, 0
-2.17042194383, 93.05790660727, -22.78646326300, -45.59472757357, 83.70565002594, -19.81912791271, 0, 0
-2.16788449993, 93.05588552191, -22.78631175403, -45.60012005294, 83.70497569031, -19.82005230637, 0, 0
-2.16534726327, 93.05386432305, -22.78616011718, -45.60551252794, 83.70430139349, -19.82097683299, 0, 0
-2.16281023384, 93.05184301070, -22.78600835243, -45.61090499858, 83.70362713545, -19.82190149259, 0, 0
-2.16027341163, 93.04982158488, -22.78585645979, -45.61629746485, 83.70295291616, -19.82282628517, 0, 0
-2.15773679664, 93.04780004562, -22.78570443926, -45.62168992676, 83.70227873560, -19.82375121076, 0, 0
-2.15520038887, 93.04577839292, -22.78555229082, -45.62708238430, 83.70160459374, -19.82467626936, 0, 0
-2.15266418830, 93.04375662680, -22.78540001448, -45.63247483749, 83.70093049055, -19.82560146099, 0, 0
-2.15012819493, 93.04173474729, -22.78524761024, -45.63786728631, 83.70025642600, -19.82652678566, 0, 0
-2.14759240876, 93.03971275439, -22.78509507808, -45.64325973077, 83.69958240007, -19.82745224339, 0, 0
-2.14505682978, 93.03769064814, -22.78494241801, -45.64865217088, 83.69890841272, -19.82837783418, 0, 0
-2.14252145799, 93.03566842853, -22.78478963003, -45.65404460662, 83.69823446392, -19.82930355805, 0, 0
-2.13998629337, 93.03364609560, -22.78463671412, -45.65943703801, 83.69756055366, -19.83022941502, 0, 0
-2.13745133592, 93.03162364936, -22.78448367029, -45.66482946505, 83.69688668189, -19.83115540509, 0, 0
-2.13491658564, 93.02960108983, -22.78433049853, -45.67022188772, 83.69621284860, -19.83208152828, 0, 0
-2.13238204252, 93.02757841702, -22.78417719885, -45.67561430605, 83.69553905375, -19.83300778461, 0, 0
-2.12984770656, 93.02555563096, -22.78402377123, -45.68100672001, 83.69486529731, -19.83393417408, 0, 0
-2.12731357775, 93.02353273165, -22.78387021567, -45.68639912963, 83.69419157927, -19.83486069671, 0, 0
-2.12477965607, 93.02150971913, -22.78371653217, -45.69179153489, 83.69351789958, -19.83578735252, 0, 0
-2.12224594154, 93.01948659340, -22.78356272073, -45.69718393581, 83.69284425822, -19.83671414150, 0, 0
-2.11971243414, 93.01746335448, -22.78340878134, -45.70257633237, 83.69217065516, -19.83764106369, 0, 0
-2.11717913386, 93.01544000239, -22.78325471400, -45.70796872458, 83.69149709038, -19.83856811909, 0, 0
-2.11464604070, 93.01341653715, -22.78310051871, -45.71336111245, 83.69082356384, -19.83949530772, 0, 0
-2.11211315466, 93.01139295878, -22.78294619545, -45.71875349596, 83.69015007553, -19.84042262958, 0, 0
-2.10958047572, 93.00936926729, -22.78279174424, -45.72414587513, 83.68947662540, -19.84135008469, 0, 0
-2.10704800389, 93.00734546270, -22.78263716507, -45.72953824996, 83.68880321343, -19.84227767307, 0, 0
-2.10451573915, 93.00532154503, -22.78248245792, -45.73493062044, 83.68812983959, -19.84320539472, 0, 0
-2.10198368151, 93.00329751429, -22.78232762281, -45.74032298657, 83.68745650386, -19.84413324967, 0, 0
-2.09945183095, 93.00127337051, -22.78217265972, -45.74571534836, 83.68678320620, -19.84506123791, 0, 0
-2.09692018747, 92.99924911370, -22.78201756866, -45.75110770581, 83.68610994659, -19.84598935948, 0, 0
-2.09438875106, 92.99722474388, -22.78186234961, -45.75650005892, 83.68543672501, -19.84691761437, 0, 0
-2.09185752171, 92.99520026107, -22.78170700258, -45.76189240769, 83.68476354141, -19.84784600261, 0, 0
-2.08932649943, 92.99317566528, -22.78155152756, -45.76728475212, 83.68409039577, -19.84877452420, 0, 0
-2.08679568421, 92.99115095653, -22.78139592455, -45.77267709221, 83.68341728807, -19.84970317916, 0, 0
-2.08426507603, 92.98912613484, -22.78124019355, -45.77806942796, 83.68274421828, -19.85063196750, 0, 0
-2.08173467490, 92.98710120023, -22.78108433455, -45.78346175937, 83.68207118636, -19.85156088923, 0, 0
-2.07920448081, 92.98507615271, -22.78092834755, -45.78885408645, 83.68139819230, -19.85248994438, 0, 0
-2.07667449374, 92.98305099230, -22.78077223254, -45.79424640919, 83.68072523605, -19.85341913294, 0, 0
-2.07414471371, 92.98102571903, -22.78061598953, -45.79963872760, 83.68005231760, -19.85434845494, 0, 0
-2.07161514069, 92.97900033290, -22.78045961850, -45.80503104168, 83.67937943691, -19.85527791039, 0, 0
-2.06908577469, 92.97697483393, -22.78030311946, -45.81042335142, 83.67870659396, -19.85620749929, 0, 0
-2.06655661570, 92.97494922215, -22.78014649241, -45.81581565683, 83.67803378872, -19.85713722167, 0, 0
-2.06402766370, 92.97292349757, -22.77998973733, -45.82120795791, 83.67736102115, -19.85806707754, 0, 0
-2.06149891871, 92.97089766020, -22.77983285422, -45.82660025466, 83.67668829124, -19.85899706690, 0, 0
-2.05897038071, 92.96887171007, -22.77967584309, -45.83199254708, 83.67601559896, -19.85992718977, 0, 0
-2.05644204969, 92.96684564720, -22.77951870393, -45.83738483517, 83.67534294426, -19.86085744617, 0, 0
-2.05391392565, 92.96481947159, -22.77936143673, -45.84277711894, 83.67467032714, -19.86178783611, 0, 0
-2.05138600858, 92.96279318327, -22.77920404150, -45.84816939837, 83.67399774755, -19.86271835960, 0, 0
-2.04885829848, 92.96076678225, -22.77904651822, -45.85356167349, 83.67332520547, -19.86364901665, 0, 0
-2.04633079535, 92.95874026856, -22.77888886690, -45.85895394428, 83.67265270088, -19.86457980728, 0, 0
-2.04380349916, 92.95671364221, -22.77873108753, -45.86434621074, 83.67198023373, -19.86551073150, 0, 0
-2.04127640993, 92.95468690322, -22.77857318011, -45.86973847288, 83.67130780402, -19.86644178933, 0, 0
-2.03874952764, 92.95266005160, -22.77841514463, -45.87513073070, 83.67063541170, -19.86737298076, 0, 0
-2.03622285229, 92.95063308738, -22.77825698110, -45.88052298420, 83.66996305674, -19.86830430583, 0, 0
-2.03369638387, 92.94860601056, -22.77809868950, -45.88591523338, 83.66929073913, -19.86923576454, 0, 0
-2.03117012238, 92.94657882118, -22.77794026984, -45.89130747824, 83.66861845883, -19.87016735690, 0, 0
-2.02864406780, 92.94455151924, -22.77778172212, -45.89669971878, 83.66794621582, -19.87109908294, 0, 0
-2.02611822015, 92.94252410476, -22.77762304632, -45.90209195501, 83.66727401005, -19.87203094265, 0, 0
-2.02359257939, 92.94049657777, -22.77746424244, -45.90748418691, 83.66660184152, -19.87296293605, 0, 0
-2.02106714555, 92.93846893827, -22.77730531049, -45.91287641450, 83.66592971019, -19.87389506317, 0, 0
-2.01854191859, 92.93644118629, -22.77714625045, -45.91826863778, 83.66525761602, -19.87482732400, 0, 0
-2.01601689853, 92.93441332184, -22.77698706233, -45.92366085674, 83.66458555900, -19.87575971856, 0, 0
-2.01349208535, 92.93238534495, -22.77682774612, -45.92905307139, 83.66391353909, -19.87669224687, 0, 0
-2.01096747905, 92.93035725562, -22.77666830182, -45.93444528173, 83.66324155626, -19.87762490894, 0, 0
-2.00844307963, 92.92832905388, -22.77650872943, -45.93983748776, 83.66256961050, -19.87855770478, 0, 0
-2.00591888707, 92.92630073975, -22.77634902893, -45.94522968947, 83.66189770176, -19.87949063440, 0, 0
-2.00339490137, 92.92427231323, -22.77618920033, -45.95062188688, 83.66122583002, -19.88042369782, 0, 0
-2.00087112253, 92.92224377436, -22.77602924363, -45.95601407998, 83.66055399526, -19.88135689506, 0, 0
-1.99834755053, 92.92021512314, -22.77586915882, -45.96140626877, 83.65988219743, -19.88229022611, 0, 0
-1.99582418538, 92.91818635959, -22.77570894590, -45.96679845325, 83.65921043653, -19.88322369100, 0, 0
-1.99330102707, 92.91615748374, -22.77554860486, -45.97219063343, 83.65853871251, -19.88415728974, 0, 0
-1.99077807558, 92.91412849559, -22.77538813571, -45.97758280930, 83.65786702535, -19.88509102234, 0, 0
-1.98825533092, 92.91209939518, -22.77522753843, -45.98297498087, 83.65719537502, -19.88602488881, 0, 0
-1.98573279308, 92.91007018251, -22.77506681303, -45.98836714814, 83.65652376149, -19.88695888917, 0, 0
-1.98321046206, 92.90804085760, -22.77490595950, -45.99375931110, 83.65585218473, -19.88789302343, 0, 0
-1.98068833784, 92.90601142046, -22.77474497783, -45.99915146976, 83.65518064472, -19.88882729161, 0, 0
-1.97816642042, 92.90398187113, -22.77458386803, -46.00454362412, 83.65450914143, -19.88976169371, 0, 0
-1.97564470980, 92.90195220961, -22.77442263010, -46.00993577419, 83.65383767483, -19.89069622975, 0, 0
-1.97312320597, 92.89992243593, -22.77426126402, -46.01532791995, 83.65316624489, -19.89163089974, 0, 0
-1.97060190892, 92.89789255009, -22.77409976979, -46.02072006141, 83.65249485157, -19.89256570370, 0, 0
-1.96808081865, 92.89586255212, -22.77393814741, -46.02611219858, 83.65182349487, -19.89350064163, 0, 0
-1.96555993516, 92.89383244203, -22.77377639689, -46.03150433146, 83.65115217474, -19.89443571356, 0, 0
-1.96303925842, 92.89180221985, -22.77361451821, -46.03689646003, 83.65048089115, -19.89537091948, 0, 0
-1.96051878845, 92.88977188559, -22.77345251137, -46.04228858432, 83.64980964409, -19.89630625943, 0, 0
-1.95799852523, 92.88774143926, -22.77329037636, -46.04768070431, 83.64913843351, -19.89724173340, 0, 0
-1.95547846876, 92.88571088090, -22.77312811319, -46.05307282000, 83.64846725940, -19.89817734141, 0, 0
-1.95295861903, 92.88368021050, -22.77296572186, -46.05846493141, 83.64779612172, -19.89911308348, 0, 0
-1.95043897604, 92.88164942809, -22.77280320234, -46.06385703853, 83.64712502044, -19.90004895962, 0, 0
-1.94791953977, 92.87961853369, -22.77264055466, -46.06924914135, 83.64645395554, -19.90098496983, 0, 0
-1.94540031023, 92.87758752732, -22.77247777879, -46.07464123989, 83.64578292700, -19.90192111414, 0, 0
-1.94288128741, 92.87555640899, -22.77231487475, -46.08003333414, 83.64511193477, -19.90285739256, 0, 0
-1.94036247130, 92.87352517872, -22.77215184251, -46.08542542410, 83.64444097883, -19.90379380509, 0, 0
-1.93784386190, 92.87149383653, -22.77198868209, -46.09081750978, 83.64377005916, -19.90473035176, 0, 0
-1.93532545920, 92.86946238243, -22.77182539348, -46.09620959117, 83.64309917572, -19.90566703257, 0, 0
-1.93280726319, 92.86743081645, -22.77166197667, -46.10160166828, 83.64242832849, -19.90660384753, 0, 0
-1.93028927387, 92.86539913859, -22.77149843166, -46.10699374110, 83.64175751744, -19.90754079667, 0, 0
-1.92777149123, 92.86336734889, -22.77133475845, -46.11238580965, 83.64108674253, -19.90847787999, 0, 0
-1.92525391526, 92.86133544735, -22.77117095703, -46.11777787391, 83.64041600375, -19.90941509751, 0, 0
-1.92273654597, 92.85930343399, -22.77100702740, -46.12316993389, 83.63974530107, -19.91035244923, 0, 0
-1.92021938334, 92.85727130884, -22.77084296956, -46.12856198959, 83.63907463444, -19.91128993517, 0, 0
-1.91770242737, 92.85523907190, -22.77067878351, -46.13395404101, 83.63840400386, -19.91222755535, 0, 0
-1.91518567806, 92.85320672320, -22.77051446923, -46.13934608815, 83.63773340928, -19.91316530977, 0, 0
-1.91266913538, 92.85117426275, -22.77035002674, -46.14473813102, 83.63706285068, -19.91410319846, 0, 0
-1.91015279935, 92.84914169058, -22.77018545602, -46.15013016961, 83.63639232804, -19.91504122141, 0, 0
-1.90763666996, 92.84710900669, -22.77002075706, -46.15552220392, 83.63572184132, -19.91597937866, 0, 0
-1.90512074719, 92.84507621111, -22.76985592988, -46.16091423396, 83.63505139049, -19.91691767019, 0, 0
-1.90260503104, 92.84304330385, -22.76969097446, -46.16630625973, 83.63438097553, -19.91785609604, 0, 0
-1.90008952151, 92.84101028493, -22.76952589080, -46.17169828123, 83.63371059641, -19.91879465621, 0, 0
-1.89757421859, 92.83897715437, -22.76936067890, -46.17709029845, 83.63304025309, -19.91973335072, 0, 0
-1.89505912227, 92.83694391219, -22.76919533875, -46.18248231140, 83.63236994556, -19.92067217958, 0, 0
-1.89254423256, 92.83491055840, -22.76902987035, -46.18787432009, 83.63169967379, -19.92161114280, 0, 0
-1.89002954943, 92.83287709302, -22.76886427370, -46.19326632450, 83.63102943773, -19.92255024039, 0, 0
-1.88751507289, 92.83084351608, -22.76869854879, -46.19865832465, 83.63035923737, -19.92348947237, 0, 0
-1.88500080293, 92.82880982757, -22.76853269563, -46.20405032053, 83.62968907269, -19.92442883875, 0, 0
-1.88248673955, 92.82677602754, -22.76836671420, -46.20944231214, 83.62901894364, -19.92536833954, 0, 0
-1.87997288273, 92.82474211598, -22.76820060451, -46.21483429949, 83.62834885020, -19.92630797475, 0, 0
-1.87745923247, 92.82270809292, -22.76803436654, -46.22022628258, 83.62767879234, -19.92724774440, 0, 0
-1.87494578878, 92.82067395838, -22.76786800030, -46.22561826140, 83.62700877004, -19.92818764851, 0, 0
-1.87243255163, 92.81863971237, -22.76770150579, -46.23101023596, 83.62633878327, -19.92912768707, 0, 0
-1.86991952102, 92.81660535492, -22.76753488300, -46.23640220626, 83.62566883199, -19.93006786012, 0, 0
-1.86740669696, 92.81457088603, -22.76736813192, -46.24179417229, 83.62499891618, -19.93100816765, 0, 0
-1.86489407942, 92.81253630573, -22.76720125256, -46.24718613407, 83.62432903581, -19.93194860968, 0, 0
-1.86238166841, 92.81050161403, -22.76703424491, -46.25257809159, 83.62365919086, -19.93288918622, 0, 0
-1.85986946392, 92.80846681096, -22.76686710897, -46.25797004485, 83.62298938129, -19.93382989730, 0, 0
-1.85735746595, 92.80643189653, -22.76669984473, -46.26336199385, 83.62231960707, -19.93477074291, 0, 0
-1.85484567448, 92.80439687075, -22.76653245219, -46.26875393860, 83.62164986819, -19.93571172307, 0, 0
-1.85233408952, 92.80236173364, -22.76636493135, -46.27414587909, 83.62098016460, -19.93665283780, 0, 0
-1.84982271105, 92.80032648523, -22.76619728220, -46.27953781533, 83.62031049628, -19.93759408710, 0, 0
-1.84731153907, 92.79829112553, -22.76602950474, -46.28492974732, 83.61964086321, -19.93853547100, 0, 0
-1.84480057357, 92.79625565456, -22.76586159897, -46.29032167505, 83.61897126534, -19.93947698950, 0, 0
-1.84228981455, 92.79422007232, -22.76569356489, -46.29571359853, 83.61830170267, -19.94041864261, 0, 0
-1.83977926200, 92.79218437886, -22.76552540248, -46.30110551777, 83.61763217515, -19.94136043035, 0, 0
-1.83726891592, 92.79014857417, -22.76535711175, -46.30649743275, 83.61696268276, -19.94230235273, 0, 0
-1.83475877630, 92.78811265827, -22.76518869269, -46.31188934348, 83.61629322547, -19.94324440977, 0, 0
-1.83224884313, 92.78607663119, -22.76502014531, -46.31728124997, 83.61562380325, -19.94418660146, 0, 0
-1.82973911641, 92.78404049295, -22.76485146959, -46.32267315221, 83.61495441608, -19.94512892784, 0, 0
-1.82722959613, 92.78200424355, -22.76468266554, -46.32806505020, 83.61428506392, -19.94607138891, 0, 0
-1.82472028229, 92.77996788302, -22.76451373314, -46.33345694395, 83.61361574674, -19.94701398469, 0, 0
-1.82221117487, 92.77793141138, -22.76434467241, -46.33884883345, 83.61294646453, -19.94795671517, 0, 0
-1.81970227388, 92.77589482863, -22.76417548332, -46.34424071871, 83.61227721724, -19.94889958039, 0, 0
-1.81719357930, 92.77385813481, -22.76400616589, -46.34963259973, 83.61160800486, -19.94984258035, 0, 0
-1.81468509114, 92.77182132993, -22.76383672011, -46.35502447651, 83.61093882735, -19.95078571506, 0, 0
-1.81217680938, 92.76978441399, -22.76366714596, -46.36041634905, 83.61026968468, -19.95172898455, 0, 0
-1.80966873402, 92.76774738704, -22.76349744346, -46.36580821734, 83.60960057684, -19.95267238880, 0, 0
-1.80716086505, 92.76571024907, -22.76332761260, -46.37120008140, 83.60893150377, -19.95361592786, 0, 0
-1.80465320247, 92.76367300010, -22.76315765337, -46.37659194123, 83.60826246547, -19.95455960171, 0, 0
-1.80214574627, 92.76163564017, -22.76298756577, -46.38198379681, 83.60759346190, -19.95550341038, 0, 0
-1.79963849645, 92.75959816927, -22.76281734979, -46.38737564816, 83.60692449303, -19.95644735389, 0, 0
-1.79713145299, 92.75756058744, -22.76264700544, -46.39276749527, 83.60625555884, -19.95739143223, 0, 0
-1.79462461589, 92.75552289468, -22.76247653271, -46.39815933815, 83.60558665929, -19.95833564543, 0, 0
-1.79211798516, 92.75348509102, -22.76230593160, -46.40355117680, 83.60491779436, -19.95927999350, 0, 0
-1.78961156077, 92.75144717647, -22.76213520210, -46.40894301122, 83.60424896402, -19.96022447644, 0, 0
-1.78710534272, 92.74940915105, -22.76196434421, -46.41433484140, 83.60358016824, -19.96116909428, 0, 0
-1.78459933102, 92.74737101477, -22.76179335793, -46.41972666736, 83.60291140699, -19.96211384703, 0, 0
-1.78209352564, 92.74533276766, -22.76162224325, -46.42511848908, 83.60224268024, -19.96305873469, 0, 0
-1.77958792660, 92.74329440974, -22.76145100017, -46.43051030658, 83.60157398797, -19.96400375728, 0, 0
-1.77708253387, 92.74125594101, -22.76127962869, -46.43590211985, 83.60090533015, -19.96494891482, 0, 0
-1.77457734745, 92.73921736150, -22.76110812881, -46.44129392889, 83.60023670674, -19.96589420731, 0, 0
-1.77207236735, 92.73717867123, -22.76093650051, -46.44668573371, 83.59956811773, -19.96683963476, 0, 0
-1.76956759354, 92.73513987021, -22.76076474380, -46.45207753430, 83.59889956308, -19.96778519720, 0, 0
-1.76706302603, 92.73310095846, -22.76059285867, -46.45746933067, 83.59823104276, -19.96873089463, 0, 0
-1.76455866481, 92.73106193599, -22.76042084513, -46.46286112282, 83.59756255674, -19.96967672707, 0, 0
-1.76205450987, 92.72902280283, -22.76024870316, -46.46825291074, 83.59689410500, -19.97062269452, 0, 0
-1.75955056121, 92.72698355900, -22.76007643276, -46.47364469444, 83.59622568751, -19.97156879701, 0, 0
-1.75704681882, 92.72494420450, -22.75990403394, -46.47903647393, 83.59555730424, -19.97251503454, 0, 0
-1.75454328270, 92.72290473936, -22.75973150668, -46.48442824919, 83.59488895516, -19.97346140712, 0, 0
-1.75203995283, 92.72086516360, -22.75955885099, -46.48982002024, 83.59422064024, -19.97440791477, 0, 0
-1.74953682922, 92.71882547723, -22.75938606685, -46.49521178707, 83.59355235946, -19.97535455750, 0, 0
-1.74703391185, 92.71678568027, -22.75921315427, -46.50060354968, 83.59288411278, -19.97630133532, 0, 0
-1.74453120072, 92.71474577273, -22.75904011325, -46.50599530808, 83.59221590018, -19.97724824825, 0, 0
-1.74202869583, 92.71270575464, -22.75886694378, -46.51138706226, 83.59154772163, -19.97819529630, 0, 0
-1.73952639717, 92.71066562602, -22.75869364585, -46.51677881223, 83.59087957710, -19.97914247948, 0, 0
-1.73702430472, 92.70862538687, -22.75852021947, -46.52217055799, 83.59021146656, -19.98008979780, 0, 0
-1.73452241850, 92.70658503722, -22.75834666462, -46.52756229953, 83.58954338999, -19.98103725127, 0, 0
-1.73202073848, 92.70454457709, -22.75817298132, -46.53295403687, 83.58887534735, -19.98198483992, 0, 0
-1.72951926467, 92.70250400649, -22.75799916955, -46.53834576999, 83.58820733862, -19.98293256374, 0, 0
-1.72701799705, 92.70046332544, -22.75782522931, -46.54373749891, 83.58753936376, -19.98388042276, 0, 0
-1.72451693563, 92.69842253395, -22.75765116059, -46.54912922362, 83.58687142276, -19.98482841698, 0, 0
-1.72201608039, 92.69638163206, -22.75747696340, -46.55452094412, 83.58620351558, -19.98577654642, 0, 0
-1.71951543133, 92.69434061976, -22.75730263773, -46.55991266041, 83.58553564219, -19.98672481109, 0, 0
-1.71701498845, 92.69229949708, -22.75712818357, -46.56530437250, 83.58486780256, -19.98767321100, 0, 0
-1.71451475173, 92.69025826405, -22.75695360093, -46.57069608039, 83.58419999667, -19.98862174617, 0, 0
-1.71201472117, 92.68821692066, -22.75677888980, -46.57608778407, 83.58353222449, -19.98957041660, 0, 0
-1.70951489676, 92.68617546695, -22.75660405018, -46.58147948355, 83.58286448599, -19.99051922232, 0, 0
-1.70701527851, 92.68413390293, -22.75642908206, -46.58687117883, 83.58219678114, -19.99146816332, 0, 0
-1.70451586639, 92.68209222862, -22.75625398544, -46.59226286991, 83.58152910991, -19.99241723963, 0, 0
-1.70201666042, 92.68005044403, -22.75607876032, -46.59765455679, 83.58086147227, -19.99336645126, 0, 0
-1.69951766057, 92.67800854918, -22.75590340669, -46.60304623947, 83.58019386820, -19.99431579822, 0, 0
-1.69701886685, 92.67596654410, -22.75572792456, -46.60843791795, 83.57952629767, -19.99526528052, 0, 0
-1.69452027924, 92.67392442879, -22.75555231390, -46.61382959224, 83.57885876065, -19.99621489817, 0, 0
-1.69202189775, 92.67188220328, -22.75537657474, -46.61922126233, 83.57819125710, -19.99716465120, 0, 0
-1.68952372236, 92.66983986758, -22.75520070705, -46.62461292822, 83.57752378701, -19.99811453960, 0, 0
-1.68702575307, 92.66779742171, -22.75502471084, -46.63000458993, 83.57685635034, -19.99906456339, 0, 0
-1.68452798987, 92.66575486568, -22.75484858610, -46.63539624744, 83.57618894706, -20.00001472258, 0, 0
-1.68203043276, 92.66371219952, -22.75467233284, -46.64078790075, 83.57552157716, -20.00096501720, 0, 0
-1.67953308173, 92.66166942325, -22.75449595104, -46.64617954988, 83.57485424059, -20.00191544724, 0, 0
-1.67703593678, 92.65962653687, -22.75431944070, -46.65157119481, 83.57418693732, -20.00286601272, 0, 0
-1.67453899789, 92.65758354041, -22.75414280183, -46.65696283556, 83.57351966734, -20.00381671365, 0, 0
-1.67204226507, 92.65554043389, -22.75396603441, -46.66235447212, 83.57285243062, -20.00476755006, 0, 0
-1.66954573830, 92.65349721732, -22.75378913845, -46.66774610449, 83.57218522711, -20.00571852194, 0, 0
-1.66704941758, 92.65145389072, -22.75361211393, -46.67313773267, 83.57151805680, -20.00666962931, 0, 0
-1.66455330291, 92.64941045410, -22.75343496087, -46.67852935667, 83.57085091966, -20.00762087218, 0, 0
-1.66205739427, 92.64736690749, -22.75325767924, -46.68392097649, 83.57018381566, -20.00857225057, 0, 0
-1.65956169166, 92.64532325091, -22.75308026906, -46.68931259212, 83.56951674477, -20.00952376448, 0, 0
-1.65706619508, 92.64327948436, -22.75290273031, -46.69470420357, 83.56884970696, -20.01047541394, 0, 0
-1.65457090452, 92.64123560787, -22.75272506300, -46.70009581083, 83.56818270220, -20.01142719895, 0, 0
-1.65207581997, 92.63919162146, -22.75254726712, -46.70548741392, 83.56751573047, -20.01237911952, 0, 0
-1.64958094143, 92.63714752513, -22.75236934267, -46.71087901283, 83.56684879173, -20.01333117567, 0, 0
-1.64708626889, 92.63510331892, -22.75219128964, -46.71627060755, 83.56618188596, -20.01428336741, 0, 0
-1.64459180234, 92.63305900283, -22.75201310803, -46.72166219810, 83.56551501313, -20.01523569475, 0, 0
-1.64209754178, 92.63101457689, -22.75183479783, -46.72705378447, 83.56484817321, -20.01618815771, 0, 0
-1.63960348720, 92.62897004112, -22.75165635906, -46.73244536667, 83.56418136617, -20.01714075629, 0, 0
-1.63710963860, 92.62692539552, -22.75147779169, -46.73783694469, 83.56351459199, -20.01809349051, 0, 0
-1.63461599597, 92.62488064011, -22.75129909573, -46.74322851854, 83.56284785063, -20.01904636038, 0, 0
-1.63212255930, 92.62283577493, -22.75112027117, -46.74862008821, 83.56218114207, -20.01999936592, 0, 0
-1.62962932859, 92.62079079997, -22.75094131801, -46.75401165371, 83.56151446628, -20.02095250713, 0, 0
-1.62713630383, 92.61874571527, -22.75076223625, -46.75940321505, 83.56084782323, -20.02190578402, 0, 0
-1.62464348501, 92.61670052083, -22.75058302589, -46.76479477221, 83.56018121289, -20.02285919662, 0, 0
-1.62215087213, 92.61465521667, -22.75040368691, -46.77018632520, 83.55951463523, -20.02381274493, 0, 0
-1.61965846518, 92.61260980282, -22.75022421932, -46.77557787402, 83.55884809023, -20.02476642897, 0, 0
-1.61716626416, 92.61056427929, -22.75004462312, -46.78096941867, 83.55818157785, -20.02572024874, 0, 0
-1.61467426906, 92.60851864609, -22.74986489830, -46.78636095916, 83.55751509807, -20.02667420426, 0, 0
-1.61218247988, 92.60647290325, -22.74968504485, -46.79175249548, 83.55684865086, -20.02762829555, 0, 0
-1.60969089660, 92.60442705078, -22.74950506278, -46.79714402764, 83.55618223619, -20.02858252260, 0, 0
-1.60719951922, 92.60238108870, -22.74932495208, -46.80253555563, 83.55551585403, -20.02953688545, 0, 0
-1.60470834774, 92.60033501703, -22.74914471274, -46.80792707946, 83.55484950436, -20.03049138409, 0, 0
-1.60221738214, 92.59828883578, -22.74896434477, -46.81331859913, 83.55418318714, -20.03144601854, 0, 0
-1.59972662243, 92.59624254497, -22.74878384816, -46.81871011464, 83.55351690235, -20.03240078882, 0, 0
-1.59723606859, 92.59419614462, -22.74860322291, -46.82410162599, 83.55285064995, -20.03335569493, 0, 0
-1.59474572063, 92.59214963475, -22.74842246901, -46.82949313318, 83.55218442993, -20.03431073688, 0, 0
-1.59225557853, 92.59010301537, -22.74824158646, -46.83488463621, 83.55151824224, -20.03526591470, 0, 0
-1.58976564228, 92.58805628651, -22.74806057526, -46.84027613508, 83.55085208687, -20.03622122839, 0, 0
-1.58727591189, 92.58600944817, -22.74787943541, -46.84566762980, 83.55018596379, -20.03717667796, 0, 0
-1.58478638734, 92.58396250038, -22.74769816689, -46.85105912036, 83.54951987296, -20.03813226343, 0, 0
-1.58229706863, 92.58191544316, -22.74751676971, -46.85645060677, 83.54885381435, -20.03908798481, 0, 0
-1.57980795576, 92.57986827651, -22.74733524387, -46.86184208903, 83.54818778795, -20.04004384211, 0, 0
-1.57731904871, 92.57782100047, -22.74715358935, -46.86723356713, 83.54752179371, -20.04099983534, 0, 0
-1.57483034748, 92.57577361504, -22.74697180617, -46.87262504108, 83.54685583162, -20.04195596452, 0, 0
-1.57234185206, 92.57372612024, -22.74678989431, -46.87801651088, 83.54618990164, -20.04291222966, 0, 0
-1.56985356246, 92.57167851610, -22.74660785377, -46.88340797653, 83.54552400374, -20.04386863076, 0, 0
-1.56736547865, 92.56963080262, -22.74642568454, -46.88879943803, 83.54485813790, -20.04482516785, 0, 0
-1.56487760064, 92.56758297983, -22.74624338663, -46.89419089539, 83.54419230409, -20.04578184093, 0, 0
-1.56238992842, 92.56553504775, -22.74606096003, -46.89958234860, 83.54352650228, -20.04673865001, 0, 0
-1.55990246198, 92.56348700638, -22.74587840474, -46.90497379766, 83.54286073243, -20.04769559512, 0, 0
-1.55741520131, 92.56143885576, -22.74569572076, -46.91036524257, 83.54219499453, -20.04865267625, 0, 0
-1.55492814642, 92.55939059589, -22.74551290807, -46.91575668335, 83.54152928855, -20.04960989343, 0, 0
-1.55244129729, 92.55734222679, -22.74532996668, -46.92114811998, 83.54086361445, -20.05056724666, 0, 0
-1.54995465392, 92.55529374849, -22.74514689659, -46.92653955247, 83.54019797220, -20.05152473596, 0, 0
-1.54746821630, 92.55324516099, -22.74496369779, -46.93193098081, 83.53953236178, -20.05248236134, 0, 0
-1.54498198443, 92.55119646432, -22.74478037027, -46.93732240502, 83.53886678317, -20.05344012282, 0, 0
-1.54249595829, 92.54914765850, -22.74459691404, -46.94271382509, 83.53820123632, -20.05439802039, 0, 0
-1.54001013789, 92.54709874353, -22.74441332909, -46.94810524102, 83.53753572122, -20.05535605408, 0, 0
-1.53752452321, 92.54504971944, -22.74422961542, -46.95349665281, 83.53687023783, -20.05631422390, 0, 0
-1.53503911426, 92.54300058625, -22.74404577302, -46.95888806047, 83.53620478612, -20.05727252986, 0, 0
-1.53255391101, 92.54095134397, -22.74386180190, -46.96427946399, 83.53553936608, -20.05823097197, 0, 0
-1.53006891348, 92.53890199262, -22.74367770204, -46.96967086338, 83.53487397766, -20.05918955024, 0, 0
-1.52758412164, 92.53685253222, -22.74349347344, -46.97506225863, 83.53420862084, -20.06014826469, 0, 0
-1.52509953551, 92.53480296279, -22.74330911611, -46.98045364975, 83.53354329559, -20.06110711533, 0, 0
-1.52261515506, 92.53275328434, -22.74312463003, -46.98584503674, 83.53287800189, -20.06206610217, 0, 0
-1.52013098029, 92.53070349689, -22.74294001521, -46.99123641960, 83.53221273970, -20.06302522523, 0, 0
-1.51764701120, 92.52865360045, -22.74275527164, -46.99662779833, 83.53154750899, -20.06398448451, 0, 0
-1.51516324778, 92.52660359506, -22.74257039932, -47.00201917293, 83.53088230975, -20.06494388002, 0, 0
-1.51267969002, 92.52455348071, -22.74238539824, -47.00741054341, 83.53021714193, -20.06590341179, 0, 0
-1.51019633792, 92.52250325744, -22.74220026841, -47.01280190975, 83.52955200551, -20.06686307981, 0, 0
-1.50771319147, 92.52045292525, -22.74201500981, -47.01819327197, 83.52888690046, -20.06782288411, 0, 0
-1.50523025066, 92.51840248417, -22.74182962245, -47.02358463007, 83.52822182676, -20.06878282470, 0, 0
-1.50274751550, 92.51635193421, -22.74164410631, -47.02897598404, 83.52755678437, -20.06974290158, 0, 0
-1.50026498596, 92.51430127539, -22.74145846141, -47.03436733389, 83.52689177327, -20.07070311477, 0, 0
-1.49778266206, 92.51225050773, -22.74127268773, -47.03975867962, 83.52622679343, -20.07166346429, 0, 0
-1.49530054377, 92.51019963124, -22.74108678527, -47.04515002123, 83.52556184481, -20.07262395014, 0, 0
-1.49281863109, 92.50814864595, -22.74090075403, -47.05054135871, 83.52489692740, -20.07358457233, 0, 0
-1.49033692402, 92.50609755186, -22.74071459401, -47.05593269208, 83.52423204115, -20.07454533088, 0, 0
-1.48785542256, 92.50404634900, -22.74052830519, -47.06132402133, 83.52356718605, -20.07550622580, 0, 0
-1.48537412668, 92.50199503739, -22.74034188759, -47.06671534646, 83.52290236207, -20.07646725711, 0, 0
-1.48289303640, 92.49994361704, -22.74015534119, -47.07210666748, 83.52223756917, -20.07742842481, 0, 0
-1.48041215170, 92.49789208797, -22.73996866599, -47.07749798438, 83.52157280733, -20.07838972891, 0, 0
-1.47793147257, 92.49584045019, -22.73978186199, -47.08288929717, 83.52090807652, -20.07935116944, 0, 0
-1.47545099901, 92.49378870373, -22.73959492918, -47.08828060584, 83.52024337671, -20.08031274639, 0, 0
-1.47297073102, 92.49173684861, -22.73940786757, -47.09367191040, 83.51957870787, -20.08127445979, 0, 0
-1.47049066858, 92.48968488483, -22.73922067714, -47.09906321085, 83.51891406998, -20.08223630964, 0, 0
-1.46801081169, 92.48763281242, -22.73903335790, -47.10445450719, 83.51824946300, -20.08319829595, 0, 0
-1.46553116034, 92.48558063139, -22.73884590984, -47.10984579942, 83.51758488691, -20.08416041875, 0, 0
-1.46305171454, 92.48352834176, -22.73865833296, -47.11523708754, 83.51692034167, -20.08512267804, 0, 0
-1.46057247426, 92.48147594355, -22.73847062725, -47.12062837155, 83.51625582727, -20.08608507383, 0, 0
-1.45809343951, 92.47942343678, -22.73828279271, -47.12601965146, 83.51559134366, -20.08704760613, 0, 0
-1.45561461028, 92.47737082147, -22.73809482935, -47.13141092726, 83.51492689083, -20.08801027496, 0, 0
-1.45313598656, 92.47531809762, -22.73790673715, -47.13680219896, 83.51426246874, -20.08897308033, 0, 0
-1.45065756834, 92.47326526527, -22.73771851611, -47.14219346655, 83.51359807737, -20.08993602225, 0, 0
-1.44817935563, 92.47121232441, -22.73753016623, -47.14758473004, 83.51293371669, -20.09089910073, 0, 0
-1.44570134841, 92.46915927509, -22.73734168750, -47.15297598943, 83.51226938666, -20.09186231579, 0, 0
-1.44322354667, 92.46710611730, -22.73715307993, -47.15836724471, 83.51160508726, -20.09282566743, 0, 0
-1.44074595042, 92.46505285107, -22.73696434350, -47.16375849590, 83.51094081846, -20.09378915567, 0, 0
-1.43826855964, 92.46299947642, -22.73677547822, -47.16914974299, 83.51027658024, -20.09475278053, 0, 0
-1.43579137433, 92.46094599337, -22.73658648408, -47.17454098598, 83.50961237256, -20.09571654200, 0, 0
-1.43331439448, 92.45889240192, -22.73639736108, -47.17993222487, 83.50894819539, -20.09668044011, 0, 0
-1.43083762009, 92.45683870210, -22.73620810922, -47.18532345967, 83.50828404872, -20.09764447487, 0, 0
-1.42836105114, 92.45478489393, -22.73601872849, -47.19071469037, 83.50761993250, -20.09860864628, 0, 0
-1.42588468764, 92.45273097742, -22.73582921888, -47.19610591698, 83.50695584671, -20.09957295437, 0, 0
-1.42340852957, 92.45067695259, -22.73563958040, -47.20149713950, 83.50629179132, -20.10053739914, 0, 0
-1.42093257694, 92.44862281945, -22.73544981305, -47.20688835792, 83.50562776630, -20.10150198060, 0, 0
-1.41845682972, 92.44656857804, -22.73525991681, -47.21227957225, 83.50496377163, -20.10246669877, 0, 0
-1.41598128793, 92.44451422835, -22.73506989169, -47.21767078249, 83.50429980727, -20.10343155366, 0, 0
-1.41350595154, 92.44245977042, -22.73487973768, -47.22306198865, 83.50363587320, -20.10439654528, 0, 0
-1.41103082056, 92.44040520425, -22.73468945478, -47.22845319071, 83.50297196939, -20.10536167364, 0, 0
-1.40855589498, 92.43835052987, -22.73449904298, -47.23384438869, 83.50230809581, -20.10632693875, 0, 0
-1.40608117479, 92.43629574729, -22.73430850229, -47.23923558258, 83.50164425243, -20.10729234063, 0, 0
-1.40360665998, 92.43424085653, -22.73411783270, -47.24462677238, 83.50098043922, -20.10825787929, 0, 0
-1.40113235056, 92.43218585761, -22.73392703420, -47.25001795810, 83.50031665616, -20.10922355474, 0, 0
-1.39865824651, 92.43013075054, -22.73373610679, -47.25540913974, 83.49965290321, -20.11018936699, 0, 0
-1.39618434782, 92.42807553535, -22.73354505048, -47.26080031729, 83.49898918035, -20.11115531606, 0, 0
-1.39371065449, 92.42602021204, -22.73335386525, -47.26619149077, 83.49832548755, -20.11212140195, 0, 0
-1.39123716652, 92.42396478065, -22.73316255110, -47.27158266016, 83.49766182477, -20.11308762468, 0, 0
-1.38876388389, 92.42190924117, -22.73297110803, -47.27697382547, 83.49699819200, -20.11405398425, 0, 0
-1.38629080661, 92.41985359364, -22.73277953603, -47.28236498670, 83.49633458920, -20.11502048069, 0, 0
-1.38381793466, 92.41779783807, -22.73258783511, -47.28775614386, 83.49567101635, -20.11598711401, 0, 0
-1.38134526803, 92.41574197447, -22.73239600526, -47.29314729694, 83.49500747341, -20.11695388420, 0, 0
-1.37887280673, 92.41368600287, -22.73220404647, -47.29853844594, 83.49434396035, -20.11792079130, 0, 0
-1.37640055075, 92.41162992327, -22.73201195875, -47.30392959087, 83.49368047716, -20.11888783530, 0, 0
-1.37392850007, 92.40957373571, -22.73181974209, -47.30932073173, 83.49301702379, -20.11985501623, 0, 0
-1.37145665470, 92.40751744020, -22.73162739648, -47.31471186851, 83.49235360023, -20.12082233409, 0, 0
-1.36898501462, 92.40546103674, -22.73143492192, -47.32010300122, 83.49169020644, -20.12178978889, 0, 0
-1.36651357983, 92.40340452537, -22.73124231842, -47.32549412986, 83.49102684239, -20.12275738065, 0, 0
-1.36404235033, 92.40134790610, -22.73104958596, -47.33088525443, 83.49036350806, -20.12372510938, 0, 0
-1.36157132610, 92.39929117894, -22.73085672454, -47.33627637493, 83.48970020341, -20.12469297509, 0, 0
-1.35910050714, 92.39723434392, -22.73066373416, -47.34166749136, 83.48903692842, -20.12566097779, 0, 0
-1.35662989345, 92.39517740104, -22.73047061482, -47.34705860373, 83.48837368307, -20.12662911749, 0, 0
-1.35415948502, 92.39312035034, -22.73027736651, -47.35244971202, 83.48771046731, -20.12759739421, 0, 0
-1.35168928183, 92.39106319182, -22.73008398924, -47.35784081626, 83.48704728112, -20.12856580796, 0, 0
-1.34921928390, 92.38900592550, -22.72989048298, -47.36323191643, 83.48638412448, -20.12953435875, 0, 0
-1.34674949120, 92.38694855140, -22.72969684775, -47.36862301253, 83.48572099736, -20.13050304659, 0, 0
-1.34427990373, 92.38489106955, -22.72950308354, -47.37401410458, 83.48505789972, -20.13147187149, 0, 0
-1.34181052149, 92.38283347994, -22.72930919035, -47.37940519256, 83.48439483154, -20.13244083347, 0, 0
-1.33934134447, 92.38077578261, -22.72911516817, -47.38479627648, 83.48373179279, -20.13340993253, 0, 0
-1.33687237266, 92.37871797757, -22.72892101700, -47.39018735635, 83.48306878344, -20.13437916870, 0, 0
-1.33440360606, 92.37666006483, -22.72872673684, -47.39557843215, 83.48240580346, -20.13534854197, 0, 0
-1.33193504466, 92.37460204443, -22.72853232768, -47.40096950390, 83.48174285282, -20.13631805237, 0, 0
-1.32946668845, 92.37254391636, -22.72833778952, -47.40636057159, 83.48107993150, -20.13728769990, 0, 0
-1.32699853743, 92.37048568065, -22.72814312235, -47.41175163523, 83.48041703947, -20.13825748457, 0, 0
-1.32453059159, 92.36842733732, -22.72794832618, -47.41714269481, 83.47975417670, -20.13922740641, 0, 0
-1.32206285092, 92.36636888638, -22.72775340100, -47.42253375034, 83.47909134315, -20.14019746541, 0, 0
-1.31959531543, 92.36431032786, -22.72755834681, -47.42792480181, 83.47842853880, -20.14116766160, 0, 0
-1.31712798509, 92.36225166176, -22.72736316360, -47.43331584924, 83.47776576363, -20.14213799497, 0, 0
-1.31466085991, 92.36019288811, -22.72716785137, -47.43870689261, 83.47710301760, -20.14310846556, 0, 0
-1.31219393988, 92.35813400693, -22.72697241011, -47.44409793193, 83.47644030068, -20.14407907336, 0, 0
-1.30972722499, 92.35607501822, -22.72677683983, -47.44948896721, 83.47577761285, -20.14504981839, 0, 0
-1.30726071524, 92.35401592202, -22.72658114052, -47.45487999844, 83.47511495408, -20.14602070066, 0, 0
-1.30479441062, 92.35195671833, -22.72638531218, -47.46027102562, 83.47445232434, -20.14699172018, 0, 0
-1.30232831112, 92.34989740717, -22.72618935480, -47.46566204875, 83.47378972360, -20.14796287696, 0, 0
-1.29986241674, 92.34783798856, -22.72599326838, -47.47105306784, 83.47312715183, -20.14893417102, 0, 0
-1.29739672746, 92.34577846253, -22.72579705292, -47.47644408289, 83.47246460900, -20.14990560237, 0, 0
-1.29493124330, 92.34371882908, -22.72560070841, -47.48183509389, 83.47180209508, -20.15087717102, 0, 0
-1.29246596423, 92.34165908823, -22.72540423485, -47.48722610086, 83.47113961006, -20.15184887698, 0, 0
-1.29000089025, 92.33959924000, -22.72520763224, -47.49261710378, 83.47047715389, -20.15282072026, 0, 0
-1.28753602135, 92.33753928441, -22.72501090058, -47.49800810266, 83.46981472655, -20.15379270087, 0, 0
-1.28507135753, 92.33547922147, -22.72481403985, -47.50339909750, 83.46915232800, -20.15476481883, 0, 0
-1.28260689879, 92.33341905121, -22.72461705006, -47.50879008831, 83.46848995823, -20.15573707415, 0, 0
-1.28014264511, 92.33135877364, -22.72441993121, -47.51418107507, 83.46782761721, -20.15670946684, 0, 0
-1.27767859649, 92.32929838877, -22.72422268328, -47.51957205780, 83.46716530489, -20.15768199691, 0, 0
-1.27521475292, 92.32723789663, -22.72402530629, -47.52496303650, 83.46650302127, -20.15865466437, 0, 0
-1.27275111439, 92.32517729723, -22.72382780021, -47.53035401116, 83.46584076630, -20.15962746924, 0, 0
-1.27028768091, 92.32311659059, -22.72363016506, -47.53574498179, 83.46517853995, -20.16060041153, 0, 0
-1.26782445246, 92.32105577673, -22.72343240083, -47.54113594839, 83.46451634221, -20.16157349124, 0, 0
-1.26536142904, 92.31899485566, -22.72323450751, -47.54652691096, 83.46385417304, -20.16254670839, 0, 0
-1.26289861063, 92.31693382741, -22.72303648510, -47.55191786949, 83.46319203241, -20.16352006299, 0, 0
-1.26043599724, 92.31487269198, -22.72283833360, -47.55730882400, 83.46252992029, -20.16449355506, 0, 0
-1.25797358886, 92.31281144940, -22.72264005300, -47.56269977448, 83.46186783666, -20.16546718460, 0, 0
-1.25551138548, 92.31075009968, -22.72244164330, -47.56809072093, 83.46120578149, -20.16644095163, 0, 0
-1.25304938709, 92.30868864285, -22.72224310450, -47.57348166336, 83.46054375474, -20.16741485616, 0, 0
-1.25058759369, 92.30662707891, -22.72204443660, -47.57887260176, 83.45988175640, -20.16838889820, 0, 0
-1.24812600527, 92.30456540789, -22.72184563959, -47.58426353613, 83.45921978642, -20.16936307776, 0, 0
-1.24566462182, 92.30250362980, -22.72164671346, -47.58965446649, 83.45855784479, -20.17033739485, 0, 0
-1.24320344335, 92.30044174466, -22.72144765822, -47.59504539282, 83.45789593146, -20.17131184948, 0, 0
-1.24074246983, 92.29837975249, -22.72124847386, -47.60043631513, 83.45723404643, -20.17228644168, 0, 0
-1.23828170127, 92.29631765331, -22.72104916038, -47.60582723341, 83.45657218965, -20.17326117144, 0, 0
-1.23582113766, 92.29425544712, -22.72084971777, -47.61121814768, 83.45591036109, -20.17423603878, 0, 0
-1.23336077900, 92.29219313396, -22.72065014604, -47.61660905793, 83.45524856074, -20.17521104372, 0, 0
-1.23090062527, 92.29013071384, -22.72045044517, -47.62199996417, 83.45458678856, -20.17618618626, 0, 0
-1.22844067646, 92.28806818677, -22.72025061517, -47.62739086639, 83.45392504451, -20.17716146641, 0, 0
-1.22598093258, 92.28600555277, -22.72005065603, -47.63278176459, 83.45326332858, -20.17813688419, 0, 0
-1.22352139362, 92.28394281187, -22.71985056775, -47.63817265877, 83.45260164074, -20.17911243961, 0, 0
-1.22106205957, 92.28187996407, -22.71965035032, -47.64356354895, 83.45193998095, -20.18008813267, 0, 0
-1.21860293042, 92.27981700939, -22.71945000374, -47.64895443511, 83.45127834919, -20.18106396340, 0, 0
-1.21614400617, 92.27775394785, -22.71924952802, -47.65434531726, 83.45061674542, -20.18203993180, 0, 0
-1.21368528681, 92.27569077948, -22.71904892313, -47.65973619540, 83.44995516963, -20.18301603789, 0, 0
-1.21122677233, 92.27362750428, -22.71884818909, -47.66512706953, 83.44929362177, -20.18399228167, 0, 0
-1.20876846273, 92.27156412228, -22.71864732589, -47.67051793965, 83.44863210183, -20.18496866317, 0, 0
-1.20631035800, 92.26950063348, -22.71844633352, -47.67590880576, 83.44797060977, -20.18594518238, 0, 0
-1.20385245814, 92.26743703792, -22.71824521199, -47.68129966787, 83.44730914557, -20.18692183932, 0, 0
-1.20139476313, 92.26537333560, -22.71804396128, -47.68669052597, 83.44664770919, -20.18789863400, 0, 0
-1.19893727298, 92.26330952654, -22.71784258140, -47.69208138006, 83.44598630061, -20.18887556644, 0, 0
-1.19647998767, 92.26124561077, -22.71764107234, -47.69747223016, 83.44532491980, -20.18985263665, 0, 0
-1.19402290720, 92.25918158829, -22.71743943410, -47.70286307625, 83.44466356673, -20.19082984463, 0, 0
-1.19156603156, 92.25711745913, -22.71723766668, -47.70825391833, 83.44400224137, -20.19180719040, 0, 0
-1.18910936075, 92.25505322330, -22.71703577006, -47.71364475642, 83.44334094370, -20.19278467398, 0, 0
-1.18665289476, 92.25298888082, -22.71683374426, -47.71903559051, 83.44267967368, -20.19376229536, 0, 0
-1.18419663358, 92.25092443171, -22.71663158926, -47.72442642060, 83.44201843128, -20.19474005457, 0, 0
-1.18174057720, 92.24885987598, -22.71642930507, -47.72981724669, 83.44135721649, -20.19571795162, 0, 0
-1.17928472563, 92.24679521366, -22.71622689167, -47.73520806878, 83.44069602926, -20.19669598651, 0, 0
-1.17682907884, 92.24473044475, -22.71602434907, -47.74059888688, 83.44003486957, -20.19767415926, 0, 0
-1.17437363685, 92.24266556928, -22.71582167726, -47.74598970098, 83.43937373739, -20.19865246988, 0, 0
-1.17191839963, 92.24060058727, -22.71561887624, -47.75138051109, 83.43871263269, -20.19963091839, 0, 0
-1.16946336719, 92.23853549872, -22.71541594601, -47.75677131721, 83.43805155545, -20.20060950478, 0, 0
-1.16700853951, 92.23647030367, -22.71521288656, -47.76216211933, 83.43739050563, -20.20158822908, 0, 0
-1.16455391660, 92.23440500212, -22.71500969789, -47.76755291747, 83.43672948321, -20.20256709130, 0, 0
-1.16209949844, 92.23233959410, -22.71480637999, -47.77294371161, 83.43606848816, -20.20354609145, 0, 0
-1.15964528502, 92.23027407962, -22.71460293287, -47.77833450177, 83.43540752044, -20.20452522953, 0, 0
-1.15719127635, 92.22820845869, -22.71439935651, -47.78372528793, 83.43474658004, -20.20550450557, 0, 0
-1.15473747241, 92.22614273134, -22.71419565093, -47.78911607011, 83.43408566692, -20.20648391956, 0, 0
-1.15228387320, 92.22407689759, -22.71399181610, -47.79450684830, 83.43342478105, -20.20746347154, 0, 0
-1.14983047871, 92.22201095744, -22.71378785204, -47.79989762251, 83.43276392240, -20.20844316149, 0, 0
-1.14737728893, 92.21994491093, -22.71358375873, -47.80528839274, 83.43210309096, -20.20942298945, 0, 0
-1.14492430387, 92.21787875805, -22.71337953617, -47.81067915898, 83.43144228667, -20.21040295541, 0, 0
-1.14247544779, 92.21581580494, -22.71317551143, -47.81606129602, 83.43078256675, -20.21138149112, 0, 0
-1.14003464367, 92.21375935839, -22.71297201240, -47.82142617868, 83.43012498821, -20.21235702743, 0, 0
-1.13760581317, 92.21171272587, -22.71276936777, -47.82676518178, 83.42947060790, -20.21332799430, 0, 0
-1.13519287670, 92.20967921551, -22.71256790708, -47.83206968018, 83.42882048249, -20.21429282087, 0, 0
-1.13279975337, 92.20766213611, -22.71236796065, -47.83733104878, 83.42817566851, -20.21524993537, 0, 0
-1.13043036105, 92.20566479711, -22.71216985957, -47.84254066248, 83.42753722230, -20.21619776522, 0, 0
-1.12808861640, 92.20369050858, -22.71197393573, -47.84768989621, 83.42690620005, -20.21713473703, 0, 0
-1.12577843491, 92.20174258121, -22.71178052175, -47.85277012494, 83.42628365779, -20.21805927657, 0, 0
-1.12350373092, 92.19982432626, -22.71158995096, -47.85777272362, 83.42567065143, -20.21896980889, 0, 0
-1.12126841767, 92.19793905558, -22.71140255741, -47.86268906727, 83.42506823670, -20.21986475827, 0, 0
-1.11907640735, 92.19609008155, -22.71121867579, -47.86751053091, 83.42447746922, -20.22074254827, 0, 0
-1.11693161117, 92.19428071706, -22.71103864142, -47.87222848957, 83.42389940447, -20.22160160182, 0, 0
-1.11483793941, 92.19251427550, -22.71086279022, -47.87683431830, 83.42333509782, -20.22244034118, 0, 0
-1.11279930146, 92.19079407069, -22.71069145864, -47.88131939219, 83.42278560451, -20.22325718804, 0, 0
-1.11081960596, 92.18912341687, -22.71052498366, -47.88567508631, 83.42225197970, -20.22405056356, 0, 0
-1.10890276078, 92.18750562864, -22.71036370269, -47.88989277577, 83.42173527846, -20.22481888840, 0, 0
-1.10705267318, 92.18594402095, -22.71020795356, -47.89396383569, 83.42123655575, -20.22556058279, 0, 0
-1.10527324987, 92.18444190902, -22.71005807443, -47.89787964120, 83.42075686650, -20.22627406660, 0, 0
-1.10356839709, 92.18300260830, -22.70991440377, -47.90163156741, 83.42029726555, -20.22695775936, 0, 0
-1.10194202072, 92.18162943445, -22.70977728027, -47.90521098948, 83.41985880771, -20.22761008037, 0, 0
-1.10039802639, 92.18032570324, -22.70964704280, -47.90860928255, 83.41944254777, -20.22822944877, 0, 0
-1.09894031955, 92.17909473054, -22.70952403031, -47.91181782177, 83.41904954047, -20.22881428356, 0, 0
-1.09757280565, 92.17793983222, -22.70940858178, -47.91482798229, 83.41868084058, -20.22936300373, 0, 0
-1.09629939017, 92.17686432412, -22.70930103614, -47.91763113925, 83.41833750287, -20.22987402833, 0, 0
-1.09512397883, 92.17587152197, -22.70920173221, -47.92021866780, 83.41802058212, -20.23034577652, 0, 0
-1.09404264203, 92.17495812243, -22.70911034628, -47.92259919327, 83.41772902044, -20.23077981298, 0, 0
-1.09305145167, 92.17412082136, -22.70902655369, -47.92478134093, 83.41746176011, -20.23117770343, 0, 0
-1.09214648104, 92.17335631391, -22.70895002891, -47.92677373606, 83.41721774361, -20.23154101450, 0, 0
-1.09132380473, 92.17266129458, -22.70888044559, -47.92858500388, 83.41699591357, -20.23187131367, 0, 0
-1.09057949844, 92.17203245726, -22.70881747668, -47.93022376962, 83.41679521278, -20.23217016924, 0, 0
-1.08990963894, 92.17146649530, -22.70876079444, -47.93169865848, 83.41661458416, -20.23243915017, 0, 0
-1.08931030395, 92.17096010156, -22.70871007054, -47.93301829563, 83.41645297076, -20.23267982609, 0, 0
-1.08877757202, 92.17050996846, -22.70866497613, -47.93419130622, 83.41630931574, -20.23289376720, 0, 0
-1.08830752249, 92.17011278804, -22.70862518186, -47.93522631542, 83.41618256235, -20.23308254421, 0, 0
-1.08789623533, 92.16976525196, -22.70859035796, -47.93613194835, 83.41607165394, -20.23324772827, 0, 0
-1.08753979112, 92.16946405160, -22.70856017429, -47.93691683012, 83.41597553391, -20.23339089095, 0, 0
-1.08723427097, 92.16920587808, -22.70853430039, -47.93758958587, 83.41589314577, -20.23351360415, 0, 0
-1.08697575641, 92.16898742228, -22.70851240553, -47.93815884068, 83.41582343305, -20.23361744008, 0, 0
-1.08676032935, 92.16880537487, -22.70849415870, -47.93863321966, 83.41576533934, -20.23370397120, 0, 0
-1.08658407203, 92.16865642638, -22.70847922873, -47.93902134789, 83.41571780827, -20.23377477018, 0, 0
-1.08644306693, 92.16853726720, -22.70846728428, -47.93933185045, 83.41567978352, -20.23383140988, 0, 0
-1.08633339677, 92.16844458759, -22.70845799385, -47.93957335244, 83.41565020877, -20.23387546330, 0, 0
-1.08625114442, 92.16837507774, -22.70845102586, -47.93975447893, 83.41562802775, -20.23390850355, 0, 0
-1.08619239288, 92.16832542778, -22.70844604863, -47.93988385499, 83.41561218418, -20.23393210382, 0, 0
-1.08615322525, 92.16829232777, -22.70844273044, -47.93997010570, 83.41560162180, -20.23394783738, 0, 0
-1.08612972470, 92.16827246775, -22.70844073951, -47.94002185612, 83.41559528438, -20.23395727754, 0, 0
-1.08611797443, 92.16826253774, -22.70843974403, -47.94004773133, 83.41559211567, -20.23396199762, 0, 0
-1.08611405768, 92.16825922773, -22.70843941221, -47.94005635640, 83.41559105944, -20.23396357098, 0, 0
-1.08611405768, 92.16825922773, -22.70843941221, -47.94005635640, 83.41559105944, -20.23396357098, 0, 0
